datetime,symbol,close_price,trend_ok,regime_ok,rsi_ok,macd_ok,volume_ok,sr_ok,verdict,atr
2026-08-04 13:42,RELIANCE.NS,1290.9,False,False,True,True,False,False,SKIP,21.7785
2026-08-04 13:42,TCS.NS,2460.0,True,False,True,True,False,False,SKIP,67.9486
2026-08-04 13:42,HDFCBANK.NS,742.0,False,False,False,False,False,True,SKIP,13.9109
2026-08-04 13:42,ICICIBANK.NS,1454.6,True,False,True,False,False,False,SKIP,24.5216
2026-08-04 13:42,INFY.NS,1167.5,True,False,True,True,False,False,SKIP,35.3672
2026-08-04 13:42,HINDUNILVR.NS,2096.5,False,False,True,False,False,False,SKIP,49.4104
2026-08-04 13:42,ITC.NS,289.0,True,False,True,True,False,False,SKIP,4.9248
2026-08-04 13:42,SBIN.NS,1042.7,True,False,True,True,False,False,SKIP,17.9632
2026-08-04 13:42,BHARTIARTL.NS,1970.1,True,False,True,True,False,False,SKIP,32.4861
2026-08-04 13:42,KOTAKBANK.NS,398.0,True,False,True,True,False,False,SKIP,7.7265
2026-08-04 13:42,LT.NS,3990.0,True,False,True,True,False,False,SKIP,68.8085
2026-08-04 13:43,AXISBANK.NS,1261.8,False,False,True,True,False,False,SKIP,26.2566
2026-08-04 13:43,BAJFINANCE.NS,1149.0,True,False,False,True,False,False,SKIP,29.6936
2026-08-04 13:43,ASIANPAINT.NS,2775.0,True,False,True,True,False,False,SKIP,61.3754
2026-08-04 13:43,MARUTI.NS,14168.0,True,False,True,True,True,False,SKIP,307.1326
2026-08-04 13:43,SUNPHARMA.NS,1964.0,True,False,True,False,False,False,SKIP,34.3846
2026-08-04 13:43,TITAN.NS,4935.0,True,False,False,True,True,False,SKIP,75.1463
2026-08-04 13:43,ULTRACEMCO.NS,12050.0,True,False,True,True,False,False,SKIP,203.2956
2026-08-04 13:43,WIPRO.NS,186.3,True,False,True,True,False,False,SKIP,4.1312
2026-08-04 13:43,NESTLEIND.NS,1520.0,True,False,True,True,True,False,SKIP,36.8875
2026-08-04 13:43,ONGC.NS,242.0,False,False,True,False,False,False,SKIP,4.4125
2026-08-04 13:43,NTPC.NS,343.65,False,False,True,True,False,True,SKIP,6.1975
2026-08-04 13:43,POWERGRID.NS,283.4,False,False,True,True,False,True,SKIP,5.2464
2026-08-04 13:43,TATASTEEL.NS,190.95,False,False,True,True,False,False,SKIP,3.7384
2026-08-04 13:43,M&M.NS,3433.0,True,False,True,True,False,False,SKIP,84.5227
2026-08-04 13:43,ADANIENT.NS,3050.0,True,False,True,False,False,False,SKIP,71.8996
2026-08-04 13:43,ADANIPORTS.NS,1706.7,False,False,False,False,False,False,SKIP,39.7243
2026-08-04 13:43,JSWSTEEL.NS,1300.0,True,False,True,True,False,False,SKIP,25.233
2026-08-04 13:43,HCLTECH.NS,1369.9,True,False,False,True,False,False,SKIP,36.0527
2026-08-04 13:43,BAJAJFINSV.NS,2105.0,True,False,False,True,True,False,SKIP,46.1942
2026-08-04 13:43,COALINDIA.NS,417.6,False,False,True,True,False,False,SKIP,7.0543
2026-08-04 13:43,GRASIM.NS,3138.0,True,False,True,True,True,False,SKIP,65.5251
2026-08-04 13:43,TECHM.NS,1648.5,True,False,False,True,False,False,SKIP,43.5188
2026-08-04 13:43,DRREDDY.NS,1172.6,False,False,False,False,False,False,SKIP,28.1688
2026-08-04 13:43,CIPLA.NS,1460.0,True,False,True,True,False,False,SKIP,30.8006
2026-08-04 13:43,EICHERMOT.NS,7935.0,True,False,True,True,False,False,SKIP,162.5276
2026-08-04 13:43,BRITANNIA.NS,5478.0,True,False,True,True,True,False,SKIP,102.3684
2026-08-04 13:43,APOLLOHOSP.NS,9050.0,True,False,True,False,False,False,SKIP,145.1684
2026-08-04 13:43,DIVISLAB.NS,8378.0,True,True,False,True,True,False,SKIP,187.5385
2026-08-04 13:43,HEROMOTOCO.NS,5548.0,True,False,False,True,True,False,SKIP,112.7772
2026-08-04 13:43,BPCL.NS,324.0,True,False,True,True,False,False,SKIP,7.7701
2026-08-04 13:43,HINDALCO.NS,1020.0,True,False,True,True,True,False,SKIP,20.6207
2026-08-04 13:43,SBILIFE.NS,1899.0,True,False,True,True,True,False,SKIP,39.9301
2026-08-04 13:43,HDFCLIFE.NS,535.95,False,False,False,False,True,True,SKIP,11.9299
2026-08-04 13:43,INDUSINDBK.NS,1026.0,True,False,True,False,False,False,SKIP,23.7541
2026-08-04 13:43,BAJAJ-AUTO.NS,11600.0,True,False,True,True,False,False,SKIP,255.4354
2026-08-04 13:43,SHRIRAMFIN.NS,1087.3,True,False,True,True,False,False,SKIP,29.8217
2026-08-04 13:43,TATACONSUM.NS,1092.0,False,False,True,True,True,True,SKIP,24.8466
2026-08-04 13:43,UPL.NS,581.9,False,False,True,False,True,True,SKIP,16.4232
2026-08-05 12:12,RELIANCE.NS,1280.0,False,False,True,True,True,False,SKIP,22.2872
2026-08-05 12:12,TCS.NS,2413.0,True,False,True,True,False,False,SKIP,66.8737
2026-08-05 12:12,HDFCBANK.NS,735.0,False,False,False,False,True,True,SKIP,13.5887
2026-08-05 12:12,ICICIBANK.NS,1450.1,True,False,True,False,False,False,SKIP,24.4415
2026-08-05 12:12,INFY.NS,1174.0,True,False,True,True,False,False,SKIP,33.9267
2026-08-05 12:12,HINDUNILVR.NS,2085.3,False,False,True,False,False,False,SKIP,47.5668
2026-08-05 12:12,ITC.NS,286.95,True,False,True,True,False,False,SKIP,4.8588
2026-08-05 12:12,SBIN.NS,1055.0,True,False,True,True,False,False,SKIP,17.7301
2026-08-05 12:12,BHARTIARTL.NS,1978.0,True,False,True,True,True,False,SKIP,35.8228
2026-08-05 12:12,KOTAKBANK.NS,400.0,True,False,True,True,False,False,SKIP,7.331
2026-08-05 12:12,LT.NS,4057.0,True,False,True,True,False,False,SKIP,69.8936
2026-08-05 12:12,AXISBANK.NS,1253.9,False,False,True,True,False,False,SKIP,25.5811
2026-08-05 12:12,BAJFINANCE.NS,1158.8,True,False,False,True,False,False,SKIP,29.0654
2026-08-05 12:12,ASIANPAINT.NS,2760.0,True,False,True,True,False,False,SKIP,58.6674
2026-08-05 12:12,MARUTI.NS,14190.0,True,False,True,True,False,False,SKIP,292.566
2026-08-05 12:12,SUNPHARMA.NS,1940.0,True,False,True,False,False,False,SKIP,34.3714
2026-08-05 12:12,TITAN.NS,4912.4,True,True,False,True,False,False,SKIP,82.3434
2026-08-05 12:12,ULTRACEMCO.NS,12190.0,True,False,False,True,False,False,SKIP,204.6823
2026-08-05 12:12,WIPRO.NS,186.99,True,False,True,True,False,False,SKIP,4.0125
2026-08-05 12:12,NESTLEIND.NS,1520.0,True,False,True,True,False,False,SKIP,36.8598
2026-08-05 12:12,ONGC.NS,240.2,False,False,True,False,True,True,SKIP,4.518
2026-08-05 12:12,NTPC.NS,349.9,False,False,True,True,True,False,SKIP,6.2655
2026-08-05 12:12,POWERGRID.NS,281.75,False,False,True,False,False,True,SKIP,5.1538
2026-08-05 12:12,TATASTEEL.NS,192.99,True,False,True,True,False,False,SKIP,3.6964
2026-08-05 12:12,M&M.NS,3455.4,True,False,True,True,False,False,SKIP,82.2568
2026-08-05 12:12,ADANIENT.NS,3050.0,True,False,True,False,False,False,SKIP,70.2353
2026-08-05 12:12,ADANIPORTS.NS,1700.0,False,False,False,False,False,False,SKIP,38.5012
2026-08-05 12:12,JSWSTEEL.NS,1330.0,True,False,False,True,True,False,SKIP,26.7378
2026-08-05 12:12,HCLTECH.NS,1350.0,True,False,True,True,False,False,SKIP,36.1847
2026-08-05 12:12,BAJAJFINSV.NS,2086.0,True,False,False,True,True,False,SKIP,45.9232
2026-08-05 12:12,COALINDIA.NS,415.5,False,False,True,True,False,False,SKIP,6.9719
2026-08-05 12:12,GRASIM.NS,3224.0,True,False,True,True,True,False,SKIP,67.1296
2026-08-05 12:12,TECHM.NS,1650.0,True,False,False,True,False,False,SKIP,42.2532
2026-08-05 12:12,DRREDDY.NS,1176.0,False,False,False,True,False,False,SKIP,27.6353
2026-08-05 12:12,CIPLA.NS,1458.8,True,False,True,True,False,False,SKIP,29.9934
2026-08-05 12:12,EICHERMOT.NS,7986.5,True,False,True,True,False,False,SKIP,159.0256
2026-08-05 12:12,BRITANNIA.NS,5440.0,True,False,True,True,True,False,SKIP,100.8373
2026-08-05 12:12,APOLLOHOSP.NS,8910.0,True,False,True,False,False,False,SKIP,150.1505
2026-08-05 12:12,DIVISLAB.NS,8388.0,True,True,False,True,False,False,SKIP,199.7699
2026-08-05 12:12,HEROMOTOCO.NS,5690.0,True,False,False,True,True,False,SKIP,115.936
2026-08-05 12:12,BPCL.NS,326.25,True,False,True,True,False,False,SKIP,7.5115
2026-08-05 12:12,HINDALCO.NS,1040.0,True,False,True,True,False,False,SKIP,20.8224
2026-08-05 12:12,SBILIFE.NS,1879.9,True,False,True,True,False,False,SKIP,39.445
2026-08-05 12:12,HDFCLIFE.NS,545.0,False,False,True,False,True,False,SKIP,11.8385
2026-08-05 12:12,INDUSINDBK.NS,1019.0,True,False,True,False,False,False,SKIP,23.5729
2026-08-05 12:12,BAJAJ-AUTO.NS,11800.0,True,True,False,True,False,False,SKIP,252.7395
2026-08-05 12:12,SHRIRAMFIN.NS,1122.4,True,False,True,True,False,False,SKIP,30.1987
2026-08-05 12:12,TATACONSUM.NS,1096.3,False,False,True,True,False,False,SKIP,24.029
2026-08-05 12:12,UPL.NS,577.25,False,False,True,False,True,True,SKIP,15.7858
2026-08-06 12:16,RELIANCE.NS,1322.4,True,False,True,True,False,False,SKIP,23.9238
2026-08-06 12:16,TCS.NS,2391.3,True,False,True,True,False,False,SKIP,65.347
2026-08-06 12:16,HDFCBANK.NS,736.15,False,False,False,False,False,True,SKIP,13.1145
2026-08-06 12:16,ICICIBANK.NS,1454.4,True,False,True,False,False,False,SKIP,23.51
2026-08-06 12:16,INFY.NS,1167.4,True,False,True,True,False,False,SKIP,32.9034
2026-08-06 12:16,HINDUNILVR.NS,2083.1,False,False,True,False,False,False,SKIP,45.512
2026-08-06 12:16,ITC.NS,284.5,False,False,True,True,False,False,SKIP,4.7439
2026-08-06 12:16,SBIN.NS,1063.1,True,False,True,True,False,False,SKIP,17.3137
2026-08-06 12:16,BHARTIARTL.NS,1961.4,True,False,True,True,False,False,SKIP,34.9069
2026-08-06 12:16,KOTAKBANK.NS,396.15,True,False,True,True,False,False,SKIP,7.3594
2026-08-06 12:16,LT.NS,4060.0,True,False,True,True,False,False,SKIP,66.687
2026-08-06 12:16,AXISBANK.NS,1257.3,False,False,True,True,False,False,SKIP,24.5825
2026-08-06 12:16,BAJFINANCE.NS,1150.7,True,False,False,True,False,False,SKIP,28.1036
2026-08-06 12:16,ASIANPAINT.NS,2750.0,True,False,True,True,False,False,SKIP,58.5323
2026-08-06 12:16,MARUTI.NS,14018.0,True,False,True,True,False,False,SKIP,288.7214
2026-08-06 12:16,SUNPHARMA.NS,1952.7,True,False,True,False,False,False,SKIP,34.4806
2026-08-06 12:16,TITAN.NS,4975.1,True,True,False,True,False,False,SKIP,85.1117
2026-08-06 12:16,ULTRACEMCO.NS,12098.0,True,False,True,True,False,False,SKIP,201.061
2026-08-06 12:16,WIPRO.NS,185.55,True,False,True,True,False,False,SKIP,3.9281
2026-08-06 12:16,NESTLEIND.NS,1519.8,True,False,True,True,False,False,SKIP,35.4127
2026-08-06 12:16,ONGC.NS,236.93,False,False,False,False,False,True,SKIP,4.5453
2026-08-06 12:16,NTPC.NS,343.65,False,False,True,True,False,True,SKIP,6.3001
2026-08-06 12:16,POWERGRID.NS,271.8,False,False,False,False,True,True,SKIP,5.5893
2026-08-06 12:16,TATASTEEL.NS,190.4,False,False,True,True,False,False,SKIP,3.6788
2026-08-06 12:16,M&M.NS,3421.3,True,False,True,True,False,False,SKIP,79.3313
2026-08-06 12:16,ADANIENT.NS,3041.9,True,False,True,False,False,False,SKIP,67.8185
2026-08-06 12:16,ADANIPORTS.NS,1697.2,False,False,False,False,False,False,SKIP,37.1939
2026-08-06 12:16,JSWSTEEL.NS,1315.3,True,False,True,True,False,False,SKIP,26.2851
2026-08-06 12:16,HCLTECH.NS,1340.0,True,False,True,True,False,False,SKIP,35.7929
2026-08-06 12:16,BAJAJFINSV.NS,2084.1,True,False,False,True,False,False,SKIP,44.7358
2026-08-06 12:16,COALINDIA.NS,413.45,False,False,False,True,False,False,SKIP,6.7025
2026-08-06 12:16,GRASIM.NS,3191.2,True,False,True,True,False,False,SKIP,65.8247
2026-08-06 12:16,TECHM.NS,1646.7,True,False,False,True,False,False,SKIP,40.9494
2026-08-06 12:16,DRREDDY.NS,1167.7,False,False,False,True,False,False,SKIP,26.5899
2026-08-06 12:16,CIPLA.NS,1477.5,True,False,True,True,False,False,SKIP,29.9438
2026-08-06 12:16,EICHERMOT.NS,7929.5,True,False,True,True,False,False,SKIP,155.881
2026-08-06 12:16,BRITANNIA.NS,5374.5,True,False,True,True,False,False,SKIP,99.4197
2026-08-06 12:16,APOLLOHOSP.NS,8918.0,True,False,True,False,False,False,SKIP,147.9258
2026-08-06 12:16,DIVISLAB.NS,8397.0,True,True,False,True,False,False,SKIP,190.8578
2026-08-06 12:16,HEROMOTOCO.NS,5612.0,True,False,False,True,False,False,SKIP,118.3334
2026-08-06 12:16,BPCL.NS,325.25,True,False,True,True,False,False,SKIP,7.2821
2026-08-06 12:16,HINDALCO.NS,1018.9,True,False,True,True,False,False,SKIP,21.6836
2026-08-06 12:16,SBILIFE.NS,1865.0,True,False,True,True,False,False,SKIP,39.284
2026-08-06 12:16,HDFCLIFE.NS,542.3,False,False,True,False,False,False,SKIP,11.4714
2026-08-06 12:16,INDUSINDBK.NS,1024.4,True,False,True,False,False,False,SKIP,23.4834
2026-08-06 12:16,BAJAJ-AUTO.NS,11607.0,True,True,True,True,False,False,SKIP,248.6968
2026-08-06 12:16,SHRIRAMFIN.NS,1144.3,True,False,False,True,True,False,SKIP,30.4488
2026-08-06 12:16,TATACONSUM.NS,1097.3,False,False,True,True,False,False,SKIP,23.4555
2026-08-06 12:16,UPL.NS,577.05,False,False,True,False,False,True,SKIP,15.2797
2026-08-07 01:14,360ONE.NS,1186.0,True,False,True,True,False,False,SKIP,32.1361
2026-08-07 01:14,3MINDIA.NS,,False,False,True,False,False,False,SKIP,909.5445
2026-08-07 01:14,ABB.NS,7645.0,True,False,True,True,False,False,SKIP,221.5761
2026-08-07 01:14,ACC.NS,1378.4,True,False,True,True,False,False,SKIP,30.731
2026-08-07 01:14,ACMESOLAR.NS,375.45,True,False,True,False,False,False,SKIP,14.4513
2026-08-07 01:14,AIAENG.NS,4795.4,True,False,True,True,True,False,SKIP,146.4293
2026-08-07 01:14,APLAPOLLO.NS,,False,False,True,True,True,False,SKIP,48.8809
2026-08-07 01:14,AUBANK.NS,1087.6,True,False,True,True,True,False,SKIP,28.9259
2026-08-07 01:14,AWL.NS,197.38,True,False,True,True,True,False,SKIP,5.2054
2026-08-07 01:14,AADHARHFC.NS,,False,False,True,False,False,False,SKIP,14.5931
2026-08-07 01:14,AARTIIND.NS,,False,False,True,False,True,False,SKIP,14.8445
2026-08-07 01:14,AAVAS.NS,,False,False,True,False,False,False,SKIP,45.8857
2026-08-07 01:14,ABBOTINDIA.NS,,False,True,True,False,False,False,SKIP,433.0456
2026-08-07 01:14,ACE.NS,,False,True,True,True,False,False,SKIP,39.0324
2026-08-07 01:14,ACUTAAS.NS,,False,False,True,False,False,False,SKIP,151.2734
2026-08-07 01:14,ADANIENSOL.NS,1620.0,True,False,True,False,False,True,SKIP,49.2268
2026-08-07 01:14,ADANIENT.NS,3026.0,True,False,True,False,False,True,SKIP,68.5542
2026-08-07 01:14,ADANIGREEN.NS,1371.5,False,False,False,False,False,True,SKIP,45.3882
2026-08-07 01:14,ADANIPORTS.NS,1695.0,False,False,False,False,False,False,SKIP,37.1939
2026-08-07 01:14,ADANIPOWER.NS,208.12,False,False,False,False,False,True,SKIP,5.4537
2026-08-07 01:14,ATGL.NS,660.25,False,False,True,False,False,True,SKIP,19.0895
2026-08-07 01:14,ABCAPITAL.NS,421.5,True,False,True,True,False,False,SKIP,11.0332
2026-08-07 01:14,ABFRL.NS,63.26,True,False,True,True,True,False,SKIP,2.0177
2026-08-07 01:14,ABLBL.NS,94.16,False,False,True,True,False,False,SKIP,2.2603
2026-08-07 01:14,ABREL.NS,1390.8,True,False,True,False,False,True,SKIP,45.2646
2026-08-07 01:14,ABSLAMC.NS,,False,False,True,False,False,False,SKIP,35.9035
2026-08-07 01:14,CPPLUS.NS,3656.2,True,False,True,False,False,False,SKIP,152.4391
2026-08-07 01:14,AEGISLOG.NS,1400.0,True,False,True,False,True,False,SKIP,77.9786
2026-08-07 01:14,AEGISVOPAK.NS,288.7,True,True,True,False,True,False,SKIP,14.8353
2026-08-07 01:14,AFCONS.NS,278.75,False,False,False,True,False,False,SKIP,8.8025
2026-08-07 01:14,AFFLE.NS,,False,False,True,True,False,False,SKIP,55.1397
2026-08-07 01:14,AJANTPHARM.NS,,False,True,True,False,False,False,SKIP,104.7705
2026-08-07 01:14,ALKEM.NS,5587.5,True,False,True,False,False,True,SKIP,116.2614
2026-08-07 01:14,ABDL.NS,,False,False,True,False,False,False,SKIP,23.1302
2026-08-07 01:14,ARE&M.NS,,False,False,True,True,False,False,SKIP,25.9645
2026-08-07 01:14,AMBER.NS,7425.0,False,False,True,False,False,False,SKIP,200.8439
2026-08-07 01:14,AMBUJACEM.NS,436.5,True,False,True,True,True,False,SKIP,11.0728
2026-08-07 01:14,ANANDRATHI.NS,,False,False,True,False,True,False,SKIP,48.455
2026-08-07 01:14,ANANTRAJ.NS,,False,False,True,True,False,False,SKIP,19.5869
2026-08-07 01:14,ANGELONE.NS,297.1,False,False,False,False,False,True,SKIP,9.1986
2026-08-07 01:14,ANTHEM.NS,825.65,True,False,True,True,False,False,SKIP,23.6467
2026-08-07 01:14,ANURAS.NS,1213.0,False,True,False,False,False,True,SKIP,21.7354
2026-08-07 01:14,APARINDS.NS,16126.0,True,False,True,True,True,False,SKIP,667.1984
2026-08-07 01:14,APOLLOHOSP.NS,8974.5,True,False,True,False,True,False,SKIP,149.0683
2026-08-07 01:14,APOLLOTYRE.NS,,False,False,True,True,True,False,SKIP,10.0462
2026-08-07 01:14,APTUS.NS,,False,False,False,False,False,False,SKIP,9.0835
2026-08-07 01:14,ASAHIINDIA.NS,,False,False,True,True,True,False,SKIP,23.6914
2026-08-07 01:14,ASHOKLEY.NS,177.5,True,False,False,True,False,False,SKIP,4.5459
2026-08-07 01:14,ASIANPAINT.NS,2755.0,True,False,True,True,False,False,SKIP,57.7912
2026-08-07 01:14,ASTERDM.NS,,False,False,True,True,True,False,SKIP,23.1311
2026-08-07 01:14,ASTRAL.NS,,False,False,True,True,False,False,SKIP,35.8636
2026-08-07 01:14,ATHERENERG.NS,1453.2,True,True,False,True,False,False,SKIP,64.0109
2026-08-07 01:14,ATUL.NS,,False,False,True,True,False,False,SKIP,191.0935
2026-08-07 01:14,AUROPHARMA.NS,1588.9,True,False,True,True,True,False,SKIP,40.376
2026-08-07 01:14,AIIL.NS,596.2,True,True,True,True,True,False,TAKE,23.2467
2026-08-07 01:14,DMART.NS,3931.2,False,False,True,True,False,False,SKIP,95.3407
2026-08-07 01:14,AXISBANK.NS,1256.0,False,False,True,True,False,False,SKIP,24.5825
2026-08-07 01:14,BEML.NS,1725.1,False,False,True,False,True,False,SKIP,51.5214
2026-08-07 01:14,BLS.NS,,False,False,True,True,True,False,SKIP,7.6433
2026-08-07 01:14,BSE.NS,3435.0,False,False,False,False,True,True,SKIP,103.7353
2026-08-07 01:14,BAJAJ-AUTO.NS,11620.0,True,True,True,True,False,False,SKIP,252.6153
2026-08-07 01:14,BAJFINANCE.NS,1144.8,True,True,False,True,False,False,SKIP,28.1036
2026-08-07 01:14,BAJAJFINSV.NS,,False,True,False,True,True,False,SKIP,45.9232
2026-08-07 01:14,BAJAJHLDNG.NS,,False,False,True,True,False,False,SKIP,257.7955
2026-08-07 01:14,BAJAJHFL.NS,86.41,False,False,True,True,False,False,SKIP,1.6066
2026-08-07 01:14,BALKRISIND.NS,2465.7,True,False,False,True,False,False,SKIP,92.3168
2026-08-07 01:14,BALRAMCHIN.NS,629.3,True,True,True,True,False,False,SKIP,22.7134
2026-08-07 01:14,BANDHANBNK.NS,174.66,False,False,False,False,True,False,SKIP,6.8113
2026-08-07 01:14,BANKBARODA.NS,251.0,False,False,True,True,False,False,SKIP,5.6301
2026-08-07 01:14,BANKINDIA.NS,142.66,True,False,True,True,False,False,SKIP,3.4706
2026-08-07 01:14,MAHABANK.NS,78.17,False,False,True,False,False,True,SKIP,2.1249
2026-08-07 01:14,BATAINDIA.NS,,False,False,True,True,False,False,SKIP,20.3356
2026-08-07 01:14,BAYERCROP.NS,,False,False,True,True,True,False,SKIP,76.3985
2026-08-07 01:14,BELRISE.NS,244.61,True,False,True,True,False,False,SKIP,6.9256
2026-08-07 01:14,BERGEPAINT.NS,,False,False,True,True,True,False,SKIP,15.6053
2026-08-07 01:14,BDL.NS,1299.0,True,False,True,True,True,False,SKIP,34.463
2026-08-07 01:14,BEL.NS,399.2,False,False,True,False,True,False,SKIP,7.4545
2026-08-07 01:14,BHARATFORG.NS,2210.0,True,False,True,False,False,False,SKIP,48.1663
2026-08-07 01:14,BHEL.NS,408.15,True,False,True,False,False,False,SKIP,11.713
2026-08-07 01:14,BPCL.NS,323.7,True,False,True,True,False,False,SKIP,7.2821
2026-08-07 01:14,BHARTIARTL.NS,1948.0,True,False,True,True,False,False,SKIP,35.6712
2026-08-07 01:14,BHARTIHEXA.NS,1514.5,False,False,True,False,True,True,SKIP,47.5586
2026-08-07 01:14,BIKAJI.NS,624.25,False,False,False,True,True,True,SKIP,15.0079
2026-08-07 01:14,GROWW.NS,189.04,False,False,False,False,False,True,SKIP,6.1489
2026-08-07 01:14,BIOCON.NS,436.6,True,False,True,False,True,False,SKIP,10.5923
2026-08-07 01:14,BSOFT.NS,318.25,True,False,True,True,False,False,SKIP,11.8332
2026-08-07 01:14,BLUEDART.NS,,False,False,True,True,False,False,SKIP,151.8638
2026-08-07 01:14,BLUEJET.NS,587.9,True,False,True,False,True,True,SKIP,26.3796
2026-08-07 01:14,BLUESTARCO.NS,1571.0,False,False,False,False,True,True,SKIP,54.4918
2026-08-07 01:14,BBTC.NS,1498.0,False,False,True,True,False,False,SKIP,29.5545
2026-08-07 01:14,BOSCHLTD.NS,42000.0,True,False,True,True,False,False,SKIP,984.1261
2026-08-07 01:14,FIRSTCRY.NS,213.89,False,False,True,True,False,False,SKIP,5.1186
2026-08-07 01:14,BRIGADE.NS,,False,False,True,True,False,False,SKIP,17.692
2026-08-07 01:14,BRITANNIA.NS,,False,False,True,True,True,False,SKIP,100.8373
2026-08-07 01:14,MAPMYINDIA.NS,1070.7,True,False,True,False,False,True,SKIP,60.4248
2026-08-07 01:14,CCL.NS,1131.2,False,False,False,False,False,True,SKIP,35.1487
2026-08-07 01:14,CESC.NS,162.48,False,False,True,True,False,False,SKIP,3.3504
2026-08-07 01:14,CGPOWER.NS,876.0,False,False,True,True,False,False,SKIP,29.4628
2026-08-07 01:14,CIEINDIA.NS,410.3,False,False,False,False,False,True,SKIP,12.9736
2026-08-07 01:14,CRISIL.NS,4550.6,True,False,True,True,False,False,SKIP,125.0152
2026-08-07 01:14,CANFINHOME.NS,,False,False,False,False,False,False,SKIP,21.5015
2026-08-07 01:14,CANBK.NS,131.7,True,False,True,True,False,False,SKIP,2.8502
2026-08-07 01:14,CANHLIFE.NS,,False,True,True,False,False,False,SKIP,5.6383
2026-08-07 01:14,CAPLIPOINT.NS,,False,False,True,False,False,False,SKIP,88.2602
2026-08-07 01:14,CGCL.NS,241.07,True,True,True,False,False,False,SKIP,9.7739
2026-08-07 01:14,CARBORUNIV.NS,,False,False,True,True,False,False,SKIP,36.2631
2026-08-07 01:14,CARTRADE.NS,2788.4,True,True,True,False,False,False,SKIP,132.3961
2026-08-07 01:14,CASTROLIND.NS,194.17,True,True,False,True,True,False,SKIP,2.3061
2026-08-07 01:14,CEATLTD.NS,,False,False,True,True,False,False,SKIP,108.9016
2026-08-07 01:14,CEMPRO.NS,1245.8,False,True,False,False,False,True,SKIP,65.6923
2026-08-07 01:14,CENTRALBK.NS,,False,False,True,False,False,False,SKIP,0.6386
2026-08-07 01:14,CDSL.NS,1331.0,True,False,True,False,False,True,SKIP,30.8984
2026-08-07 01:14,CHALET.NS,,False,False,True,False,True,False,SKIP,24.5345
2026-08-07 01:14,CHAMBLFERT.NS,,False,False,True,True,False,False,SKIP,10.5067
2026-08-07 01:14,CHENNPETRO.NS,1238.3,True,False,True,True,False,False,SKIP,58.0837
2026-08-07 01:14,CHOICEIN.NS,,False,False,True,False,False,False,SKIP,16.9487
2026-08-07 01:14,CHOLAHLDNG.NS,1646.7,True,False,True,True,False,False,SKIP,46.3223
2026-08-07 01:14,CHOLAFIN.NS,,False,False,True,True,True,False,SKIP,54.9907
2026-08-07 01:14,CIPLA.NS,1477.0,True,False,True,True,False,False,SKIP,29.9438
2026-08-07 01:14,CUB.NS,208.39,False,False,True,False,False,True,SKIP,8.3157
2026-08-07 01:14,CLEAN.NS,,False,False,True,True,False,False,SKIP,25.6776
2026-08-07 01:14,COALINDIA.NS,415.6,False,False,True,True,False,False,SKIP,6.731
2026-08-07 01:14,COCHINSHIP.NS,1490.0,True,False,True,True,True,False,SKIP,35.6306
2026-08-07 01:14,COFORGE.NS,1772.8,True,False,False,True,False,False,SKIP,56.7065
2026-08-07 01:14,COHANCE.NS,,False,False,True,False,True,False,SKIP,14.4102
2026-08-07 01:14,COLPAL.NS,2028.4,False,False,True,False,False,True,SKIP,52.8832
2026-08-07 01:14,CAMS.NS,799.45,True,False,True,True,False,False,SKIP,21.0959
2026-08-07 01:14,CONCORDBIO.NS,,False,False,True,True,False,False,SKIP,50.5993
2026-08-07 01:14,CONCOR.NS,512.0,True,False,True,True,False,False,SKIP,12.8112
2026-08-07 01:14,COROMANDEL.NS,,False,False,True,True,False,False,SKIP,54.3481
2026-08-07 01:14,CRAFTSMAN.NS,,False,True,False,True,False,False,SKIP,323.6483
2026-08-07 01:14,CREDITACC.NS,,False,False,True,False,False,False,SKIP,52.3816
2026-08-07 01:14,CROMPTON.NS,270.0,True,False,True,True,False,False,SKIP,7.3309
2026-08-07 01:14,CUMMINSIND.NS,5402.0,False,False,True,False,True,False,SKIP,148.825
2026-08-07 01:14,CYIENT.NS,854.9,False,False,True,True,False,False,SKIP,24.2536
2026-08-07 01:14,DCMSHRIRAM.NS,,False,False,True,True,False,False,SKIP,35.1711
2026-08-07 01:14,DLF.NS,642.0,True,False,True,False,False,False,SKIP,18.3678
2026-08-07 01:14,DOMS.NS,,False,False,True,False,False,False,SKIP,63.0666
2026-08-07 01:14,DABUR.NS,411.3,False,False,False,False,False,True,SKIP,9.0927
2026-08-07 01:14,DALBHARAT.NS,,False,False,True,False,False,False,SKIP,46.7275
2026-08-07 01:14,DATAPATTNS.NS,4392.6,True,False,True,True,False,False,SKIP,207.4977
2026-08-07 01:14,DEEPAKFERT.NS,1559.0,True,False,True,False,False,False,SKIP,62.386
2026-08-07 01:14,DEEPAKNTR.NS,,False,False,True,True,False,False,SKIP,54.5014
2026-08-07 01:14,DELHIVERY.NS,463.6,False,False,True,False,False,True,SKIP,13.7728
2026-08-07 01:14,DEVYANI.NS,,False,False,True,True,False,False,SKIP,4.4962
2026-08-07 01:14,DIVISLAB.NS,8349.0,True,True,False,True,False,False,SKIP,198.3221
2026-08-07 01:14,DIXON.NS,,False,False,True,False,False,False,SKIP,440.271
2026-08-07 01:14,LALPATHLAB.NS,1928.0,True,True,False,True,False,False,SKIP,62.2594
2026-08-07 01:14,DRREDDY.NS,1171.0,False,True,False,True,False,False,SKIP,26.5899
2026-08-07 01:14,EIDPARRY.NS,809.85,True,False,True,True,False,False,SKIP,21.2171
2026-08-07 01:14,EIHOTEL.NS,,False,False,True,False,False,False,SKIP,8.2965
2026-08-07 01:14,EICHERMOT.NS,,False,False,True,True,False,False,SKIP,159.0256
2026-08-07 01:14,ELECON.NS,450.45,False,False,True,True,True,False,SKIP,16.7398
2026-08-07 01:14,ELGIEQUIP.NS,,False,False,True,True,False,False,SKIP,16.7784
2026-08-07 01:14,EMAMILTD.NS,409.0,False,False,True,False,True,False,SKIP,11.6324
2026-08-07 01:14,EMCURE.NS,1936.7,True,False,True,True,True,False,SKIP,56.1553
2026-08-07 01:14,EMMVEE.NS,,False,False,True,False,False,False,SKIP,13.1106
2026-08-07 01:14,ENDURANCE.NS,,False,False,True,True,False,False,SKIP,83.5059
2026-08-07 01:14,ENGINERSIN.NS,242.39,True,False,True,True,True,False,SKIP,7.0911
2026-08-07 01:14,ERIS.NS,,False,False,True,False,False,False,SKIP,40.5108
2026-08-07 01:14,ESCORTS.NS,,False,False,True,True,False,False,SKIP,67.2684
2026-08-07 01:14,ETERNAL.NS,316.25,True,True,True,True,False,False,SKIP,9.3621
2026-08-07 01:14,EXIDEIND.NS,,False,True,True,True,False,False,SKIP,15.6789
2026-08-07 01:14,NYKAA.NS,331.95,True,True,True,False,False,False,SKIP,8.4918
2026-08-07 01:14,FEDERALBNK.NS,353.55,True,True,True,False,False,False,SKIP,7.4298
2026-08-07 01:14,FACT.NS,,False,False,True,True,False,False,SKIP,21.554
2026-08-07 01:14,FINCABLES.NS,,False,False,True,True,True,False,SKIP,30.9245
2026-08-07 01:14,FSL.NS,293.95,True,False,True,True,True,False,SKIP,16.4259
2026-08-07 01:14,FIVESTAR.NS,553.25,True,False,True,False,False,False,SKIP,18.2954
2026-08-07 01:14,FORCEMOT.NS,18690.0,True,False,True,True,False,False,SKIP,574.9527
2026-08-07 01:14,FORTIS.NS,920.0,False,False,False,False,False,True,SKIP,19.0425
2026-08-07 01:14,GAIL.NS,176.4,True,False,True,True,True,False,SKIP,4.1994
2026-08-07 01:14,GVT&D.NS,4366.7,False,False,True,True,True,False,SKIP,199.5903
2026-08-07 01:14,GMRAIRPORT.NS,,False,False,True,False,False,False,SKIP,2.3762
2026-08-07 01:14,GABRIEL.NS,,False,True,False,True,False,False,SKIP,66.5995
2026-08-07 01:14,GALLANTT.NS,615.35,False,False,True,True,False,False,SKIP,29.6724
2026-08-07 01:14,GRSE.NS,2599.4,False,False,True,False,True,False,SKIP,70.2969
2026-08-07 01:14,GICRE.NS,358.85,False,False,True,True,True,True,SKIP,5.5811
2026-08-07 01:14,GILLETTE.NS,7694.0,False,False,True,False,False,True,SKIP,156.3537
2026-08-07 01:14,GLAND.NS,2608.3,True,True,True,True,False,False,SKIP,77.5783
2026-08-07 01:14,GLAXO.NS,,False,True,True,True,False,False,SKIP,72.4389
2026-08-07 01:14,GLENMARK.NS,2270.0,True,False,True,True,False,False,SKIP,57.8598
2026-08-07 01:14,MEDANTA.NS,1444.3,True,False,True,True,True,False,SKIP,41.3555
2026-08-07 01:14,GODIGIT.NS,,False,False,True,True,False,False,SKIP,10.9985
2026-08-07 01:14,GPIL.NS,244.76,False,False,True,True,True,False,SKIP,7.5382
2026-08-07 01:14,GODFRYPHLP.NS,2290.0,True,False,True,True,False,False,SKIP,79.7062
2026-08-07 01:14,GODREJCP.NS,1077.3,True,False,True,False,False,False,SKIP,23.2146
2026-08-07 01:14,GODREJIND.NS,,False,True,True,False,False,False,SKIP,44.552
2026-08-07 01:14,GODREJPROP.NS,2081.9,True,False,True,False,False,False,SKIP,66.2715
2026-08-07 01:14,GRANULES.NS,,False,False,True,False,False,False,SKIP,26.1286
2026-08-07 01:14,GRAPHITE.NS,722.05,True,False,True,True,False,False,SKIP,26.5018
2026-08-07 01:14,GRASIM.NS,,False,False,True,True,False,False,SKIP,67.1296
2026-08-07 01:14,GRAVITA.NS,,False,False,True,False,False,False,SKIP,60.2287
2026-08-07 01:14,GESHIP.NS,1338.5,False,False,True,True,True,True,SKIP,57.9577
2026-08-07 01:14,FLUOROCHEM.NS,,False,False,True,False,False,False,SKIP,146.4484
2026-08-07 01:14,GMDCLTD.NS,596.75,True,False,True,True,True,False,SKIP,18.7599
2026-08-07 01:14,HEG.NS,,False,True,False,True,False,False,SKIP,24.9712
2026-08-07 01:14,HBLENGINE.NS,,False,False,True,True,False,False,SKIP,20.9599
2026-08-07 01:14,HCLTECH.NS,1335.0,True,False,True,True,False,False,SKIP,35.7929
2026-08-07 01:14,HDBFS.NS,674.9,False,False,False,False,False,True,SKIP,15.7995
2026-08-07 01:14,HDFCAMC.NS,2538.1,False,False,True,False,False,False,SKIP,64.7883
2026-08-07 01:14,HDFCBANK.NS,734.3,False,False,False,False,True,True,SKIP,13.1145
2026-08-07 01:14,HDFCLIFE.NS,542.5,False,False,True,False,False,False,SKIP,11.4714
2026-08-07 01:14,HFCL.NS,203.67,True,False,True,False,False,False,SKIP,10.4995
2026-08-07 01:14,HAVELLS.NS,1285.5,True,False,True,True,False,False,SKIP,25.3244
2026-08-07 01:14,HEROMOTOCO.NS,5550.5,True,True,False,True,False,False,SKIP,122.262
2026-08-07 01:14,HEXT.NS,556.0,True,False,True,False,False,True,SKIP,25.1929
2026-08-07 01:14,HSCL.NS,761.0,True,False,True,False,False,False,SKIP,29.4246
2026-08-07 01:14,HINDALCO.NS,1027.0,True,False,True,True,True,False,SKIP,21.3351
2026-08-07 01:14,HAL.NS,4920.0,True,False,False,True,True,False,SKIP,100.2637
2026-08-07 01:14,HINDCOPPER.NS,545.95,True,False,False,True,True,False,SKIP,16.1567
2026-08-07 01:14,HINDPETRO.NS,395.0,True,False,True,False,False,False,SKIP,9.7859
2026-08-07 01:14,HINDUNILVR.NS,2079.5,False,False,True,False,False,False,SKIP,45.512
2026-08-07 01:14,HINDZINC.NS,590.0,True,False,False,True,True,False,SKIP,14.3849
2026-08-07 01:14,POWERINDIA.NS,,False,False,True,True,False,False,SKIP,1077.0213
2026-08-07 01:14,HOMEFIRST.NS,1191.1,True,False,True,False,False,False,SKIP,39.7379
2026-08-07 01:14,HONASA.NS,465.65,True,False,True,False,False,False,SKIP,14.259
2026-08-07 01:14,HONAUT.NS,,False,False,True,False,False,False,SKIP,1017.2173
2026-08-07 01:14,HUDCO.NS,202.11,False,False,True,True,False,False,SKIP,5.3317
2026-08-07 01:14,HYUNDAI.NS,2212.0,True,False,False,True,False,False,SKIP,55.8038
2026-08-07 01:14,ICICIBANK.NS,1457.5,True,False,True,False,True,False,SKIP,23.5314
2026-08-07 01:14,ICICIGI.NS,,False,False,True,True,False,False,SKIP,53.9
2026-08-07 01:14,ICICIAMC.NS,3080.4,False,False,True,False,False,True,SKIP,69.5901
2026-08-07 01:14,ICICIPRULI.NS,,False,False,True,True,True,False,SKIP,12.1061
2026-08-07 01:14,IDBI.NS,84.54,True,False,True,False,False,False,SKIP,2.2424
2026-08-07 01:14,IDFCFIRSTB.NS,85.1,True,True,True,True,False,False,SKIP,1.8592
2026-08-07 01:14,IFCI.NS,74.91,True,False,True,True,False,False,SKIP,2.6721
2026-08-07 01:14,IIFL.NS,609.35,True,True,True,True,False,False,SKIP,18.7384
2026-08-07 01:14,IRB.NS,19.93,False,False,True,True,False,False,SKIP,0.407
2026-08-07 01:14,IRCON.NS,132.11,False,False,True,True,True,False,SKIP,2.959
2026-08-07 01:14,ITCHOTELS.NS,171.08,True,False,True,True,False,False,SKIP,4.7024
2026-08-07 01:14,ITC.NS,285.9,False,False,True,True,False,False,SKIP,4.7439
2026-08-07 01:14,ITI.NS,287.25,False,False,True,True,True,False,SKIP,7.0392
2026-08-07 01:14,INDGN.NS,550.2,True,False,True,True,True,False,SKIP,20.0894
2026-08-07 01:14,INDIACEM.NS,,False,False,True,False,False,False,SKIP,11.3721
2026-08-07 01:14,INDIAMART.NS,,False,False,False,False,False,False,SKIP,48.9489
2026-08-07 01:14,INDIANB.NS,877.9,True,False,True,True,False,False,SKIP,20.9445
2026-08-07 01:14,IEX.NS,128.83,True,False,True,True,False,False,SKIP,3.5009
2026-08-07 01:14,INDHOTEL.NS,736.0,True,False,True,False,False,False,SKIP,14.9548
2026-08-07 01:14,IOC.NS,142.66,True,False,True,True,False,False,SKIP,2.8508
2026-08-07 01:14,IOB.NS,34.8,True,False,True,True,False,False,SKIP,0.686
2026-08-07 01:14,IRCTC.NS,520.45,True,False,True,True,True,False,SKIP,9.3789
2026-08-07 01:14,IRFC.NS,89.29,False,False,True,True,False,False,SKIP,1.5675
2026-08-07 01:14,IREDA.NS,121.02,False,False,True,True,True,False,SKIP,2.5548
2026-08-07 01:14,IGL.NS,,False,False,True,True,False,False,SKIP,3.1807
2026-08-07 01:14,INDUSTOWER.NS,,False,False,True,False,True,False,SKIP,10.5593
2026-08-07 01:14,INDUSINDBK.NS,1016.2,True,False,True,False,False,False,SKIP,23.5249
2026-08-07 01:14,NAUKRI.NS,1240.0,True,True,True,False,False,False,SKIP,35.8062
2026-08-07 01:14,INFY.NS,1165.0,True,False,True,True,False,False,SKIP,33.1319
2026-08-07 01:14,INOXWIND.NS,78.2,False,False,True,True,False,False,SKIP,2.4018
2026-08-07 01:14,INTELLECT.NS,,False,False,True,True,False,False,SKIP,27.3738
2026-08-07 01:14,INDIGO.NS,5318.5,True,False,True,True,False,False,SKIP,136.7963
2026-08-07 01:14,IGIL.NS,360.35,True,False,True,True,False,False,SKIP,12.7647
2026-08-07 01:14,IKS.NS,1763.1,False,False,True,False,True,True,SKIP,61.0675
2026-08-07 01:14,IPCALAB.NS,,False,False,True,False,False,False,SKIP,57.3371
2026-08-07 01:14,JKCEMENT.NS,,False,False,True,False,False,False,SKIP,155.8275
2026-08-07 01:14,JBMA.NS,657.55,False,False,True,False,False,True,SKIP,17.5606
2026-08-07 01:14,JKTYRE.NS,,False,False,True,True,False,False,SKIP,11.2177
2026-08-07 01:14,JMFINANCIL.NS,129.78,True,False,True,True,True,False,SKIP,4.191
2026-08-07 01:14,JSWCEMENT.NS,132.62,True,False,True,False,False,True,SKIP,3.0941
2026-08-07 01:14,JSWDULUX.NS,,False,False,True,True,True,False,SKIP,91.3388
2026-08-07 01:14,JSWENERGY.NS,561.5,True,False,True,True,False,False,SKIP,12.56
2026-08-07 01:14,JSWINFRA.NS,327.5,True,False,True,False,False,False,SKIP,10.6427
2026-08-07 01:14,JSWSTEEL.NS,,False,False,False,True,True,False,SKIP,26.7378
2026-08-07 01:14,JAINREC.NS,315.35,False,False,False,False,False,True,SKIP,16.4239
2026-08-07 01:15,JPPOWER.NS,18.1,True,False,True,True,False,False,SKIP,0.6436
2026-08-07 01:15,J&KBANK.NS,160.08,False,False,True,False,False,False,SKIP,7.7859
2026-08-07 01:15,JINDALSAW.NS,,False,False,True,False,False,False,SKIP,8.6525
2026-08-07 01:15,JSL.NS,732.5,True,False,True,True,False,False,SKIP,17.7544
2026-08-07 01:15,JINDALSTEL.NS,1101.0,True,False,True,True,True,False,SKIP,25.0599
2026-08-07 01:15,JIOFIN.NS,263.1,True,False,True,True,False,False,SKIP,6.4207
2026-08-07 01:15,JUBLFOOD.NS,,False,False,False,True,True,False,SKIP,13.5536
2026-08-07 01:15,JUBLINGREA.NS,,False,False,True,False,False,False,SKIP,24.3731
2026-08-07 01:15,JUBLPHARMA.NS,,False,False,False,False,False,False,SKIP,25.3814
2026-08-07 01:15,JWL.NS,262.1,False,False,True,True,False,False,SKIP,7.4744
2026-08-07 01:15,JYOTICNC.NS,,False,True,True,True,False,False,SKIP,29.1516
2026-08-07 01:15,KPRMILL.NS,,False,False,True,False,False,False,SKIP,38.7141
2026-08-07 01:15,KEI.NS,5595.0,True,False,False,True,False,False,SKIP,160.9706
2026-08-07 01:15,KPITTECH.NS,623.0,False,False,True,True,False,False,SKIP,23.9223
2026-08-07 01:15,KAJARIACER.NS,,False,False,True,False,False,False,SKIP,32.5947
2026-08-07 01:15,KPIL.NS,,False,False,True,False,True,False,SKIP,34.5107
2026-08-07 01:15,KALYANKJIL.NS,598.0,True,True,True,False,False,False,SKIP,26.4022
2026-08-07 01:15,KARURVYSYA.NS,337.5,True,False,True,False,False,False,SKIP,9.8973
2026-08-07 01:15,KAYNES.NS,3830.0,True,False,True,True,False,False,SKIP,127.1653
2026-08-07 01:15,KEC.NS,472.2,False,False,True,True,False,False,SKIP,12.5252
2026-08-07 01:15,KFINTECH.NS,,False,False,True,True,False,False,SKIP,27.986
2026-08-07 01:15,KIRLOSENG.NS,2248.9,True,False,True,False,False,False,SKIP,98.3828
2026-08-07 01:15,KOTAKBANK.NS,394.0,True,False,True,True,False,False,SKIP,7.2538
2026-08-07 01:15,KIMS.NS,,False,False,True,False,False,False,SKIP,21.7094
2026-08-07 01:15,LTF.NS,316.65,True,False,True,True,False,False,SKIP,8.7543
2026-08-07 01:15,LTTS.NS,3555.4,True,False,True,True,False,False,SKIP,113.7104
2026-08-07 01:15,LGEINDIA.NS,1578.3,True,False,True,True,False,False,SKIP,35.112
2026-08-07 01:15,LICHSGFIN.NS,505.0,False,False,False,False,True,True,SKIP,11.6711
2026-08-07 01:15,LTFOODS.NS,419.4,True,False,False,True,False,False,SKIP,11.0007
2026-08-07 01:15,LTM.NS,4528.0,True,False,True,True,False,False,SKIP,142.8101
2026-08-07 01:15,LT.NS,4061.8,True,False,True,True,False,False,SKIP,66.687
2026-08-07 01:15,LATENTVIEW.NS,297.8,False,False,True,False,False,True,SKIP,11.3832
2026-08-07 01:15,LAURUSLABS.NS,,False,True,False,True,False,False,SKIP,43.48
2026-08-07 01:15,THELEELA.NS,511.0,True,False,True,True,True,False,SKIP,17.515
2026-08-07 01:15,LEMONTREE.NS,,False,False,True,True,False,False,SKIP,2.7407
2026-08-07 01:15,LENSKART.NS,565.0,True,False,True,True,False,False,SKIP,14.3668
2026-08-07 01:15,LICI.NS,387.55,False,False,False,False,True,True,SKIP,10.015
2026-08-07 01:15,LINDEINDIA.NS,,False,False,True,True,False,False,SKIP,187.2613
2026-08-07 01:15,LLOYDSME.NS,2059.0,True,True,True,True,False,False,SKIP,60.3722
2026-08-07 01:15,LODHA.NS,1209.75,True,True,True,False,False,False,SKIP,45.6204
2026-08-07 01:15,LUPIN.NS,2385.0,True,False,True,False,True,True,SKIP,51.8518
2026-08-07 01:15,MMTC.NS,64.05,False,False,True,True,False,False,SKIP,1.7349
2026-08-07 01:15,MRF.NS,,False,False,True,False,False,False,SKIP,2245.4679
2026-08-07 01:15,MGL.NS,,False,False,True,True,False,False,SKIP,32.5088
2026-08-07 01:15,M&MFIN.NS,,False,True,False,True,False,False,SKIP,14.9515
2026-08-07 01:15,M&M.NS,3406.0,True,False,True,True,False,False,SKIP,79.9099
2026-08-07 01:15,MANAPPURAM.NS,364.0,True,False,True,True,False,False,SKIP,11.1672
2026-08-07 01:15,MRPL.NS,167.78,True,False,True,False,False,False,SKIP,7.199
2026-08-07 01:15,MANKIND.NS,2420.3,False,False,True,False,False,True,SKIP,65.2327
2026-08-07 01:15,MARICO.NS,860.0,True,True,True,False,False,False,SKIP,18.76
2026-08-07 01:15,MARUTI.NS,13940.0,True,False,True,True,False,False,SKIP,283.4645
2026-08-07 01:15,MFSL.NS,,False,False,True,True,True,False,SKIP,39.1173
2026-08-07 01:15,MAXHEALTH.NS,,False,False,True,False,False,False,SKIP,26.9695
2026-08-07 01:15,MAZDOCK.NS,2530.0,True,False,True,True,True,False,SKIP,60.8087
2026-08-07 01:15,MEESHO.NS,186.17,True,False,True,True,True,False,SKIP,6.9285
2026-08-07 01:15,MINDACORP.NS,,False,False,True,True,False,False,SKIP,20.701
2026-08-07 01:15,MSUMI.NS,41.01,True,False,True,False,False,False,SKIP,1.231
2026-08-07 01:15,MOTILALOFS.NS,,False,False,True,False,False,False,SKIP,26.8444
2026-08-07 01:15,MPHASIS.NS,2421.9,True,False,True,True,False,False,SKIP,86.2438
2026-08-07 01:15,MCX.NS,2640.0,False,False,True,False,False,True,SKIP,81.1489
2026-08-07 01:15,MUTHOOTFIN.NS,2894.2,False,False,True,False,False,False,SKIP,101.3636
2026-08-07 01:15,NATCOPHARM.NS,912.5,False,False,True,False,False,True,SKIP,23.7683
2026-08-07 01:15,NBCC.NS,96.25,False,False,True,True,False,False,SKIP,2.2188
2026-08-07 01:15,NCC.NS,,False,False,True,True,False,False,SKIP,3.6304
2026-08-07 01:15,NHPC.NS,77.5,False,False,True,False,False,True,SKIP,1.8723
2026-08-07 01:15,NLCINDIA.NS,304.0,False,False,True,True,False,False,SKIP,7.8344
2026-08-07 01:15,NMDC.NS,86.2,True,False,True,True,True,False,SKIP,1.7259
2026-08-07 01:15,NSLNISP.NS,44.81,True,False,True,True,True,False,SKIP,1.0096
2026-08-07 01:15,NTPCGREEN.NS,91.33,False,False,True,False,False,True,SKIP,2.1125
2026-08-07 01:15,NTPC.NS,345.0,False,False,True,True,False,True,SKIP,6.3037
2026-08-07 01:15,NH.NS,1885.0,False,False,False,False,True,True,SKIP,48.9794
2026-08-07 01:15,NATIONALUM.NS,,False,False,True,True,False,False,SKIP,10.962
2026-08-07 01:15,NAVA.NS,588.7,True,False,True,True,True,False,SKIP,16.7814
2026-08-07 01:15,NAVINFLUOR.NS,,False,False,True,False,True,False,SKIP,205.6436
2026-08-07 01:15,NESTLEIND.NS,1535.0,True,False,True,True,False,False,SKIP,35.427
2026-08-07 01:15,NETWEB.NS,,False,False,True,True,False,False,SKIP,196.3187
2026-08-07 01:15,NEULANDLAB.NS,21543.0,True,False,False,True,True,False,SKIP,768.4666
2026-08-07 01:15,NEWGEN.NS,542.4,True,False,True,False,False,False,SKIP,27.0492
2026-08-07 01:15,NAM-INDIA.NS,,False,False,True,True,False,False,SKIP,34.4374
2026-08-07 01:15,NIVABUPA.NS,87.18,True,True,True,True,False,False,SKIP,2.2321
2026-08-07 01:15,NUVAMA.NS,1658.3,False,False,False,False,False,True,SKIP,74.5617
2026-08-07 01:15,NUVOCO.NS,352.85,True,True,True,False,False,False,SKIP,12.3703
2026-08-07 01:15,OBEROIRLTY.NS,1777.0,False,False,True,False,True,True,SKIP,47.0333
2026-08-07 01:15,ONGC.NS,237.8,False,False,False,False,True,True,SKIP,4.5453
2026-08-07 01:15,OIL.NS,,False,False,True,True,False,False,SKIP,11.1461
2026-08-07 01:15,OLAELEC.NS,41.44,True,False,True,True,False,False,SKIP,1.6546
2026-08-07 01:15,OLECTRA.NS,1399.4,True,False,True,True,True,False,SKIP,39.2238
2026-08-07 01:15,PAYTM.NS,1442.0,True,False,False,True,False,False,SKIP,45.6442
2026-08-07 01:15,ONESOURCE.NS,,False,False,False,False,False,False,SKIP,68.1816
2026-08-07 01:15,OFSS.NS,,False,False,True,False,False,False,SKIP,414.39
2026-08-07 01:15,POLICYBZR.NS,1599.0,False,False,True,True,True,False,SKIP,47.1905
2026-08-07 01:15,PCBL.NS,324.8,True,False,True,False,False,False,SKIP,15.0648
2026-08-07 01:15,PGEL.NS,609.75,True,False,True,False,True,False,SKIP,20.9449
2026-08-07 01:15,PIIND.NS,,False,False,True,True,False,False,SKIP,59.4517
2026-08-07 01:15,PNBHOUSING.NS,1150.0,True,False,True,True,True,False,SKIP,36.3241
2026-08-07 01:15,PTCIL.NS,,False,False,True,True,True,False,SKIP,416.134
2026-08-07 01:15,PVRINOX.NS,,False,True,False,True,False,False,SKIP,34.1786
2026-08-07 01:15,PAGEIND.NS,40050.0,True,False,True,False,False,True,SKIP,890.6453
2026-08-07 01:15,PARADEEP.NS,148.13,True,False,True,True,False,False,SKIP,5.5676
2026-08-07 01:15,PATANJALI.NS,,False,True,False,True,False,False,SKIP,10.9817
2026-08-07 01:15,PERSISTENT.NS,5459.5,True,False,True,True,False,False,SKIP,174.51
2026-08-07 01:15,PETRONET.NS,,False,False,True,True,False,False,SKIP,5.9673
2026-08-07 01:15,PFIZER.NS,,False,False,False,True,False,False,SKIP,100.0835
2026-08-07 01:15,PHOENIXLTD.NS,1913.0,False,False,True,False,False,True,SKIP,52.3131
2026-08-07 01:15,PWL.NS,,False,False,True,False,False,False,SKIP,5.8919
2026-08-07 01:15,PIDILITIND.NS,1686.0,True,False,True,True,True,False,SKIP,35.1697
2026-08-07 01:15,PINELABS.NS,156.04,True,False,True,True,True,False,SKIP,7.2653
2026-08-07 01:15,PIRAMALFIN.NS,2109.7,True,False,True,False,False,False,SKIP,68.5127
2026-08-07 01:15,PPLPHARMA.NS,,False,True,False,True,False,False,SKIP,7.5771
2026-08-07 01:15,POLYMED.NS,,False,False,True,False,False,False,SKIP,52.926
2026-08-07 01:15,POLYCAB.NS,9315.0,True,False,True,True,False,False,SKIP,206.3226
2026-08-07 01:15,POONAWALLA.NS,490.85,True,False,True,False,True,False,SKIP,15.1418
2026-08-07 01:15,PFC.NS,418.0,True,False,True,True,False,False,SKIP,8.3691
2026-08-07 01:15,POWERGRID.NS,270.75,False,False,False,False,True,True,SKIP,5.65
2026-08-07 01:15,PREMIERENE.NS,1041.7,True,False,True,False,False,False,SKIP,31.0384
2026-08-07 01:15,PRESTIGE.NS,,False,False,True,False,False,False,SKIP,55.6095
2026-08-07 01:15,PFOCUS.NS,291.9,True,True,True,False,False,False,SKIP,13.9514
2026-08-07 01:15,PNB.NS,114.3,True,False,True,True,False,False,SKIP,1.9549
2026-08-07 01:15,RRKABEL.NS,2764.4,True,True,False,True,False,False,SKIP,106.1934
2026-08-07 01:15,RBLBANK.NS,,False,False,True,True,False,False,SKIP,9.9072
2026-08-07 01:15,RECLTD.NS,361.5,True,False,True,True,False,False,SKIP,7.3779
2026-08-07 01:15,RHIM.NS,,False,False,True,True,False,False,SKIP,14.4888
2026-08-07 01:15,RITES.NS,231.38,True,False,True,True,True,False,SKIP,6.8917
2026-08-07 01:15,RADICO.NS,4470.0,True,True,False,True,False,False,SKIP,113.6436
2026-08-07 01:15,RVNL.NS,235.0,False,False,True,True,True,False,SKIP,5.6123
2026-08-07 01:15,RAILTEL.NS,290.85,False,False,True,True,False,False,SKIP,7.3244
2026-08-07 01:15,RAINBOW.NS,1573.2,True,False,True,True,False,False,SKIP,43.0052
2026-08-07 01:15,RKFORGE.NS,700.5,True,True,False,True,False,False,SKIP,22.7865
2026-08-07 01:15,REDINGTON.NS,350.75,True,True,False,True,False,False,SKIP,14.7865
2026-08-07 01:15,RELIANCE.NS,1325.0,True,False,True,True,True,False,SKIP,23.9238
2026-08-07 01:15,RPOWER.NS,24.24,False,False,True,True,False,False,SKIP,0.7518
2026-08-07 01:15,SBFC.NS,95.29,True,False,True,True,False,False,SKIP,2.2016
2026-08-07 01:15,SBICARD.NS,660.0,True,False,True,True,False,False,SKIP,15.1888
2026-08-07 01:15,SBILIFE.NS,1861.5,True,False,True,True,False,False,SKIP,38.4633
2026-08-07 01:15,SJVN.NS,68.43,False,False,True,True,False,False,SKIP,1.2827
2026-08-07 01:15,SRF.NS,2624.9,False,False,True,False,False,True,SKIP,65.6377
2026-08-07 01:15,SAGILITY.NS,43.66,True,False,True,True,False,False,SKIP,1.5292
2026-08-07 01:15,SAILIFE.NS,,False,False,False,True,True,False,SKIP,36.3951
2026-08-07 01:15,SAMMAANCAP.NS,167.22,True,False,True,True,True,False,SKIP,4.7612
2026-08-07 01:15,MOTHERSON.NS,155.0,True,False,True,True,True,False,SKIP,4.5019
2026-08-07 01:15,SAPPHIRE.NS,,False,False,True,True,True,False,SKIP,8.586
2026-08-07 01:15,SARDAEN.NS,500.9,False,False,True,True,False,True,SKIP,14.2034
2026-08-07 01:15,SAREGAMA.NS,528.0,True,False,True,True,False,False,SKIP,24.4212
2026-08-07 01:15,SCHAEFFLER.NS,4036.3,False,False,True,False,False,True,SKIP,104.5737
2026-08-07 01:15,SCHNEIDER.NS,,False,False,True,False,False,False,SKIP,57.9339
2026-08-07 01:15,SCI.NS,308.6,True,False,True,True,True,False,SKIP,9.6134
2026-08-07 01:15,SHREECEM.NS,,False,False,True,False,False,False,SKIP,625.2857
2026-08-07 01:15,SHRIRAMFIN.NS,,False,False,True,True,True,False,SKIP,30.1987
2026-08-07 01:15,SHYAMMETL.NS,,False,False,True,False,False,False,SKIP,27.0841
2026-08-07 01:15,ENRIN.NS,3252.2,False,False,True,True,False,False,SKIP,114.0632
2026-08-07 01:15,SIEMENS.NS,3952.0,True,False,False,True,False,False,SKIP,107.9349
2026-08-07 01:15,SIGNATURE.NS,,False,False,True,True,False,False,SKIP,28.0413
2026-08-07 01:15,SOBHA.NS,1355.9,False,False,False,False,False,True,SKIP,39.9952
2026-08-07 01:15,SOLARINDS.NS,,False,False,True,False,False,False,SKIP,515.1619
2026-08-07 01:15,SONACOMS.NS,792.0,True,True,False,True,False,False,SKIP,22.7759
2026-08-07 01:15,SONATSOFTW.NS,331.95,True,True,True,True,False,False,SKIP,16.3916
2026-08-07 01:15,STARHEALTH.NS,573.65,True,True,True,False,False,True,SKIP,17.2801
2026-08-07 01:15,SBIN.NS,1085.0,True,False,True,True,True,False,SKIP,19.0065
2026-08-07 01:15,SAIL.NS,176.74,True,False,True,True,False,False,SKIP,5.3295
2026-08-07 01:15,SUMICHEM.NS,525.2,True,False,True,False,False,False,SKIP,19.3192
2026-08-07 01:15,SUNPHARMA.NS,1951.0,True,False,True,False,False,False,SKIP,34.4806
2026-08-07 01:15,SUNTV.NS,489.2,False,False,False,True,False,True,SKIP,11.8347
2026-08-07 01:15,SUNDARMFIN.NS,,False,False,True,True,False,False,SKIP,139.2109
2026-08-07 01:15,SUPREMEIND.NS,,False,False,True,True,False,False,SKIP,95.0191
2026-08-07 01:15,SPLPETRO.NS,,False,False,True,False,False,False,SKIP,24.6994
2026-08-07 01:15,SUZLON.NS,48.1,False,False,False,False,False,False,SKIP,1.4532
2026-08-07 01:15,SWANCORP.NS,310.9,False,False,True,True,False,True,SKIP,7.4446
2026-08-07 01:15,SWIGGY.NS,288.65,True,False,True,True,True,False,SKIP,12.3527
2026-08-07 01:15,SYNGENE.NS,399.75,False,False,True,True,False,False,SKIP,13.5075
2026-08-07 01:15,SYRMA.NS,1418.0,True,False,True,True,False,False,SKIP,56.0401
2026-08-07 01:15,TBOTEK.NS,1623.1,True,False,True,True,False,False,SKIP,62.0061
2026-08-07 01:15,TVSMOTOR.NS,4375.0,True,True,False,True,False,False,SKIP,99.6989
2026-08-07 01:15,TATACAP.NS,382.7,True,False,True,True,True,False,SKIP,10.8197
2026-08-07 01:15,TATACHEM.NS,663.3,False,False,False,False,True,True,SKIP,14.8115
2026-08-07 01:15,TATACOMM.NS,,False,True,False,False,False,False,SKIP,56.6644
2026-08-07 01:15,TCS.NS,2373.0,True,False,True,True,False,False,SKIP,66.8113
2026-08-07 01:15,TATACONSUM.NS,1090.0,False,False,True,True,False,True,SKIP,23.4555
2026-08-07 01:15,TATAELXSI.NS,3715.0,False,False,True,True,False,False,SKIP,97.4752
2026-08-07 01:15,TATAINVEST.NS,667.1,False,False,True,True,False,False,SKIP,14.8716
2026-08-07 01:15,TMCV.NS,459.65,True,False,False,True,True,False,SKIP,13.1059
2026-08-07 01:15,TMPV.NS,345.35,False,False,True,True,False,False,SKIP,7.4524
2026-08-07 01:15,TATAPOWER.NS,378.6,False,False,True,True,False,False,SKIP,6.4266
2026-08-07 01:15,TATASTEEL.NS,189.3,False,False,True,True,False,False,SKIP,3.7652
2026-08-07 01:15,TATATECH.NS,801.55,True,False,True,True,True,False,SKIP,26.1766
2026-08-07 01:15,TTML.NS,,False,False,True,True,False,False,SKIP,1.3563
2026-08-07 01:15,TECHM.NS,,False,False,False,True,True,False,SKIP,42.2532
2026-08-07 01:15,TECHNOE.NS,992.25,False,False,True,True,False,False,SKIP,26.8152
2026-08-07 01:15,TEGA.NS,,False,False,True,True,False,False,SKIP,53.0242
2026-08-07 01:15,TEJASNET.NS,522.3,False,False,True,True,False,False,SKIP,20.7322
2026-08-07 01:15,TENNIND.NS,,False,False,True,True,True,False,SKIP,17.273
2026-08-07 01:15,NIACL.NS,178.93,True,False,True,True,False,False,SKIP,6.9123
2026-08-07 01:15,RAMCOCEM.NS,937.1,True,False,True,True,False,False,SKIP,22.8123
2026-08-07 01:15,THERMAX.NS,3991.0,False,False,False,False,False,False,SKIP,206.4388
2026-08-07 01:15,TIMKEN.NS,3343.1,True,False,True,True,False,False,SKIP,90.6087
2026-08-07 01:15,TITAGARH.NS,861.65,True,False,True,True,False,False,SKIP,23.9888
2026-08-07 01:15,TITAN.NS,,False,True,False,True,True,False,SKIP,82.3434
2026-08-07 01:15,TORNTPHARM.NS,,False,False,True,False,False,False,SKIP,138.9593
2026-08-07 01:15,TORNTPOWER.NS,1325.2,False,False,False,False,False,True,SKIP,34.0421
2026-08-07 01:15,TARIL.NS,296.15,False,False,False,False,False,True,SKIP,10.672
2026-08-07 01:15,TRAVELFOOD.NS,1337.2,True,False,True,True,True,False,SKIP,42.8257
2026-08-07 01:15,TRENT.NS,3107.1,True,False,True,True,True,False,SKIP,77.8867
2026-08-07 01:15,TRIDENT.NS,24.9,False,False,True,False,False,True,SKIP,0.5019
2026-08-07 01:15,TRITURBINE.NS,646.35,True,False,True,True,True,False,SKIP,20.2828
2026-08-07 01:15,TIINDIA.NS,2752.3,False,False,False,False,True,False,SKIP,87.8027
2026-08-07 01:15,UCOBANK.NS,,False,False,True,False,False,False,SKIP,0.5865
2026-08-07 01:15,UNOMINDA.NS,,False,False,False,True,False,False,SKIP,32.5147
2026-08-07 01:15,UPL.NS,572.75,False,False,False,False,True,True,SKIP,15.494
2026-08-07 01:15,UTIAMC.NS,900.3,False,False,True,False,False,False,SKIP,21.4864
2026-08-07 01:15,ULTRACEMCO.NS,,False,False,False,True,False,False,SKIP,204.6823
2026-08-07 01:15,UNIONBANK.NS,182.5,True,False,True,True,False,False,SKIP,4.719
2026-08-07 01:15,UBL.NS,1405.3,True,False,True,True,False,False,SKIP,35.315
2026-08-07 01:15,UNITDSPR.NS,,False,True,False,True,False,False,SKIP,30.8634
2026-08-07 01:15,URBANCO.NS,142.67,True,True,True,True,False,False,SKIP,5.5793
2026-08-07 01:15,USHAMART.NS,515.65,True,False,True,True,False,False,SKIP,14.4769
2026-08-07 01:15,VTL.NS,602.2,False,False,True,False,False,False,SKIP,21.2184
2026-08-07 01:15,VBL.NS,444.0,False,True,False,True,False,False,SKIP,12.3385
2026-08-07 01:15,VEDL.NS,275.0,False,False,True,True,True,False,SKIP,7.5362
2026-08-07 01:15,VIJAYA.NS,,False,False,True,True,False,False,SKIP,43.2946
2026-08-07 01:15,VMM.NS,,False,False,True,True,False,False,SKIP,3.0333
2026-08-07 01:15,IDEA.NS,12.63,False,False,False,False,False,True,SKIP,0.3393
2026-08-07 01:15,VOLTAS.NS,1275.0,False,False,False,False,False,True,SKIP,35.6755
2026-08-07 01:15,WAAREEENER.NS,2660.9,False,True,False,True,False,False,SKIP,68.9102
2026-08-07 01:15,WELCORP.NS,1819.6,True,False,False,True,True,False,SKIP,55.6649
2026-08-07 01:15,WELSPUNLIV.NS,159.25,True,False,True,False,False,False,SKIP,5.4091
2026-08-07 01:15,WHIRLPOOL.NS,830.45,True,False,True,True,True,False,SKIP,25.2007
2026-08-07 01:15,WIPRO.NS,186.12,True,False,True,True,False,False,SKIP,3.9281
2026-08-07 01:15,WOCKPHARMA.NS,1975.0,True,False,True,True,False,False,SKIP,65.5477
2026-08-07 01:15,YESBANK.NS,22.68,False,False,True,False,False,True,SKIP,0.4233
2026-08-07 01:15,ZFCVINDIA.NS,,False,True,True,True,False,False,SKIP,86.8047
2026-08-07 01:15,ZEEL.NS,92.57,False,False,False,False,False,True,SKIP,5.4649
2026-08-07 01:15,ZENTEC.NS,1734.6,True,False,True,False,True,False,SKIP,64.5998
2026-08-07 01:15,ZENSARTECH.NS,500.65,True,False,True,False,False,False,SKIP,21.6493
2026-08-07 01:15,ZYDUSLIFE.NS,1108.0,True,False,True,False,False,True,SKIP,23.5128
2026-08-07 01:15,ZYDUSWELL.NS,531.5,False,False,True,False,False,True,SKIP,23.3573
2026-08-07 01:15,ECLERX.NS,,False,True,True,False,True,False,SKIP,91.3636
2026-08-07 11:05,360ONE.NS,1168.1,True,False,True,True,True,False,SKIP,32.8264
2026-08-07 11:05,3MINDIA.NS,36035.0,True,False,True,False,False,False,SKIP,871.5205
2026-08-07 11:05,ABB.NS,7600.0,True,False,True,True,False,False,SKIP,212.1778
2026-08-07 11:05,ACC.NS,1362.8,False,False,True,True,False,False,SKIP,29.8503
2026-08-07 11:05,ACMESOLAR.NS,368.6,True,False,True,False,False,False,SKIP,14.7191
2026-08-07 11:05,AIAENG.NS,4776.0,True,False,True,True,False,False,SKIP,142.9058
2026-08-07 11:05,APLAPOLLO.NS,1970.0,True,False,True,True,False,False,SKIP,47.4942
2026-08-07 11:05,AUBANK.NS,1067.0,True,False,True,True,False,False,SKIP,28.3669
2026-08-07 11:05,AWL.NS,197.5,True,False,True,True,False,False,SKIP,5.2936
2026-08-07 11:05,AADHARHFC.NS,506.4,True,False,True,False,False,False,SKIP,14.8869
2026-08-07 11:05,AARTIIND.NS,502.1,True,False,True,True,False,False,SKIP,15.3455
2026-08-07 11:05,AAVAS.NS,1371.5,False,False,True,False,False,True,SKIP,44.4826
2026-08-07 11:05,ABBOTINDIA.NS,27835.0,True,True,True,False,False,False,SKIP,416.0955
2026-08-07 11:05,ACE.NS,1094.3,True,True,True,True,False,False,SKIP,38.8831
2026-08-07 11:05,ACUTAAS.NS,3297.9,True,False,True,False,False,False,SKIP,140.8332
2026-08-07 11:05,ADANIENSOL.NS,1630.1,True,False,True,False,False,True,SKIP,48.6391
2026-08-07 11:05,ADANIENT.NS,3020.0,True,False,True,False,False,True,SKIP,66.1575
2026-08-07 11:05,ADANIGREEN.NS,1372.4,False,False,False,False,False,True,SKIP,43.8748
2026-08-07 11:05,ADANIPORTS.NS,1693.5,False,False,False,False,False,False,SKIP,36.3658
2026-08-07 11:05,ADANIPOWER.NS,209.0,False,False,True,False,False,True,SKIP,5.3485
2026-08-07 11:05,ATGL.NS,657.55,False,False,False,False,False,True,SKIP,18.301
2026-08-07 11:05,ABCAPITAL.NS,408.05,True,False,True,True,True,False,SKIP,11.4451
2026-08-07 11:05,ABFRL.NS,63.33,True,False,True,True,True,False,SKIP,1.9821
2026-08-07 11:05,ABLBL.NS,93.86,False,False,True,True,False,False,SKIP,2.2017
2026-08-07 11:05,ABREL.NS,1382.8,True,False,True,False,True,True,SKIP,44.3885
2026-08-07 11:05,ABSLAMC.NS,1025.3,False,False,True,True,False,False,SKIP,34.5194
2026-08-07 11:05,CPPLUS.NS,3708.7,True,False,True,True,False,False,SKIP,147.4077
2026-08-07 11:05,AEGISLOG.NS,1371.0,True,False,True,False,False,False,SKIP,80.9015
2026-08-07 11:05,AEGISVOPAK.NS,285.3,True,True,True,False,False,False,SKIP,14.6863
2026-08-07 11:05,AFCONS.NS,274.25,False,False,False,True,False,True,SKIP,9.3916
2026-08-07 11:05,AFFLE.NS,1645.6,True,False,True,True,False,False,SKIP,59.1271
2026-08-07 11:05,AJANTPHARM.NS,3489.2,True,True,True,False,False,False,SKIP,97.522
2026-08-07 11:05,ALKEM.NS,5620.0,True,False,True,False,False,False,SKIP,118.0641
2026-08-07 11:05,ABDL.NS,599.25,False,False,True,False,True,True,SKIP,23.8132
2026-08-07 11:05,ARE&M.NS,931.7,True,False,True,True,False,False,SKIP,24.9015
2026-08-07 11:05,AMBER.NS,7435.0,False,False,True,True,False,False,SKIP,202.7836
2026-08-07 11:05,AMBUJACEM.NS,434.0,True,False,True,True,False,False,SKIP,10.7247
2026-08-07 11:05,ANANDRATHI.NS,2101.5,True,False,True,False,False,False,SKIP,48.4816
2026-08-07 11:05,ANANTRAJ.NS,615.9,True,False,True,False,False,False,SKIP,18.9953
2026-08-07 11:05,ANGELONE.NS,292.0,False,False,False,False,False,True,SKIP,9.2344
2026-08-07 11:05,ANTHEM.NS,841.0,True,False,True,True,False,False,SKIP,23.4826
2026-08-07 11:05,ANURAS.NS,1214.6,False,True,False,False,False,True,SKIP,21.1471
2026-08-07 11:05,APARINDS.NS,16631.0,True,False,False,True,False,False,SKIP,662.0414
2026-08-07 11:05,APOLLOHOSP.NS,8945.0,True,False,True,False,False,False,SKIP,143.992
2026-08-07 11:05,APOLLOTYRE.NS,445.0,True,False,True,True,True,False,SKIP,10.6337
2026-08-07 11:05,APTUS.NS,260.65,False,False,False,False,False,True,SKIP,8.6069
2026-08-07 11:05,ASAHIINDIA.NS,898.7,True,False,True,True,False,False,SKIP,24.9005
2026-08-07 11:05,ASHOKLEY.NS,177.5,True,False,False,True,False,False,SKIP,4.3991
2026-08-07 11:05,ASIANPAINT.NS,2735.0,True,False,True,True,False,False,SKIP,57.9489
2026-08-07 11:05,ASTERDM.NS,869.7,True,False,False,True,True,False,SKIP,26.9911
2026-08-07 11:05,ASTRAL.NS,1444.0,False,False,True,True,False,False,SKIP,33.5865
2026-08-07 11:05,ATHERENERG.NS,1481.5,True,True,False,True,False,False,SKIP,63.8673
2026-08-07 11:05,ATUL.NS,6774.0,True,False,True,True,True,False,SKIP,189.9123
2026-08-07 11:05,AUROPHARMA.NS,1658.0,True,False,True,True,True,False,SKIP,43.3849
2026-08-07 11:05,AIIL.NS,596.6,True,True,True,True,True,False,TAKE,22.8719
2026-08-07 11:05,DMART.NS,3900.0,False,False,True,True,False,False,SKIP,93.0235
2026-08-07 11:05,AXISBANK.NS,1238.0,False,False,True,True,False,False,SKIP,24.1123
2026-08-07 11:05,BEML.NS,1787.8,True,False,True,False,True,False,SKIP,57.2128
2026-08-07 11:05,BLS.NS,254.33,True,False,True,True,False,False,SKIP,7.742
2026-08-07 11:05,BSE.NS,3457.1,False,False,False,False,True,True,SKIP,104.4328
2026-08-07 11:05,BAJAJ-AUTO.NS,11662.0,True,True,True,True,False,False,SKIP,245.7142
2026-08-07 11:05,BAJFINANCE.NS,1078.0,True,False,True,True,True,False,SKIP,31.1177
2026-08-07 11:05,BAJAJFINSV.NS,2008.9,True,False,True,True,True,False,SKIP,48.8787
2026-08-07 11:05,BAJAJHLDNG.NS,11263.0,True,False,True,True,False,False,SKIP,247.0686
2026-08-07 11:05,BAJAJHFL.NS,85.79,False,False,True,True,False,False,SKIP,1.559
2026-08-07 11:05,BALKRISIND.NS,2466.3,True,False,False,True,False,False,SKIP,90.637
2026-08-07 11:05,BALRAMCHIN.NS,633.45,True,True,True,True,False,False,SKIP,21.9696
2026-08-07 11:05,BANDHANBNK.NS,176.02,False,False,True,False,False,False,SKIP,6.5877
2026-08-07 11:05,BANKBARODA.NS,250.7,False,False,True,True,False,False,SKIP,5.4587
2026-08-07 11:05,BANKINDIA.NS,145.0,True,False,True,True,False,False,SKIP,3.447
2026-08-07 11:05,MAHABANK.NS,78.28,False,False,True,False,False,True,SKIP,2.0696
2026-08-07 11:05,BATAINDIA.NS,720.5,True,False,True,True,False,False,SKIP,19.4041
2026-08-07 11:05,BAYERCROP.NS,4177.2,False,False,True,True,False,False,SKIP,80.3278
2026-08-07 11:05,BELRISE.NS,248.21,True,False,True,True,True,False,SKIP,6.8595
2026-08-07 11:05,BERGEPAINT.NS,530.55,True,False,True,True,False,False,SKIP,16.0235
2026-08-07 11:05,BDL.NS,1294.0,True,False,True,True,False,False,SKIP,33.6728
2026-08-07 11:05,BEL.NS,401.0,False,False,True,True,False,False,SKIP,7.2542
2026-08-07 11:05,BHARATFORG.NS,2265.2,True,False,True,True,True,False,SKIP,50.4116
2026-08-07 11:05,BHEL.NS,405.2,True,False,True,False,False,False,SKIP,12.0549
2026-08-07 11:05,BPCL.NS,321.0,True,False,True,True,False,False,SKIP,7.2334
2026-08-07 11:05,BHARTIARTL.NS,1959.9,True,False,True,True,False,False,SKIP,34.7446
2026-08-07 11:05,BHARTIHEXA.NS,1538.8,False,False,True,False,False,True,SKIP,47.5687
2026-08-07 11:05,BIKAJI.NS,623.5,False,False,False,False,True,True,SKIP,14.6788
2026-08-07 11:05,GROWW.NS,190.5,False,False,True,False,False,True,SKIP,5.8947
2026-08-07 11:05,BIOCON.NS,426.35,True,False,True,False,False,False,SKIP,10.6429
2026-08-07 11:05,BSOFT.NS,318.5,True,False,True,True,False,False,SKIP,11.4951
2026-08-07 11:05,BLUEDART.NS,5089.5,True,False,True,True,False,False,SKIP,155.653
2026-08-07 11:05,BLUEJET.NS,593.9,True,False,True,False,False,False,SKIP,25.6632
2026-08-07 11:05,BLUESTARCO.NS,1514.0,False,False,False,False,True,True,SKIP,57.5995
2026-08-07 11:05,BBTC.NS,1504.1,False,False,True,True,True,False,SKIP,29.7363
2026-08-07 11:05,BOSCHLTD.NS,42950.0,True,False,True,True,False,False,SKIP,981.6885
2026-08-07 11:05,FIRSTCRY.NS,214.2,False,False,True,True,False,False,SKIP,4.9902
2026-08-07 11:05,BRIGADE.NS,581.95,True,False,True,True,True,False,SKIP,17.5061
2026-08-07 11:05,BRITANNIA.NS,5510.0,True,False,True,True,True,False,SKIP,112.6276
2026-08-07 11:05,MAPMYINDIA.NS,1014.3,False,False,True,False,False,True,SKIP,60.7374
2026-08-07 11:05,CCL.NS,1130.0,False,False,False,False,False,True,SKIP,33.7166
2026-08-07 11:05,CESC.NS,163.94,False,False,True,True,True,False,SKIP,3.3318
2026-08-07 11:05,CGPOWER.NS,879.0,False,False,True,True,False,False,SKIP,28.1226
2026-08-07 11:05,CIEINDIA.NS,410.5,False,False,False,False,False,True,SKIP,12.5433
2026-08-07 11:05,CRISIL.NS,4607.0,True,False,True,True,False,False,SKIP,125.5642
2026-08-07 11:05,CANFINHOME.NS,811.3,False,False,False,False,False,True,SKIP,20.2597
2026-08-07 11:05,CANBK.NS,131.95,True,False,True,True,False,False,SKIP,2.7931
2026-08-07 11:05,CANHLIFE.NS,152.19,True,True,True,True,False,False,SKIP,5.6821
2026-08-07 11:05,CAPLIPOINT.NS,2574.1,True,False,True,False,False,False,SKIP,82.8769
2026-08-07 11:05,CGCL.NS,230.25,True,True,True,False,False,False,SKIP,9.9658
2026-08-07 11:05,CARBORUNIV.NS,1097.0,True,False,True,True,True,False,SKIP,37.2095
2026-08-07 11:05,CARTRADE.NS,2793.0,True,True,True,False,False,False,SKIP,127.9392
2026-08-07 11:05,CASTROLIND.NS,192.08,True,True,False,True,True,False,SKIP,2.3985
2026-08-07 11:05,CEATLTD.NS,3723.1,True,False,True,True,False,False,SKIP,107.3887
2026-08-07 11:05,CEMPRO.NS,1208.1,False,True,False,False,True,True,SKIP,66.1571
2026-08-07 11:05,CENTRALBK.NS,31.36,False,False,True,True,False,False,SKIP,0.5924
2026-08-07 11:05,CDSL.NS,1328.0,True,False,True,False,False,True,SKIP,29.4271
2026-08-07 11:05,CHALET.NS,859.7,True,False,True,True,False,False,SKIP,24.4761
2026-08-07 11:05,CHAMBLFERT.NS,450.7,False,False,True,True,False,False,SKIP,10.4759
2026-08-07 11:05,CHENNPETRO.NS,1275.4,True,False,True,True,False,False,SKIP,58.6135
2026-08-07 11:05,CHOICEIN.NS,841.15,True,False,True,False,False,False,SKIP,16.6997
2026-08-07 11:05,CHOLAHLDNG.NS,1628.0,True,False,True,True,False,False,SKIP,45.885
2026-08-07 11:05,CHOLAFIN.NS,1866.2,True,False,True,True,False,False,SKIP,58.3154
2026-08-07 11:05,CIPLA.NS,1463.8,True,False,True,True,False,False,SKIP,28.8693
2026-08-07 11:05,CUB.NS,212.0,True,False,True,False,False,False,SKIP,8.2582
2026-08-07 11:05,CLEAN.NS,795.15,True,False,True,True,True,False,SKIP,25.6146
2026-08-07 11:05,COALINDIA.NS,415.25,False,False,True,True,False,False,SKIP,6.4717
2026-08-07 11:05,COCHINSHIP.NS,1519.7,True,False,True,True,True,False,SKIP,36.0927
2026-08-07 11:05,COFORGE.NS,1776.0,True,False,False,True,False,False,SKIP,55.7632
2026-08-07 11:05,COHANCE.NS,445.75,True,False,True,True,True,False,SKIP,16.9126
2026-08-07 11:05,COLPAL.NS,2030.0,False,False,True,False,False,True,SKIP,51.1272
2026-08-07 11:05,CAMS.NS,787.5,True,False,True,True,False,False,SKIP,21.232
2026-08-07 11:05,CONCORDBIO.NS,1365.0,True,False,True,True,False,False,SKIP,49.277
2026-08-07 11:05,CONCOR.NS,505.2,True,False,True,True,False,False,SKIP,12.5175
2026-08-07 11:05,COROMANDEL.NS,2069.3,True,False,True,True,False,False,SKIP,52.7185
2026-08-07 11:05,CRAFTSMAN.NS,10483.0,True,True,False,True,False,False,SKIP,332.6432
2026-08-07 11:05,CREDITACC.NS,1523.6,True,False,True,False,False,False,SKIP,50.2352
2026-08-07 11:05,CROMPTON.NS,249.95,False,False,True,True,True,False,SKIP,8.3573
2026-08-07 11:05,CUMMINSIND.NS,5426.0,False,False,True,False,False,False,SKIP,147.1946
2026-08-07 11:05,CYIENT.NS,857.5,False,False,True,True,False,False,SKIP,23.3462
2026-08-07 11:05,DCMSHRIRAM.NS,1016.8,False,False,True,False,False,True,SKIP,32.7
2026-08-07 11:05,DLF.NS,642.0,True,False,True,False,False,False,SKIP,18.1166
2026-08-07 11:05,DOMS.NS,2260.6,False,False,True,False,False,False,SKIP,58.7676
2026-08-07 11:05,DABUR.NS,410.0,False,False,False,False,False,True,SKIP,8.7968
2026-08-07 11:05,DALBHARAT.NS,1827.4,True,False,True,False,False,False,SKIP,44.4844
2026-08-07 11:05,DATAPATTNS.NS,4380.7,True,False,True,False,False,False,SKIP,198.5335
2026-08-07 11:05,DEEPAKFERT.NS,1537.8,True,False,True,False,False,False,SKIP,61.087
2026-08-07 11:05,DEEPAKNTR.NS,1796.5,True,False,True,True,True,False,SKIP,55.9017
2026-08-07 11:05,DELHIVERY.NS,473.3,False,False,True,False,True,False,SKIP,13.9605
2026-08-07 11:05,DEVYANI.NS,134.73,True,False,False,True,True,False,SKIP,4.9963
2026-08-07 11:05,DIVISLAB.NS,8275.0,True,True,False,True,False,False,SKIP,192.4062
2026-08-07 11:05,DIXON.NS,14200.0,True,False,True,False,False,False,SKIP,417.4786
2026-08-07 11:05,LALPATHLAB.NS,1931.6,True,True,False,True,False,False,SKIP,60.7266
2026-08-07 11:05,DRREDDY.NS,1172.0,False,True,False,True,False,False,SKIP,25.3978
2026-08-07 11:05,EIDPARRY.NS,805.1,True,False,True,True,False,False,SKIP,21.023
2026-08-07 11:05,EIHOTEL.NS,306.55,False,False,False,False,True,True,SKIP,9.2819
2026-08-07 11:05,EICHERMOT.NS,8020.0,True,False,True,True,False,False,SKIP,157.4379
2026-08-07 11:05,ELECON.NS,437.85,False,False,True,True,False,False,SKIP,16.8691
2026-08-07 11:05,ELGIEQUIP.NS,588.45,True,False,True,True,False,False,SKIP,16.0426
2026-08-07 11:05,EMAMILTD.NS,412.55,True,False,True,False,True,False,SKIP,11.6479
2026-08-07 11:05,EMCURE.NS,1978.4,True,False,True,True,False,False,SKIP,55.9514
2026-08-07 11:05,EMMVEE.NS,318.9,False,False,True,False,False,False,SKIP,12.8356
2026-08-07 11:05,ENDURANCE.NS,2904.5,True,False,True,True,False,False,SKIP,83.3474
2026-08-07 11:05,ENGINERSIN.NS,240.6,True,False,True,True,False,False,SKIP,6.8796
2026-08-07 11:05,ERIS.NS,1382.4,False,False,True,False,False,True,SKIP,38.4063
2026-08-07 11:05,ESCORTS.NS,3080.0,True,False,True,True,False,False,SKIP,63.5523
2026-08-07 11:05,ETERNAL.NS,315.0,True,True,True,True,False,False,SKIP,8.9613
2026-08-07 11:05,EXIDEIND.NS,490.0,True,True,False,True,False,False,SKIP,16.2298
2026-08-07 11:05,NYKAA.NS,332.0,True,True,True,False,False,False,SKIP,8.3995
2026-08-07 11:05,FEDERALBNK.NS,356.25,True,True,True,False,False,False,SKIP,7.5384
2026-08-07 11:05,FACT.NS,839.4,False,False,True,True,False,False,SKIP,19.9468
2026-08-07 11:05,FINCABLES.NS,1024.65,False,False,True,True,False,False,SKIP,30.9272
2026-08-07 11:05,FSL.NS,279.85,True,False,True,True,True,False,SKIP,16.6062
2026-08-07 11:05,FIVESTAR.NS,543.25,True,False,True,False,False,False,SKIP,17.8243
2026-08-07 11:05,FORCEMOT.NS,18500.0,True,False,True,True,False,False,SKIP,561.3846
2026-08-07 11:05,FORTIS.NS,955.15,True,False,True,False,True,False,SKIP,22.2787
2026-08-07 11:05,GAIL.NS,173.63,True,False,True,True,False,False,SKIP,4.2216
2026-08-07 11:05,GVT&D.NS,4299.0,False,False,True,True,False,False,SKIP,194.4695
2026-08-07 11:05,GMRAIRPORT.NS,107.2,True,False,True,False,False,False,SKIP,2.2745
2026-08-07 11:05,GABRIEL.NS,1499.8,True,True,True,True,False,False,SKIP,67.5695
2026-08-07 11:05,GALLANTT.NS,605.5,False,False,True,True,False,False,SKIP,28.76
2026-08-07 11:05,GRSE.NS,2599.0,False,False,True,True,False,False,SKIP,69.2257
2026-08-07 11:05,GICRE.NS,357.2,False,False,True,True,False,True,SKIP,5.4182
2026-08-07 11:05,GILLETTE.NS,7683.5,False,False,True,False,False,True,SKIP,149.757
2026-08-07 11:05,GLAND.NS,2601.0,True,True,True,True,False,False,SKIP,75.6013
2026-08-07 11:05,GLAXO.NS,2599.7,True,True,True,False,False,False,SKIP,70.6953
2026-08-07 11:05,GLENMARK.NS,2279.1,True,False,True,True,False,False,SKIP,56.0841
2026-08-07 11:05,MEDANTA.NS,1455.6,True,False,True,True,True,False,SKIP,41.5158
2026-08-07 11:05,GODIGIT.NS,272.25,False,False,True,True,False,False,SKIP,10.7681
2026-08-07 11:05,GPIL.NS,240.61,False,False,False,True,True,False,SKIP,7.6255
2026-08-07 11:05,GODFRYPHLP.NS,2286.0,True,False,True,True,False,False,SKIP,76.5843
2026-08-07 11:05,GODREJCP.NS,1050.0,False,False,True,False,True,True,SKIP,25.4778
2026-08-07 11:05,GODREJIND.NS,1311.5,True,False,True,False,False,True,SKIP,43.2433
2026-08-07 11:05,GODREJPROP.NS,2070.0,True,False,True,False,False,False,SKIP,64.845
2026-08-07 11:05,GRANULES.NS,873.85,True,False,True,False,False,False,SKIP,27.2293
2026-08-07 11:05,GRAPHITE.NS,709.95,True,False,True,True,False,False,SKIP,26.1874
2026-08-07 11:05,GRASIM.NS,3323.0,True,False,True,True,True,False,SKIP,72.8555
2026-08-07 11:05,GRAVITA.NS,1732.1,True,False,True,False,False,False,SKIP,57.3294
2026-08-07 11:05,GESHIP.NS,1341.8,False,False,True,False,False,True,SKIP,55.975
2026-08-07 11:05,FLUOROCHEM.NS,4518.1,True,False,True,False,False,False,SKIP,145.3509
2026-08-07 11:05,GMDCLTD.NS,582.8,False,False,True,True,False,False,SKIP,18.5949
2026-08-07 11:05,HEG.NS,674.0,True,True,True,True,False,False,SKIP,24.1397
2026-08-07 11:05,HBLENGINE.NS,727.1,False,False,True,True,False,False,SKIP,20.6509
2026-08-07 11:05,HCLTECH.NS,1356.6,True,False,True,True,False,False,SKIP,36.1648
2026-08-07 11:05,HDBFS.NS,665.65,False,False,False,False,True,True,SKIP,15.6316
2026-08-07 11:05,HDFCAMC.NS,2545.0,False,False,True,False,False,False,SKIP,62.3892
2026-08-07 11:05,HDFCBANK.NS,731.0,False,False,False,False,False,True,SKIP,12.7349
2026-08-07 11:05,HDFCLIFE.NS,540.0,False,False,False,False,False,True,SKIP,11.1842
2026-08-07 11:05,HFCL.NS,207.98,True,False,True,False,False,False,SKIP,10.5009
2026-08-07 11:05,HAVELLS.NS,1288.0,True,False,True,True,False,False,SKIP,24.7584
2026-08-07 11:05,HEROMOTOCO.NS,5725.0,True,True,False,True,True,False,SKIP,132.029
2026-08-07 11:05,HEXT.NS,564.6,True,False,True,False,False,False,SKIP,24.397
2026-08-07 11:05,HSCL.NS,752.65,True,False,True,False,False,False,SKIP,28.8193
2026-08-07 11:05,HINDALCO.NS,1059.6,True,False,False,True,True,False,SKIP,22.854
2026-08-07 11:05,HAL.NS,4910.0,True,False,False,True,True,False,SKIP,100.1734
2026-08-07 11:05,HINDCOPPER.NS,536.1,True,False,True,True,True,False,SKIP,16.1384
2026-08-07 11:05,HINDPETRO.NS,393.05,True,False,True,False,False,False,SKIP,9.3333
2026-08-07 11:05,HINDUNILVR.NS,2096.0,False,False,True,False,False,False,SKIP,43.8469
2026-08-07 11:05,HINDZINC.NS,603.0,True,False,False,True,True,False,SKIP,14.4896
2026-08-07 11:05,POWERINDIA.NS,32600.0,False,False,True,True,False,False,SKIP,1067.9418
2026-08-07 11:05,HOMEFIRST.NS,1193.8,True,False,True,False,False,False,SKIP,37.8638
2026-08-07 11:05,HONASA.NS,477.6,True,False,True,True,True,False,SKIP,14.2798
2026-08-07 11:05,HONAUT.NS,37900.0,True,False,True,False,False,True,SKIP,959.3098
2026-08-07 11:05,HUDCO.NS,201.04,False,False,True,True,False,False,SKIP,5.143
2026-08-07 11:05,HYUNDAI.NS,2200.5,True,False,False,True,False,False,SKIP,53.1892
2026-08-07 11:05,ICICIBANK.NS,1421.0,True,False,True,False,False,False,SKIP,24.6577
2026-08-07 11:05,ICICIGI.NS,1639.0,False,False,True,True,False,False,SKIP,51.9668
2026-08-07 11:05,ICICIAMC.NS,3072.8,False,False,True,True,False,True,SKIP,67.6765
2026-08-07 11:05,ICICIPRULI.NS,501.05,False,False,True,False,False,True,SKIP,11.855
2026-08-07 11:05,IDBI.NS,84.22,True,False,True,False,False,False,SKIP,2.1387
2026-08-07 11:05,IDFCFIRSTB.NS,84.62,True,True,True,True,False,False,SKIP,1.7829
2026-08-07 11:05,IFCI.NS,73.98,True,False,True,True,False,False,SKIP,2.5863
2026-08-07 11:05,IIFL.NS,611.75,True,True,True,True,False,False,SKIP,18.5642
2026-08-07 11:05,IRB.NS,19.68,False,False,True,True,False,False,SKIP,0.4044
2026-08-07 11:05,IRCON.NS,131.25,False,False,True,True,False,False,SKIP,2.904
2026-08-07 11:05,ITCHOTELS.NS,170.65,True,False,True,True,False,False,SKIP,4.603
2026-08-07 11:05,ITC.NS,286.1,False,False,True,True,False,False,SKIP,4.5264
2026-08-07 11:05,ITI.NS,282.4,False,False,True,True,False,False,SKIP,7.0899
2026-08-07 11:05,INDGN.NS,554.45,True,False,True,True,True,False,SKIP,19.783
2026-08-07 11:05,INDIACEM.NS,398.15,True,False,True,False,False,False,SKIP,10.8565
2026-08-07 11:05,INDIAMART.NS,1755.0,False,False,False,False,False,True,SKIP,45.6932
2026-08-07 11:05,INDIANB.NS,889.5,True,False,True,True,True,False,SKIP,20.9556
2026-08-07 11:05,IEX.NS,127.1,True,False,True,True,False,False,SKIP,3.4158
2026-08-07 11:05,INDHOTEL.NS,731.0,True,False,True,False,False,False,SKIP,14.6009
2026-08-07 11:05,IOC.NS,143.38,True,False,True,True,False,False,SKIP,2.7607
2026-08-07 11:05,IOB.NS,34.26,True,False,True,True,False,False,SKIP,0.6834
2026-08-07 11:05,IRCTC.NS,519.95,True,False,True,True,False,False,SKIP,9.2519
2026-08-07 11:05,IRFC.NS,88.75,False,False,True,True,False,False,SKIP,1.5199
2026-08-07 11:05,IREDA.NS,119.8,False,False,True,True,False,True,SKIP,2.5402
2026-08-07 11:05,IGL.NS,151.94,False,False,True,True,False,False,SKIP,3.1123
2026-08-07 11:05,INDUSTOWER.NS,386.0,False,False,True,False,False,False,SKIP,9.7869
2026-08-07 11:05,INDUSINDBK.NS,1022.0,True,False,True,False,False,False,SKIP,23.3088
2026-08-07 11:05,NAUKRI.NS,1225.3,True,True,True,False,False,False,SKIP,34.7772
2026-08-07 11:05,INFY.NS,1175.1,True,False,True,True,False,False,SKIP,32.7225
2026-08-07 11:05,INOXWIND.NS,78.0,False,False,True,True,False,False,SKIP,2.3624
2026-08-07 11:05,INTELLECT.NS,721.35,False,False,True,False,False,False,SKIP,27.3721
2026-08-07 11:05,INDIGO.NS,5333.0,True,False,True,True,False,False,SKIP,133.2037
2026-08-07 11:05,IGIL.NS,355.8,True,False,True,True,False,False,SKIP,12.4923
2026-08-07 11:05,IKS.NS,1737.7,False,False,True,False,True,True,SKIP,62.6555
2026-08-07 11:05,IPCALAB.NS,1735.8,True,False,True,False,False,False,SKIP,55.4071
2026-08-07 11:05,JKCEMENT.NS,5379.5,False,False,True,False,False,True,SKIP,145.7823
2026-08-07 11:05,JBMA.NS,648.65,False,False,True,False,False,True,SKIP,17.2348
2026-08-07 11:05,JKTYRE.NS,394.9,False,False,True,True,True,False,SKIP,12.3658
2026-08-07 11:05,JMFINANCIL.NS,127.46,True,False,True,True,True,False,SKIP,4.2559
2026-08-07 11:05,JSWCEMENT.NS,134.29,True,False,True,False,False,False,SKIP,3.1588
2026-08-07 11:05,JSWDULUX.NS,3011.7,False,False,True,True,False,False,SKIP,92.3441
2026-08-07 11:05,JSWENERGY.NS,564.4,True,False,True,True,False,False,SKIP,12.1986
2026-08-07 11:05,JSWINFRA.NS,335.75,True,False,True,False,False,False,SKIP,11.2397
2026-08-07 11:05,JSWSTEEL.NS,1299.5,True,False,True,True,False,False,SKIP,26.6724
2026-08-07 11:05,JAINREC.NS,308.4,False,False,False,False,False,True,SKIP,15.9222
2026-08-07 11:05,JPPOWER.NS,17.94,True,False,True,True,False,False,SKIP,0.6212
2026-08-07 11:05,J&KBANK.NS,159.24,False,False,True,False,False,False,SKIP,7.4511
2026-08-07 11:05,JINDALSAW.NS,271.4,True,False,True,True,False,False,SKIP,8.7116
2026-08-07 11:05,JSL.NS,734.65,True,False,True,False,False,False,SKIP,17.0005
2026-08-07 11:05,JINDALSTEL.NS,1103.0,True,False,True,True,False,False,SKIP,24.2414
2026-08-07 11:05,JIOFIN.NS,256.8,True,False,True,True,False,False,SKIP,6.4335
2026-08-07 11:05,JUBLFOOD.NS,486.5,True,False,True,True,True,False,SKIP,14.0034
2026-08-07 11:05,JUBLINGREA.NS,740.25,True,False,True,False,False,False,SKIP,25.0472
2026-08-07 11:05,JUBLPHARMA.NS,932.0,False,False,False,False,False,True,SKIP,25.5564
2026-08-07 11:05,JWL.NS,260.0,False,False,True,True,False,False,SKIP,7.1762
2026-08-07 11:05,JYOTICNC.NS,784.3,True,True,True,False,True,False,SKIP,35.9149
2026-08-07 11:05,KPRMILL.NS,1076.7,True,False,True,True,False,False,SKIP,36.2662
2026-08-07 11:05,KEI.NS,5600.0,True,False,False,True,False,False,SKIP,155.6655
2026-08-07 11:05,KPITTECH.NS,629.9,False,False,True,True,False,False,SKIP,23.4064
2026-08-07 11:05,KAJARIACER.NS,1167.3,False,False,False,False,False,True,SKIP,31.3271
2026-08-07 11:05,KPIL.NS,1317.2,True,False,True,True,False,False,SKIP,34.775
2026-08-07 11:05,KALYANKJIL.NS,606.3,True,True,True,False,False,False,SKIP,26.802
2026-08-07 11:05,KARURVYSYA.NS,335.55,True,False,True,False,False,False,SKIP,9.5582
2026-08-07 11:05,KAYNES.NS,3856.3,True,False,True,True,False,False,SKIP,124.7249
2026-08-07 11:05,KEC.NS,478.85,False,False,True,True,False,False,SKIP,12.2269
2026-08-07 11:05,KFINTECH.NS,936.0,True,False,True,True,False,False,SKIP,26.792
2026-08-07 11:05,KIRLOSENG.NS,2161.7,True,False,True,False,True,False,SKIP,109.2054
2026-08-07 11:05,KOTAKBANK.NS,390.75,True,False,True,True,False,False,SKIP,7.2428
2026-08-07 11:05,KIMS.NS,811.1,True,False,True,True,True,False,SKIP,21.6586
2026-08-07 11:05,LTF.NS,308.0,True,False,True,False,False,False,SKIP,8.9361
2026-08-07 11:05,LTTS.NS,3598.7,True,False,True,True,False,False,SKIP,113.0597
2026-08-07 11:05,LGEINDIA.NS,1586.5,True,False,True,True,False,False,SKIP,34.2326
2026-08-07 11:05,LICHSGFIN.NS,504.25,False,False,False,False,False,True,SKIP,11.2088
2026-08-07 11:05,LTFOODS.NS,427.55,True,False,False,True,False,False,SKIP,11.4042
2026-08-07 11:05,LTM.NS,4658.1,True,False,True,True,False,False,SKIP,144.038
2026-08-07 11:05,LT.NS,4056.0,True,False,True,True,False,False,SKIP,64.2093
2026-08-07 11:05,LATENTVIEW.NS,297.2,False,False,True,False,False,True,SKIP,11.0916
2026-08-07 11:05,LAURUSLABS.NS,1844.3,True,True,False,True,False,False,SKIP,40.9991
2026-08-07 11:05,THELEELA.NS,518.0,True,False,True,True,False,False,SKIP,17.5425
2026-08-07 11:05,LEMONTREE.NS,111.01,False,False,True,True,False,False,SKIP,2.618
2026-08-07 11:05,LENSKART.NS,569.7,True,False,True,False,False,False,SKIP,14.212
2026-08-07 11:05,LICI.NS,394.0,False,False,False,False,True,True,SKIP,9.9639
2026-08-07 11:05,LINDEINDIA.NS,7112.5,True,False,True,True,False,False,SKIP,182.8529
2026-08-07 11:05,LLOYDSME.NS,2101.2,True,True,True,True,False,False,SKIP,59.9384
2026-08-07 11:05,LODHA.NS,1218.7,True,True,True,False,False,False,SKIP,43.8118
2026-08-07 11:05,LUPIN.NS,2363.5,False,False,True,False,True,True,SKIP,52.7195
2026-08-07 11:05,MMTC.NS,63.98,False,False,True,True,False,False,SKIP,1.7067
2026-08-07 11:05,MRF.NS,134190.0,True,False,True,False,False,False,SKIP,2130.2759
2026-08-07 11:05,MGL.NS,1139.6,True,False,True,True,True,False,SKIP,31.7019
2026-08-07 11:05,M&MFIN.NS,408.45,True,True,True,True,False,False,SKIP,15.353
2026-08-07 11:05,M&M.NS,3502.0,True,False,True,True,True,False,SKIP,81.5449
2026-08-07 11:06,MANAPPURAM.NS,366.75,True,False,True,False,False,False,SKIP,11.0839
2026-08-07 11:06,MRPL.NS,167.01,True,False,True,False,False,False,SKIP,6.9333
2026-08-07 11:06,MANKIND.NS,2456.0,False,False,True,False,False,True,SKIP,63.459
2026-08-07 11:06,MARICO.NS,862.0,True,True,True,False,False,False,SKIP,18.245
2026-08-07 11:06,MARUTI.NS,14037.0,True,False,True,True,False,False,SKIP,279.4313
2026-08-07 11:06,MFSL.NS,1497.4,False,False,False,True,False,True,SKIP,37.6716
2026-08-07 11:06,MAXHEALTH.NS,1070.0,False,False,True,False,False,True,SKIP,25.5447
2026-08-07 11:06,MAZDOCK.NS,2514.9,True,False,True,True,True,False,SKIP,60.8295
2026-08-07 11:06,MEESHO.NS,191.35,True,False,True,True,False,False,SKIP,6.9236
2026-08-07 11:06,MINDACORP.NS,721.65,True,False,True,True,False,False,SKIP,20.8669
2026-08-07 11:06,MSUMI.NS,41.16,True,False,True,False,True,False,SKIP,1.2295
2026-08-07 11:06,MOTILALOFS.NS,870.0,False,False,True,False,False,False,SKIP,25.674
2026-08-07 11:06,MPHASIS.NS,2475.0,True,False,True,True,False,False,SKIP,86.7192
2026-08-07 11:06,MCX.NS,2638.0,False,False,True,False,False,True,SKIP,79.8882
2026-08-07 11:06,MUTHOOTFIN.NS,2890.0,False,False,False,False,False,False,SKIP,97.2305
2026-08-07 11:06,NATCOPHARM.NS,916.65,False,False,True,False,False,True,SKIP,22.6599
2026-08-07 11:06,NBCC.NS,95.33,False,False,True,True,False,False,SKIP,2.1789
2026-08-07 11:06,NCC.NS,145.59,False,False,True,True,True,False,SKIP,3.6716
2026-08-07 11:06,NHPC.NS,76.92,False,False,True,False,False,True,SKIP,1.8014
2026-08-07 11:06,NLCINDIA.NS,304.4,False,False,True,True,False,False,SKIP,7.7534
2026-08-07 11:06,NMDC.NS,84.92,False,False,True,True,False,False,SKIP,1.6954
2026-08-07 11:06,NSLNISP.NS,43.84,True,False,True,True,True,False,SKIP,1.0318
2026-08-07 11:06,NTPCGREEN.NS,91.5,False,False,True,True,False,True,SKIP,2.0352
2026-08-07 11:06,NTPC.NS,342.5,False,False,True,True,False,True,SKIP,6.1749
2026-08-07 11:06,NH.NS,1885.1,False,False,False,False,False,True,SKIP,47.9309
2026-08-07 11:06,NATIONALUM.NS,381.0,True,False,True,True,False,False,SKIP,10.4262
2026-08-07 11:06,NAVA.NS,581.85,False,False,True,True,False,False,SKIP,16.9149
2026-08-07 11:06,NAVINFLUOR.NS,8271.0,True,False,True,True,True,False,SKIP,285.009
2026-08-07 11:06,NESTLEIND.NS,1540.0,True,False,True,True,False,False,SKIP,35.2536
2026-08-07 11:06,NETWEB.NS,4939.2,True,False,True,True,False,False,SKIP,195.6561
2026-08-07 11:06,NEULANDLAB.NS,22855.0,True,False,False,True,True,False,SKIP,853.3619
2026-08-07 11:06,NEWGEN.NS,551.0,True,False,True,False,False,False,SKIP,26.5457
2026-08-07 11:06,NAM-INDIA.NS,1176.0,True,False,True,True,False,False,SKIP,34.0073
2026-08-07 11:06,NIVABUPA.NS,86.19,True,True,True,False,False,False,SKIP,2.2376
2026-08-07 11:06,NUVAMA.NS,1642.7,False,False,False,False,False,True,SKIP,72.0573
2026-08-07 11:06,NUVOCO.NS,345.8,True,True,True,False,False,False,SKIP,12.2439
2026-08-07 11:06,OBEROIRLTY.NS,1775.0,False,False,True,False,False,True,SKIP,45.2238
2026-08-07 11:06,ONGC.NS,238.85,False,False,False,False,False,True,SKIP,4.5521
2026-08-07 11:06,OIL.NS,442.8,False,False,True,False,True,False,SKIP,11.0854
2026-08-07 11:06,OLAELEC.NS,41.07,True,False,True,True,False,False,SKIP,1.6065
2026-08-07 11:06,OLECTRA.NS,1385.0,True,False,True,True,False,False,SKIP,37.9793
2026-08-07 11:06,PAYTM.NS,1441.6,True,False,False,True,False,False,SKIP,44.8267
2026-08-07 11:06,ONESOURCE.NS,1576.0,False,False,True,False,False,False,SKIP,64.0393
2026-08-07 11:06,OFSS.NS,11805.0,True,False,True,True,False,False,SKIP,394.6424
2026-08-07 11:06,POLICYBZR.NS,1604.5,True,False,True,True,False,False,SKIP,45.984
2026-08-07 11:06,PCBL.NS,321.9,True,False,True,False,False,False,SKIP,14.3745
2026-08-07 11:06,PGEL.NS,630.65,True,False,True,False,True,False,SKIP,22.4131
2026-08-07 11:06,PIIND.NS,2774.6,True,False,True,True,False,False,SKIP,56.9584
2026-08-07 11:06,PNBHOUSING.NS,1143.0,True,False,True,True,True,False,SKIP,36.0367
2026-08-07 11:06,PTCIL.NS,19076.0,True,False,False,True,True,False,SKIP,480.6308
2026-08-07 11:06,PVRINOX.NS,1156.0,True,True,True,True,False,False,SKIP,34.5448
2026-08-07 11:06,PAGEIND.NS,39900.0,True,False,True,False,False,True,SKIP,863.0992
2026-08-07 11:06,PARADEEP.NS,149.45,True,False,True,True,False,False,SKIP,5.5621
2026-08-07 11:06,PATANJALI.NS,357.5,False,True,True,True,False,False,SKIP,10.5197
2026-08-07 11:06,PERSISTENT.NS,5475.0,True,False,True,True,False,False,SKIP,172.4378
2026-08-07 11:06,PETRONET.NS,280.6,True,False,True,True,False,False,SKIP,5.9047
2026-08-07 11:06,PFIZER.NS,4880.6,True,False,True,True,False,False,SKIP,95.6067
2026-08-07 11:06,PHOENIXLTD.NS,1895.5,False,False,False,False,False,True,SKIP,50.2836
2026-08-07 11:06,PWL.NS,131.59,True,False,True,False,True,False,SKIP,5.9052
2026-08-07 11:06,PIDILITIND.NS,1660.0,True,False,True,True,False,False,SKIP,35.3647
2026-08-07 11:06,PINELABS.NS,154.44,True,False,True,True,False,False,SKIP,7.0135
2026-08-07 11:06,PIRAMALFIN.NS,2109.7,True,False,True,False,False,False,SKIP,66.1761
2026-08-07 11:06,PPLPHARMA.NS,209.55,True,True,False,True,False,False,SKIP,7.5068
2026-08-07 11:06,POLYMED.NS,1693.8,True,False,True,False,True,False,SKIP,53.4892
2026-08-07 11:06,POLYCAB.NS,9218.0,True,False,True,True,False,False,SKIP,201.0852
2026-08-07 11:06,POONAWALLA.NS,480.05,True,False,True,False,True,False,SKIP,15.7745
2026-08-07 11:06,PFC.NS,420.0,True,False,True,True,False,False,SKIP,8.2463
2026-08-07 11:06,POWERGRID.NS,271.6,False,False,False,False,False,True,SKIP,5.5678
2026-08-07 11:06,PREMIERENE.NS,1047.2,True,False,True,True,True,False,SKIP,31.7499
2026-08-07 11:06,PRESTIGE.NS,1584.8,True,False,True,False,False,True,SKIP,53.2362
2026-08-07 11:06,PFOCUS.NS,287.6,True,True,True,False,True,False,SKIP,14.4656
2026-08-07 11:06,PNB.NS,114.81,True,False,True,True,False,False,SKIP,1.9417
2026-08-07 11:06,RRKABEL.NS,2759.5,True,True,False,True,False,False,SKIP,102.7082
2026-08-07 11:06,RBLBANK.NS,389.8,True,False,True,True,False,False,SKIP,9.4049
2026-08-07 11:06,RECLTD.NS,367.0,True,False,True,True,False,False,SKIP,7.3652
2026-08-07 11:06,RHIM.NS,412.8,True,False,True,True,False,False,SKIP,13.7301
2026-08-07 11:06,RITES.NS,234.24,True,False,True,True,True,False,SKIP,6.8637
2026-08-07 11:06,RADICO.NS,4499.0,True,True,False,True,False,False,SKIP,110.3334
2026-08-07 11:06,RVNL.NS,233.38,False,False,True,True,False,False,SKIP,5.4793
2026-08-07 11:06,RAILTEL.NS,288.55,False,False,True,True,False,False,SKIP,7.0583
2026-08-07 11:06,RAINBOW.NS,1556.7,True,False,True,True,False,False,SKIP,42.9049
2026-08-07 11:06,RKFORGE.NS,726.55,True,True,False,True,False,False,SKIP,24.0625
2026-08-07 11:06,REDINGTON.NS,354.85,True,True,False,True,False,False,SKIP,14.941
2026-08-07 11:06,RELIANCE.NS,1334.8,True,False,True,True,False,False,SKIP,23.6721
2026-08-07 11:06,RPOWER.NS,24.34,False,False,True,True,True,False,SKIP,0.7752
2026-08-07 11:06,SBFC.NS,94.25,True,False,True,True,False,False,SKIP,2.1729
2026-08-07 11:06,SBICARD.NS,659.0,True,False,True,True,False,False,SKIP,15.036
2026-08-07 11:06,SBILIFE.NS,1855.5,True,False,True,False,False,False,SKIP,37.073
2026-08-07 11:06,SJVN.NS,67.96,False,False,False,True,False,True,SKIP,1.2854
2026-08-07 11:06,SRF.NS,2615.0,False,False,True,False,False,True,SKIP,63.135
2026-08-07 11:06,SAGILITY.NS,43.67,True,False,True,True,False,False,SKIP,1.4764
2026-08-07 11:06,SAILIFE.NS,1365.2,True,False,True,True,True,False,SKIP,42.2876
2026-08-07 11:06,SAMMAANCAP.NS,163.17,False,False,True,True,False,False,SKIP,4.7868
2026-08-07 11:06,MOTHERSON.NS,168.5,True,False,False,True,True,False,SKIP,5.2375
2026-08-07 11:06,SAPPHIRE.NS,224.22,True,False,False,True,True,False,SKIP,10.0675
2026-08-07 11:06,SARDAEN.NS,497.6,False,False,True,False,True,True,SKIP,13.646
2026-08-07 11:06,SAREGAMA.NS,519.2,True,False,True,True,False,False,SKIP,24.5911
2026-08-07 11:06,SCHAEFFLER.NS,4035.2,False,False,True,False,False,True,SKIP,101.9185
2026-08-07 11:06,SCHNEIDER.NS,1354.8,True,False,True,False,False,False,SKIP,54.9267
2026-08-07 11:06,SCI.NS,304.75,True,False,True,True,True,False,SKIP,10.2053
2026-08-07 11:06,SHREECEM.NS,26010.0,False,False,True,False,False,True,SKIP,613.5371
2026-08-07 11:06,SHRIRAMFIN.NS,1115.0,True,False,True,True,False,False,SKIP,30.5596
2026-08-07 11:06,SHYAMMETL.NS,1006.9,True,False,True,False,False,False,SKIP,28.6496
2026-08-07 11:06,ENRIN.NS,3648.8,True,False,True,True,True,False,SKIP,140.4015
2026-08-07 11:06,SIEMENS.NS,3940.1,True,False,True,True,False,False,SKIP,104.761
2026-08-07 11:06,SIGNATURE.NS,802.3,False,False,True,True,False,False,SKIP,26.4826
2026-08-07 11:06,SOBHA.NS,1339.0,False,False,False,False,False,True,SKIP,39.0812
2026-08-07 11:06,SOLARINDS.NS,18650.0,True,False,True,False,False,False,SKIP,495.6906
2026-08-07 11:06,SONACOMS.NS,818.05,True,True,False,True,False,False,SKIP,23.5776
2026-08-07 11:06,SONATSOFTW.NS,318.05,True,True,True,True,False,False,SKIP,16.7172
2026-08-07 11:06,STARHEALTH.NS,569.85,False,False,True,False,False,True,SKIP,16.9565
2026-08-07 11:06,SBIN.NS,1097.2,True,False,False,True,True,False,SKIP,21.1346
2026-08-07 11:06,SAIL.NS,176.58,True,False,True,True,False,False,SKIP,5.1109
2026-08-07 11:06,SUMICHEM.NS,532.95,True,False,True,False,False,False,SKIP,19.3535
2026-08-07 11:06,SUNPHARMA.NS,1945.0,True,False,True,False,False,False,SKIP,34.2963
2026-08-07 11:06,SUNTV.NS,486.65,False,False,False,False,False,True,SKIP,11.4786
2026-08-07 11:06,SUNDARMFIN.NS,4604.2,True,False,True,True,False,False,SKIP,132.7288
2026-08-07 11:06,SUPREMEIND.NS,3442.0,False,False,True,True,False,False,SKIP,91.3379
2026-08-07 11:06,SPLPETRO.NS,701.45,False,False,True,False,False,True,SKIP,23.2464
2026-08-07 11:06,SUZLON.NS,48.15,False,False,False,False,False,False,SKIP,1.4237
2026-08-07 11:06,SWANCORP.NS,308.05,False,False,True,True,False,True,SKIP,7.2879
2026-08-07 11:06,SWIGGY.NS,280.75,True,False,True,True,False,False,SKIP,12.2346
2026-08-07 11:06,SYNGENE.NS,403.7,False,False,True,True,True,False,SKIP,13.5677
2026-08-07 11:06,SYRMA.NS,1424.7,True,False,True,True,False,False,SKIP,53.9301
2026-08-07 11:06,TBOTEK.NS,1610.9,True,False,True,True,False,False,SKIP,60.5485
2026-08-07 11:06,TVSMOTOR.NS,4440.9,True,True,False,True,False,False,SKIP,98.5062
2026-08-07 11:06,TATACAP.NS,370.3,True,False,True,True,True,False,SKIP,11.2933
2026-08-07 11:06,TATACHEM.NS,673.55,False,False,True,False,True,True,SKIP,16.5178
2026-08-07 11:06,TATACOMM.NS,1755.2,False,True,True,False,False,False,SKIP,53.5423
2026-08-07 11:06,TCS.NS,2452.7,True,False,True,True,False,False,SKIP,68.0891
2026-08-07 11:06,TATACONSUM.NS,1082.3,False,False,True,True,False,True,SKIP,22.7801
2026-08-07 11:06,TATAELXSI.NS,3781.0,False,False,True,True,False,False,SKIP,98.9841
2026-08-07 11:06,TATAINVEST.NS,693.65,True,False,True,True,True,False,SKIP,17.12
2026-08-07 11:06,TMCV.NS,453.1,True,False,True,True,False,False,SKIP,12.9162
2026-08-07 11:06,TMPV.NS,347.0,True,False,True,True,False,False,SKIP,7.3593
2026-08-07 11:06,TATAPOWER.NS,380.55,False,False,True,True,False,False,SKIP,6.3533
2026-08-07 11:06,TATASTEEL.NS,187.55,False,False,True,True,False,False,SKIP,3.7063
2026-08-07 11:06,TATATECH.NS,872.8,True,False,False,True,True,False,SKIP,30.214
2026-08-07 11:06,TTML.NS,39.37,False,False,False,True,False,True,SKIP,1.2474
2026-08-07 11:06,TECHM.NS,1635.0,True,False,True,False,True,False,SKIP,42.5408
2026-08-07 11:06,TECHNOE.NS,1066.25,True,False,True,True,True,False,SKIP,30.6105
2026-08-07 11:06,TEGA.NS,1625.7,False,False,True,True,True,False,SKIP,53.3214
2026-08-07 11:06,TEJASNET.NS,513.45,False,False,True,True,False,False,SKIP,20.1228
2026-08-07 11:06,TENNIND.NS,562.8,False,False,True,True,True,False,SKIP,19.2267
2026-08-07 11:06,NIACL.NS,177.11,True,False,True,True,False,False,SKIP,6.625
2026-08-07 11:06,RAMCOCEM.NS,933.8,True,False,True,True,True,False,SKIP,23.265
2026-08-07 11:06,THERMAX.NS,4059.9,False,False,False,False,False,False,SKIP,197.7074
2026-08-07 11:06,TIMKEN.NS,3351.0,True,False,True,True,False,False,SKIP,89.7009
2026-08-07 11:06,TITAGARH.NS,847.45,True,False,True,True,False,False,SKIP,23.6967
2026-08-07 11:06,TITAN.NS,4941.0,True,True,True,True,True,False,TAKE,87.0109
2026-08-07 11:06,TORNTPHARM.NS,4924.0,True,False,True,False,False,False,SKIP,132.1307
2026-08-07 11:06,TORNTPOWER.NS,1350.8,False,False,False,False,False,False,SKIP,34.0677
2026-08-07 11:06,TARIL.NS,297.8,False,False,False,False,False,True,SKIP,10.3669
2026-08-07 11:06,TRAVELFOOD.NS,1428.6,True,False,False,True,True,False,SKIP,49.3167
2026-08-07 11:06,TRENT.NS,2997.0,True,False,True,True,True,False,SKIP,81.0019
2026-08-07 11:06,TRIDENT.NS,25.18,True,False,True,False,True,False,SKIP,0.5382
2026-08-07 11:06,TRITURBINE.NS,636.45,True,False,True,True,False,False,SKIP,20.5376
2026-08-07 11:06,TIINDIA.NS,2772.0,False,False,True,True,False,False,SKIP,84.4454
2026-08-07 11:06,UCOBANK.NS,26.4,True,False,True,True,False,False,SKIP,0.5509
2026-08-07 11:06,UNOMINDA.NS,1285.0,True,False,False,True,False,False,SKIP,32.3785
2026-08-07 11:06,UPL.NS,573.0,False,False,False,False,False,True,SKIP,14.7337
2026-08-07 11:06,UTIAMC.NS,896.65,False,False,True,False,False,False,SKIP,20.4945
2026-08-07 11:06,ULTRACEMCO.NS,12105.0,True,False,True,True,False,False,SKIP,198.9301
2026-08-07 11:06,UNIONBANK.NS,183.6,True,False,True,True,True,False,SKIP,4.732
2026-08-07 11:06,UBL.NS,1400.3,True,False,True,False,False,False,SKIP,34.9853
2026-08-07 11:06,UNITDSPR.NS,1512.4,True,True,True,True,False,False,SKIP,29.022
2026-08-07 11:06,URBANCO.NS,143.74,True,True,True,True,False,False,SKIP,5.4344
2026-08-07 11:06,USHAMART.NS,515.05,True,False,True,True,False,False,SKIP,13.9142
2026-08-07 11:06,VTL.NS,606.75,False,False,True,False,False,False,SKIP,20.6706
2026-08-07 11:06,VBL.NS,442.0,False,True,False,True,False,False,SKIP,12.0143
2026-08-07 11:06,VEDL.NS,278.85,False,False,True,True,False,False,SKIP,7.4979
2026-08-07 11:06,VIJAYA.NS,1351.1,True,False,True,False,True,False,SKIP,49.4652
2026-08-07 11:06,VMM.NS,108.72,False,False,True,True,False,True,SKIP,2.911
2026-08-07 11:06,IDEA.NS,12.73,False,False,False,False,False,True,SKIP,0.3351
2026-08-07 11:06,VOLTAS.NS,1285.0,False,False,True,False,True,True,SKIP,35.3986
2026-08-07 11:06,WAAREEENER.NS,2717.0,False,True,True,True,False,False,SKIP,69.2095
2026-08-07 11:06,WELCORP.NS,1839.8,True,False,False,True,False,False,SKIP,54.9317
2026-08-07 11:06,WELSPUNLIV.NS,164.09,True,False,True,False,True,False,SKIP,5.7692
2026-08-07 11:06,WHIRLPOOL.NS,813.15,True,False,True,True,False,False,SKIP,26.1435
2026-08-07 11:06,WIPRO.NS,187.53,True,False,True,True,False,False,SKIP,3.8418
2026-08-07 11:06,WOCKPHARMA.NS,2021.0,True,False,True,True,False,False,SKIP,65.2871
2026-08-07 11:06,YESBANK.NS,22.69,False,False,True,False,False,True,SKIP,0.4052
2026-08-07 11:06,ZFCVINDIA.NS,2637.2,True,True,True,True,False,False,SKIP,85.5071
2026-08-07 11:06,ZEEL.NS,94.19,False,False,False,False,False,True,SKIP,5.291
2026-08-07 11:06,ZENTEC.NS,1721.1,False,False,True,True,False,False,SKIP,63.2712
2026-08-07 11:06,ZENSARTECH.NS,499.0,True,False,True,False,False,True,SKIP,20.8636
2026-08-07 11:06,ZYDUSLIFE.NS,1114.2,True,False,True,False,False,True,SKIP,23.5833
2026-08-07 11:06,ZYDUSWELL.NS,533.85,False,False,True,False,False,True,SKIP,22.5782
2026-08-07 11:06,ECLERX.NS,1769.1,True,False,True,False,False,False,SKIP,95.7487
2026-08-08 15:08,360ONE.NS,1168.1,True,False,True,True,True,False,SKIP,32.8264
2026-08-08 15:08,3MINDIA.NS,36035.0,True,False,True,False,False,False,SKIP,871.5205
2026-08-08 15:08,ABB.NS,7600.0,True,False,True,True,False,False,SKIP,212.1778
2026-08-08 15:08,ACC.NS,1362.8,False,False,True,True,False,False,SKIP,29.8503
2026-08-08 15:08,ACMESOLAR.NS,368.6,True,False,True,False,False,False,SKIP,14.7191
2026-08-08 15:08,AIAENG.NS,4776.0,True,False,True,True,False,False,SKIP,142.9058
2026-08-08 15:08,APLAPOLLO.NS,1970.0,True,False,True,True,False,False,SKIP,47.4942
2026-08-08 15:08,AUBANK.NS,1067.0,True,False,True,True,False,False,SKIP,28.3669
2026-08-08 15:08,AWL.NS,197.5,True,False,True,True,False,False,SKIP,5.2936
2026-08-08 15:08,AADHARHFC.NS,506.4,True,False,True,False,False,False,SKIP,14.8869
2026-08-08 15:08,AARTIIND.NS,502.1,True,False,True,True,False,False,SKIP,15.3455
2026-08-08 15:08,AAVAS.NS,1371.5,False,False,True,False,False,True,SKIP,44.4826
2026-08-08 15:08,ABBOTINDIA.NS,27835.0,True,True,True,False,False,False,SKIP,416.0955
2026-08-08 15:08,ACE.NS,1094.3,True,True,True,True,False,False,SKIP,38.8831
2026-08-08 15:08,ACUTAAS.NS,3297.9,True,False,True,False,False,False,SKIP,140.8332
2026-08-08 15:08,ADANIENSOL.NS,1630.1,True,False,True,False,False,True,SKIP,48.6391
2026-08-08 15:08,ADANIENT.NS,3020.0,True,False,True,False,False,True,SKIP,66.1575
2026-08-08 15:08,ADANIGREEN.NS,1372.4,False,False,False,False,False,True,SKIP,43.8748
2026-08-08 15:08,ADANIPORTS.NS,1693.5,False,False,False,False,False,False,SKIP,36.3658
2026-08-08 15:08,ADANIPOWER.NS,209.0,False,False,True,False,False,True,SKIP,5.3485
2026-08-08 15:08,ATGL.NS,657.55,False,False,False,False,False,True,SKIP,18.301
2026-08-08 15:08,ABCAPITAL.NS,408.05,True,False,True,True,True,False,SKIP,11.4451
2026-08-08 15:08,ABFRL.NS,63.33,True,False,True,True,True,False,SKIP,1.9821
2026-08-08 15:08,ABLBL.NS,93.86,False,False,True,True,False,False,SKIP,2.2017
2026-08-08 15:08,ABREL.NS,1382.8,True,False,True,False,True,True,SKIP,44.3885
2026-08-08 15:08,ABSLAMC.NS,1025.3,False,False,True,True,False,False,SKIP,34.5194
2026-08-08 15:08,CPPLUS.NS,3708.7,True,False,True,True,False,False,SKIP,147.4077
2026-08-08 15:08,AEGISLOG.NS,1371.0,True,False,True,False,False,False,SKIP,80.9015
2026-08-08 15:08,AEGISVOPAK.NS,285.3,True,True,True,False,False,False,SKIP,14.6863
2026-08-08 15:08,AFCONS.NS,274.25,False,False,False,True,False,True,SKIP,9.3916
2026-08-08 15:08,AFFLE.NS,1645.6,True,False,True,True,False,False,SKIP,59.1271
2026-08-08 15:08,AJANTPHARM.NS,3489.2,True,True,True,False,False,False,SKIP,97.522
2026-08-08 15:08,ALKEM.NS,5620.0,True,False,True,False,False,False,SKIP,118.0641
2026-08-08 15:08,ABDL.NS,599.25,False,False,True,False,True,True,SKIP,23.8132
2026-08-08 15:08,ARE&M.NS,931.7,True,False,True,True,False,False,SKIP,24.9015
2026-08-08 15:08,AMBER.NS,7435.0,False,False,True,True,False,False,SKIP,202.7836
2026-08-08 15:08,AMBUJACEM.NS,434.0,True,False,True,True,False,False,SKIP,10.7247
2026-08-08 15:08,ANANDRATHI.NS,2101.5,True,False,True,False,False,False,SKIP,48.4816
2026-08-08 15:08,ANANTRAJ.NS,615.9,True,False,True,False,False,False,SKIP,18.9953
2026-08-08 15:08,ANGELONE.NS,292.0,False,False,False,False,False,True,SKIP,9.2344
2026-08-08 15:08,ANTHEM.NS,841.0,True,False,True,True,False,False,SKIP,23.4826
2026-08-08 15:08,ANURAS.NS,1214.6,False,True,False,False,False,True,SKIP,21.1471
2026-08-08 15:08,APARINDS.NS,16631.0,True,False,False,True,False,False,SKIP,662.0414
2026-08-08 15:08,APOLLOHOSP.NS,8945.0,True,False,True,False,False,False,SKIP,143.992
2026-08-08 15:08,APOLLOTYRE.NS,445.0,True,False,True,True,True,False,SKIP,10.6337
2026-08-08 15:08,APTUS.NS,260.65,False,False,False,False,False,True,SKIP,8.6069
2026-08-08 15:08,ASAHIINDIA.NS,898.7,True,False,True,True,False,False,SKIP,24.9005
2026-08-08 15:08,ASHOKLEY.NS,177.5,True,False,False,True,False,False,SKIP,4.3991
2026-08-08 15:08,ASIANPAINT.NS,2735.0,True,False,True,True,False,False,SKIP,57.9489
2026-08-08 15:08,ASTERDM.NS,869.7,True,False,False,True,True,False,SKIP,26.9911
2026-08-08 15:08,ASTRAL.NS,1444.0,False,False,True,True,False,False,SKIP,33.5865
2026-08-08 15:08,ATHERENERG.NS,1481.5,True,True,False,True,False,False,SKIP,63.8673
2026-08-08 15:08,ATUL.NS,6774.0,True,False,True,True,True,False,SKIP,189.9123
2026-08-08 15:08,AUROPHARMA.NS,1658.0,True,False,True,True,True,False,SKIP,43.3849
2026-08-08 15:08,AIIL.NS,596.6,True,True,True,True,True,False,TAKE,22.8719
2026-08-08 15:08,DMART.NS,3900.0,False,False,True,True,False,False,SKIP,93.0235
2026-08-08 15:08,AXISBANK.NS,1238.0,False,False,True,True,False,False,SKIP,24.1123
2026-08-08 15:08,BEML.NS,1787.8,True,False,True,False,True,False,SKIP,57.2128
2026-08-08 15:08,BLS.NS,254.33,True,False,True,True,False,False,SKIP,7.742
2026-08-08 15:08,BSE.NS,3457.1,False,False,False,False,True,True,SKIP,104.4328
2026-08-08 15:08,BAJAJ-AUTO.NS,11662.0,True,True,True,True,False,False,SKIP,245.7142
2026-08-08 15:08,BAJFINANCE.NS,1078.0,True,False,True,True,True,False,SKIP,31.1177
2026-08-08 15:08,BAJAJFINSV.NS,2008.9,True,False,True,True,True,False,SKIP,48.8787
2026-08-08 15:08,BAJAJHLDNG.NS,11263.0,True,False,True,True,False,False,SKIP,247.0686
2026-08-08 15:08,BAJAJHFL.NS,85.79,False,False,True,True,False,False,SKIP,1.559
2026-08-08 15:08,BALKRISIND.NS,2466.3,True,False,False,True,False,False,SKIP,90.637
2026-08-08 15:09,BALRAMCHIN.NS,633.45,True,True,True,True,False,False,SKIP,21.9696
2026-08-08 15:09,BANDHANBNK.NS,176.02,False,False,True,False,False,False,SKIP,6.5877
2026-08-08 15:09,BANKBARODA.NS,250.7,False,False,True,True,False,False,SKIP,5.4587
2026-08-08 15:09,BANKINDIA.NS,145.0,True,False,True,True,False,False,SKIP,3.447
2026-08-08 15:09,MAHABANK.NS,78.28,False,False,True,False,False,True,SKIP,2.0696
2026-08-08 15:09,BATAINDIA.NS,720.5,True,False,True,True,False,False,SKIP,19.4041
2026-08-08 15:09,BAYERCROP.NS,4177.2,False,False,True,True,False,False,SKIP,80.3278
2026-08-08 15:09,BELRISE.NS,248.21,True,False,True,True,True,False,SKIP,6.8595
2026-08-08 15:09,BERGEPAINT.NS,530.55,True,False,True,True,False,False,SKIP,16.0235
2026-08-08 15:09,BDL.NS,1294.0,True,False,True,True,False,False,SKIP,33.6728
2026-08-08 15:09,BEL.NS,401.0,False,False,True,True,False,False,SKIP,7.2542
2026-08-08 15:09,BHARATFORG.NS,2265.2,True,False,True,True,True,False,SKIP,50.4116
2026-08-08 15:09,BHEL.NS,405.2,True,False,True,False,False,False,SKIP,12.0549
2026-08-08 15:09,BPCL.NS,321.0,True,False,True,True,False,False,SKIP,7.2334
2026-08-08 15:09,BHARTIARTL.NS,1959.9,True,False,True,True,False,False,SKIP,34.7446
2026-08-08 15:09,BHARTIHEXA.NS,1538.8,False,False,True,False,False,True,SKIP,47.5687
2026-08-08 15:09,BIKAJI.NS,623.5,False,False,False,False,True,True,SKIP,14.6788
2026-08-08 15:09,GROWW.NS,190.5,False,False,True,False,False,True,SKIP,5.8947
2026-08-08 15:09,BIOCON.NS,426.35,True,False,True,False,False,False,SKIP,10.6429
2026-08-08 15:09,BSOFT.NS,318.5,True,False,True,True,False,False,SKIP,11.4951
2026-08-08 15:09,BLUEDART.NS,5089.5,True,False,True,True,False,False,SKIP,155.653
2026-08-08 15:09,BLUEJET.NS,593.9,True,False,True,False,False,False,SKIP,25.6632
2026-08-08 15:09,BLUESTARCO.NS,1514.0,False,False,False,False,True,True,SKIP,57.5995
2026-08-08 15:09,BBTC.NS,1504.1,False,False,True,True,True,False,SKIP,29.7363
2026-08-08 15:09,BOSCHLTD.NS,42950.0,True,False,True,True,False,False,SKIP,981.6885
2026-08-08 15:09,FIRSTCRY.NS,214.2,False,False,True,True,False,False,SKIP,4.9902
2026-08-08 15:09,BRIGADE.NS,581.95,True,False,True,True,True,False,SKIP,17.5061
2026-08-08 15:09,BRITANNIA.NS,5510.0,True,False,True,True,True,False,SKIP,112.6276
2026-08-08 15:09,MAPMYINDIA.NS,1014.3,False,False,True,False,False,True,SKIP,60.7374
2026-08-08 15:09,CCL.NS,1130.0,False,False,False,False,False,True,SKIP,33.7166
2026-08-08 15:09,CESC.NS,163.94,False,False,True,True,True,False,SKIP,3.3318
2026-08-08 15:09,CGPOWER.NS,879.0,False,False,True,True,False,False,SKIP,28.1226
2026-08-08 15:09,CIEINDIA.NS,410.5,False,False,False,False,False,True,SKIP,12.5433
2026-08-08 15:09,CRISIL.NS,4607.0,True,False,True,True,False,False,SKIP,125.5642
2026-08-08 15:09,CANFINHOME.NS,811.3,False,False,False,False,False,True,SKIP,20.2597
2026-08-08 15:09,CANBK.NS,131.95,True,False,True,True,False,False,SKIP,2.7931
2026-08-08 15:09,CANHLIFE.NS,152.19,True,True,True,True,False,False,SKIP,5.6821
2026-08-08 15:09,CAPLIPOINT.NS,2574.1,True,False,True,False,False,False,SKIP,82.8769
2026-08-08 15:09,CGCL.NS,230.25,True,True,True,False,False,False,SKIP,9.9658
2026-08-08 15:09,CARBORUNIV.NS,1097.0,True,False,True,True,True,False,SKIP,37.2095
2026-08-08 15:09,CARTRADE.NS,2793.0,True,True,True,False,False,False,SKIP,127.9392
2026-08-08 15:09,CASTROLIND.NS,192.08,True,True,False,True,True,False,SKIP,2.3985
2026-08-08 15:09,CEATLTD.NS,3723.1,True,False,True,True,False,False,SKIP,107.3887
2026-08-08 15:09,CEMPRO.NS,1208.1,False,True,False,False,True,True,SKIP,66.1571
2026-08-08 15:09,CENTRALBK.NS,31.36,False,False,True,True,False,False,SKIP,0.5924
2026-08-08 15:09,CDSL.NS,1328.0,True,False,True,False,False,True,SKIP,29.4271
2026-08-08 15:09,CHALET.NS,859.7,True,False,True,True,False,False,SKIP,24.4761
2026-08-08 15:09,CHAMBLFERT.NS,450.7,False,False,True,True,False,False,SKIP,10.4759
2026-08-08 15:09,CHENNPETRO.NS,1275.4,True,False,True,True,False,False,SKIP,58.6135
2026-08-08 15:09,CHOICEIN.NS,841.15,True,False,True,False,False,False,SKIP,16.6997
2026-08-08 15:09,CHOLAHLDNG.NS,1628.0,True,False,True,True,False,False,SKIP,45.885
2026-08-08 15:09,CHOLAFIN.NS,1866.2,True,False,True,True,False,False,SKIP,58.3154
2026-08-08 15:09,CIPLA.NS,1463.8,True,False,True,True,False,False,SKIP,28.8693
2026-08-08 15:09,CUB.NS,212.0,True,False,True,False,False,False,SKIP,8.2582
2026-08-08 15:09,CLEAN.NS,795.15,True,False,True,True,True,False,SKIP,25.6146
2026-08-08 15:09,COALINDIA.NS,415.25,False,False,True,True,False,False,SKIP,6.4717
2026-08-08 15:09,COCHINSHIP.NS,1519.7,True,False,True,True,True,False,SKIP,36.0927
2026-08-08 15:09,COFORGE.NS,1776.0,True,False,False,True,False,False,SKIP,55.7632
2026-08-08 15:09,COHANCE.NS,445.75,True,False,True,True,True,False,SKIP,16.9126
2026-08-08 15:09,COLPAL.NS,2030.0,False,False,True,False,False,True,SKIP,51.1272
2026-08-08 15:09,CAMS.NS,787.5,True,False,True,True,False,False,SKIP,21.232
2026-08-08 15:09,CONCORDBIO.NS,1365.0,True,False,True,True,False,False,SKIP,49.277
2026-08-08 15:09,CONCOR.NS,505.2,True,False,True,True,False,False,SKIP,12.5175
2026-08-08 15:09,COROMANDEL.NS,2069.3,True,False,True,True,False,False,SKIP,52.7185
2026-08-08 15:09,CRAFTSMAN.NS,10483.0,True,True,False,True,False,False,SKIP,332.6432
2026-08-08 15:09,CREDITACC.NS,1523.6,True,False,True,False,False,False,SKIP,50.2352
2026-08-08 15:09,CROMPTON.NS,249.95,False,False,True,True,True,False,SKIP,8.3573
2026-08-08 15:09,CUMMINSIND.NS,5426.0,False,False,True,False,False,False,SKIP,147.1946
2026-08-08 15:09,CYIENT.NS,857.5,False,False,True,True,False,False,SKIP,23.3462
2026-08-08 15:09,DCMSHRIRAM.NS,1016.8,False,False,True,False,False,True,SKIP,32.7
2026-08-08 15:09,DLF.NS,642.0,True,False,True,False,False,False,SKIP,18.1166
2026-08-08 15:09,DOMS.NS,2260.6,False,False,True,False,False,False,SKIP,58.7676
2026-08-08 15:09,DABUR.NS,410.0,False,False,False,False,False,True,SKIP,8.7968
2026-08-08 15:09,DALBHARAT.NS,1827.4,True,False,True,False,False,False,SKIP,44.4844
2026-08-08 15:09,DATAPATTNS.NS,4380.7,True,False,True,False,False,False,SKIP,198.5335
2026-08-08 15:09,DEEPAKFERT.NS,1537.8,True,False,True,False,False,False,SKIP,61.087
2026-08-08 15:09,DEEPAKNTR.NS,1796.5,True,False,True,True,True,False,SKIP,55.9017
2026-08-08 15:09,DELHIVERY.NS,473.3,False,False,True,False,True,False,SKIP,13.9605
2026-08-08 15:09,DEVYANI.NS,134.73,True,False,False,True,True,False,SKIP,4.9963
2026-08-08 15:09,DIVISLAB.NS,8275.0,True,True,False,True,False,False,SKIP,192.4062
2026-08-08 15:09,DIXON.NS,14200.0,True,False,True,False,False,False,SKIP,417.4786
2026-08-08 15:09,LALPATHLAB.NS,1931.6,True,True,False,True,False,False,SKIP,60.7266
2026-08-08 15:09,DRREDDY.NS,1172.0,False,True,False,True,False,False,SKIP,25.3978
2026-08-08 15:09,EIDPARRY.NS,805.1,True,False,True,True,False,False,SKIP,21.023
2026-08-08 15:09,EIHOTEL.NS,306.55,False,False,False,False,True,True,SKIP,9.2819
2026-08-08 15:09,EICHERMOT.NS,8020.0,True,False,True,True,False,False,SKIP,157.4379
2026-08-08 15:09,ELECON.NS,437.85,False,False,True,True,False,False,SKIP,16.8691
2026-08-08 15:09,ELGIEQUIP.NS,588.45,True,False,True,True,False,False,SKIP,16.0426
2026-08-08 15:09,EMAMILTD.NS,412.55,True,False,True,False,True,False,SKIP,11.6479
2026-08-08 15:09,EMCURE.NS,1978.4,True,False,True,True,False,False,SKIP,55.9514
2026-08-08 15:09,EMMVEE.NS,318.9,False,False,True,False,False,False,SKIP,12.8356
2026-08-08 15:09,ENDURANCE.NS,2904.5,True,False,True,True,False,False,SKIP,83.3474
2026-08-08 15:09,ENGINERSIN.NS,240.6,True,False,True,True,False,False,SKIP,6.8796
2026-08-08 15:09,ERIS.NS,1382.4,False,False,True,False,False,True,SKIP,38.4063
2026-08-08 15:09,ESCORTS.NS,3080.0,True,False,True,True,False,False,SKIP,63.5523
2026-08-08 15:09,ETERNAL.NS,315.0,True,True,True,True,False,False,SKIP,8.9613
2026-08-08 15:09,EXIDEIND.NS,490.0,True,True,False,True,False,False,SKIP,16.2298
2026-08-08 15:09,NYKAA.NS,332.0,True,True,True,False,False,False,SKIP,8.3995
2026-08-08 15:09,FEDERALBNK.NS,356.25,True,True,True,False,False,False,SKIP,7.5384
2026-08-08 15:09,FACT.NS,839.4,False,False,True,True,False,False,SKIP,19.9468
2026-08-08 15:09,FINCABLES.NS,1024.65,False,False,True,True,False,False,SKIP,30.9272
2026-08-08 15:09,FSL.NS,279.85,True,False,True,True,True,False,SKIP,16.6062
2026-08-08 15:09,FIVESTAR.NS,543.25,True,False,True,False,False,False,SKIP,17.8243
2026-08-08 15:09,FORCEMOT.NS,18500.0,True,False,True,True,False,False,SKIP,561.3846
2026-08-08 15:09,FORTIS.NS,955.15,True,False,True,False,True,False,SKIP,22.2787
2026-08-08 15:09,GAIL.NS,173.63,True,False,True,True,False,False,SKIP,4.2216
2026-08-08 15:09,GVT&D.NS,4299.0,False,False,True,True,False,False,SKIP,194.4695
2026-08-08 15:09,GMRAIRPORT.NS,107.2,True,False,True,False,False,False,SKIP,2.2745
2026-08-08 15:09,GABRIEL.NS,1499.8,True,True,True,True,False,False,SKIP,67.5695
2026-08-08 15:09,GALLANTT.NS,605.5,False,False,True,True,False,False,SKIP,28.76
2026-08-08 15:09,GRSE.NS,2599.0,False,False,True,True,False,False,SKIP,69.2257
2026-08-08 15:09,GICRE.NS,357.2,False,False,True,True,False,True,SKIP,5.4182
2026-08-08 15:09,GILLETTE.NS,7683.5,False,False,True,False,False,True,SKIP,149.757
2026-08-08 15:09,GLAND.NS,2601.0,True,True,True,True,False,False,SKIP,75.6013
2026-08-08 15:09,GLAXO.NS,2599.7,True,True,True,False,False,False,SKIP,70.6953
2026-08-08 15:09,GLENMARK.NS,2279.1,True,False,True,True,False,False,SKIP,56.0841
2026-08-08 15:09,MEDANTA.NS,1455.6,True,False,True,True,True,False,SKIP,41.5158
2026-08-08 15:09,GODIGIT.NS,272.25,False,False,True,True,False,False,SKIP,10.7681
2026-08-08 15:09,GPIL.NS,240.61,False,False,False,True,True,False,SKIP,7.6255
2026-08-08 15:09,GODFRYPHLP.NS,2286.0,True,False,True,True,False,False,SKIP,76.5843
2026-08-08 15:09,GODREJCP.NS,1050.0,False,False,True,False,True,True,SKIP,25.4778
2026-08-08 15:09,GODREJIND.NS,1311.5,True,False,True,False,False,True,SKIP,43.2433
2026-08-08 15:09,GODREJPROP.NS,2070.0,True,False,True,False,False,False,SKIP,64.845
2026-08-08 15:09,GRANULES.NS,873.85,True,False,True,False,False,False,SKIP,27.2293
2026-08-08 15:09,GRAPHITE.NS,709.95,True,False,True,True,False,False,SKIP,26.1874
2026-08-08 15:09,GRASIM.NS,3323.0,True,False,True,True,True,False,SKIP,72.8555
2026-08-08 15:09,GRAVITA.NS,1732.1,True,False,True,False,False,False,SKIP,57.3294
2026-08-08 15:09,GESHIP.NS,1341.8,False,False,True,False,False,True,SKIP,55.975
2026-08-08 15:09,FLUOROCHEM.NS,4518.1,True,False,True,False,False,False,SKIP,145.3509
2026-08-08 15:09,GMDCLTD.NS,582.8,False,False,True,True,False,False,SKIP,18.5949
2026-08-08 15:09,HEG.NS,674.0,True,True,True,True,False,False,SKIP,24.1397
2026-08-08 15:09,HBLENGINE.NS,727.1,False,False,True,True,False,False,SKIP,20.6509
2026-08-08 15:09,HCLTECH.NS,1356.6,True,False,True,True,False,False,SKIP,36.1648
2026-08-08 15:09,HDBFS.NS,665.65,False,False,False,False,True,True,SKIP,15.6316
2026-08-08 15:09,HDFCAMC.NS,2545.0,False,False,True,False,False,False,SKIP,62.3892
2026-08-08 15:09,HDFCBANK.NS,731.0,False,False,False,False,False,True,SKIP,12.7349
2026-08-08 15:09,HDFCLIFE.NS,540.0,False,False,False,False,False,True,SKIP,11.1842
2026-08-08 15:09,HFCL.NS,207.98,True,False,True,False,False,False,SKIP,10.5009
2026-08-08 15:09,HAVELLS.NS,1288.0,True,False,True,True,False,False,SKIP,24.7584
2026-08-08 15:09,HEROMOTOCO.NS,5725.0,True,True,False,True,True,False,SKIP,132.029
2026-08-08 15:09,HEXT.NS,564.6,True,False,True,False,False,False,SKIP,24.397
2026-08-08 15:09,HSCL.NS,752.65,True,False,True,False,False,False,SKIP,28.8193
2026-08-08 15:09,HINDALCO.NS,1059.6,True,False,False,True,True,False,SKIP,22.854
2026-08-08 15:09,HAL.NS,4910.0,True,False,False,True,True,False,SKIP,100.1734
2026-08-08 15:09,HINDCOPPER.NS,536.1,True,False,True,True,True,False,SKIP,16.1384
2026-08-08 15:09,HINDPETRO.NS,393.05,True,False,True,False,False,False,SKIP,9.3333
2026-08-08 15:09,HINDUNILVR.NS,2096.0,False,False,True,False,False,False,SKIP,43.8469
2026-08-08 15:09,HINDZINC.NS,603.0,True,False,False,True,True,False,SKIP,14.4896
2026-08-08 15:09,POWERINDIA.NS,32600.0,False,False,True,True,False,False,SKIP,1067.9418
2026-08-08 15:09,HOMEFIRST.NS,1193.8,True,False,True,False,False,False,SKIP,37.8638
2026-08-08 15:09,HONASA.NS,477.6,True,False,True,True,True,False,SKIP,14.2798
2026-08-08 15:09,HONAUT.NS,37900.0,True,False,True,False,False,True,SKIP,959.3098
2026-08-08 15:09,HUDCO.NS,201.04,False,False,True,True,False,False,SKIP,5.143
2026-08-08 15:09,HYUNDAI.NS,2200.5,True,False,False,True,False,False,SKIP,53.1892
2026-08-08 15:09,ICICIBANK.NS,1421.0,True,False,True,False,False,False,SKIP,24.6577
2026-08-08 15:09,ICICIGI.NS,1639.0,False,False,True,True,False,False,SKIP,51.9668
2026-08-08 15:09,ICICIAMC.NS,3072.8,False,False,True,True,False,True,SKIP,67.6765
2026-08-08 15:09,ICICIPRULI.NS,501.05,False,False,True,False,False,True,SKIP,11.855
2026-08-08 15:09,IDBI.NS,84.22,True,False,True,False,False,False,SKIP,2.1387
2026-08-08 15:09,IDFCFIRSTB.NS,84.62,True,True,True,True,False,False,SKIP,1.7829
2026-08-08 15:09,IFCI.NS,73.98,True,False,True,True,False,False,SKIP,2.5863
2026-08-08 15:09,IIFL.NS,611.75,True,True,True,True,False,False,SKIP,18.5642
2026-08-08 15:09,IRB.NS,19.68,False,False,True,True,False,False,SKIP,0.4044
2026-08-08 15:09,IRCON.NS,131.25,False,False,True,True,False,False,SKIP,2.904
2026-08-08 15:09,ITCHOTELS.NS,170.65,True,False,True,True,False,False,SKIP,4.603
2026-08-08 15:09,ITC.NS,286.1,False,False,True,True,False,False,SKIP,4.5264
2026-08-08 15:09,ITI.NS,282.4,False,False,True,True,False,False,SKIP,7.0899
2026-08-08 15:09,INDGN.NS,554.45,True,False,True,True,True,False,SKIP,19.783
2026-08-08 15:09,INDIACEM.NS,398.15,True,False,True,False,False,False,SKIP,10.8565
2026-08-08 15:09,INDIAMART.NS,1755.0,False,False,False,False,False,True,SKIP,45.6932
2026-08-08 15:09,INDIANB.NS,889.5,True,False,True,True,True,False,SKIP,20.9556
2026-08-08 15:09,IEX.NS,127.1,True,False,True,True,False,False,SKIP,3.4158
2026-08-08 15:09,INDHOTEL.NS,731.0,True,False,True,False,False,False,SKIP,14.6009
2026-08-08 15:09,IOC.NS,143.38,True,False,True,True,False,False,SKIP,2.7607
2026-08-08 15:09,IOB.NS,34.26,True,False,True,True,False,False,SKIP,0.6834
2026-08-08 15:09,IRCTC.NS,519.95,True,False,True,True,False,False,SKIP,9.2519
2026-08-08 15:09,IRFC.NS,88.75,False,False,True,True,False,False,SKIP,1.5199
2026-08-08 15:09,IREDA.NS,119.8,False,False,True,True,False,True,SKIP,2.5402
2026-08-08 15:09,IGL.NS,151.94,False,False,True,True,False,False,SKIP,3.1123
2026-08-08 15:09,INDUSTOWER.NS,386.0,False,False,True,False,False,False,SKIP,9.7869
2026-08-08 15:09,INDUSINDBK.NS,1022.0,True,False,True,False,False,False,SKIP,23.3088
2026-08-08 15:09,NAUKRI.NS,1225.3,True,True,True,False,False,False,SKIP,34.7772
2026-08-08 15:09,INFY.NS,1175.1,True,False,True,True,False,False,SKIP,32.7225
2026-08-08 15:09,INOXWIND.NS,78.0,False,False,True,True,False,False,SKIP,2.3624
2026-08-08 15:09,INTELLECT.NS,721.35,False,False,True,False,False,False,SKIP,27.3721
2026-08-08 15:09,INDIGO.NS,5333.0,True,False,True,True,False,False,SKIP,133.2037
2026-08-08 15:09,IGIL.NS,355.8,True,False,True,True,False,False,SKIP,12.4923
2026-08-08 15:09,IKS.NS,1737.7,False,False,True,False,True,True,SKIP,62.6555
2026-08-08 15:09,IPCALAB.NS,1735.8,True,False,True,False,False,False,SKIP,55.4071
2026-08-08 15:09,JKCEMENT.NS,5379.5,False,False,True,False,False,True,SKIP,145.7823
2026-08-08 15:09,JBMA.NS,648.65,False,False,True,False,False,True,SKIP,17.2348
2026-08-08 15:09,JKTYRE.NS,394.9,False,False,True,True,True,False,SKIP,12.3658
2026-08-08 15:09,JMFINANCIL.NS,127.46,True,False,True,True,True,False,SKIP,4.2559
2026-08-08 15:09,JSWCEMENT.NS,134.29,True,False,True,False,False,False,SKIP,3.1588
2026-08-08 15:09,JSWDULUX.NS,3011.7,False,False,True,True,False,False,SKIP,92.3441
2026-08-08 15:09,JSWENERGY.NS,564.4,True,False,True,True,False,False,SKIP,12.1986
2026-08-08 15:09,JSWINFRA.NS,335.75,True,False,True,False,False,False,SKIP,11.2397
2026-08-08 15:09,JSWSTEEL.NS,1299.5,True,False,True,True,False,False,SKIP,26.6724
2026-08-08 15:09,JAINREC.NS,308.4,False,False,False,False,False,True,SKIP,15.9222
2026-08-08 15:09,JPPOWER.NS,17.94,True,False,True,True,False,False,SKIP,0.6212
2026-08-08 15:09,J&KBANK.NS,159.24,False,False,True,False,False,False,SKIP,7.4511
2026-08-08 15:09,JINDALSAW.NS,271.4,True,False,True,True,False,False,SKIP,8.7116
2026-08-08 15:09,JSL.NS,734.65,True,False,True,False,False,False,SKIP,17.0005
2026-08-08 15:09,JINDALSTEL.NS,1103.0,True,False,True,True,False,False,SKIP,24.2414
2026-08-08 15:09,JIOFIN.NS,256.8,True,False,True,True,False,False,SKIP,6.4335
2026-08-08 15:09,JUBLFOOD.NS,486.5,True,False,True,True,True,False,SKIP,14.0034
2026-08-08 15:09,JUBLINGREA.NS,740.25,True,False,True,False,False,False,SKIP,25.0472
2026-08-08 15:09,JUBLPHARMA.NS,932.0,False,False,False,False,False,True,SKIP,25.5564
2026-08-08 15:09,JWL.NS,260.0,False,False,True,True,False,False,SKIP,7.1762
2026-08-08 15:09,JYOTICNC.NS,784.3,True,True,True,False,True,False,SKIP,35.9149
2026-08-08 15:09,KPRMILL.NS,1076.7,True,False,True,True,False,False,SKIP,36.2662
2026-08-08 15:09,KEI.NS,5600.0,True,False,False,True,False,False,SKIP,155.6655
2026-08-08 15:09,KPITTECH.NS,629.9,False,False,True,True,False,False,SKIP,23.4064
2026-08-08 15:09,KAJARIACER.NS,1167.3,False,False,False,False,False,True,SKIP,31.3271
2026-08-08 15:09,KPIL.NS,1317.2,True,False,True,True,False,False,SKIP,34.775
2026-08-08 15:09,KALYANKJIL.NS,606.3,True,True,True,False,False,False,SKIP,26.802
2026-08-08 15:09,KARURVYSYA.NS,335.55,True,False,True,False,False,False,SKIP,9.5582
2026-08-08 15:09,KAYNES.NS,3856.3,True,False,True,True,False,False,SKIP,124.7249
2026-08-08 15:09,KEC.NS,478.85,False,False,True,True,False,False,SKIP,12.2269
2026-08-08 15:09,KFINTECH.NS,936.0,True,False,True,True,False,False,SKIP,26.792
2026-08-08 15:09,KIRLOSENG.NS,2161.7,True,False,True,False,True,False,SKIP,109.2054
2026-08-08 15:09,KOTAKBANK.NS,390.75,True,False,True,True,False,False,SKIP,7.2428
2026-08-08 15:09,KIMS.NS,811.1,True,False,True,True,True,False,SKIP,21.6586
2026-08-08 15:09,LTF.NS,308.0,True,False,True,False,False,False,SKIP,8.9361
2026-08-08 15:09,LTTS.NS,3598.7,True,False,True,True,False,False,SKIP,113.0597
2026-08-08 15:09,LGEINDIA.NS,1586.5,True,False,True,True,False,False,SKIP,34.2326
2026-08-08 15:09,LICHSGFIN.NS,504.25,False,False,False,False,False,True,SKIP,11.2088
2026-08-08 15:09,LTFOODS.NS,427.55,True,False,False,True,False,False,SKIP,11.4042
2026-08-08 15:09,LTM.NS,4658.1,True,False,True,True,False,False,SKIP,144.038
2026-08-08 15:09,LT.NS,4056.0,True,False,True,True,False,False,SKIP,64.2093
2026-08-08 15:09,LATENTVIEW.NS,297.2,False,False,True,False,False,True,SKIP,11.0916
2026-08-08 15:09,LAURUSLABS.NS,1844.3,True,True,False,True,False,False,SKIP,40.9991
2026-08-08 15:09,THELEELA.NS,518.0,True,False,True,True,False,False,SKIP,17.5425
2026-08-08 15:09,LEMONTREE.NS,111.01,False,False,True,True,False,False,SKIP,2.618
2026-08-08 15:09,LENSKART.NS,569.7,True,False,True,False,False,False,SKIP,14.212
2026-08-08 15:09,LICI.NS,394.0,False,False,False,False,True,True,SKIP,9.9639
2026-08-08 15:09,LINDEINDIA.NS,7112.5,True,False,True,True,False,False,SKIP,182.8529
2026-08-08 15:09,LLOYDSME.NS,2101.2,True,True,True,True,False,False,SKIP,59.9384
2026-08-08 15:09,LODHA.NS,1218.7,True,True,True,False,False,False,SKIP,43.8118
2026-08-08 15:09,LUPIN.NS,2363.5,False,False,True,False,True,True,SKIP,52.7195
2026-08-08 15:09,MMTC.NS,63.98,False,False,True,True,False,False,SKIP,1.7067
2026-08-08 15:09,MRF.NS,134190.0,True,False,True,False,False,False,SKIP,2130.2759
2026-08-08 15:09,MGL.NS,1139.6,True,False,True,True,True,False,SKIP,31.7019
2026-08-08 15:09,M&MFIN.NS,408.45,True,True,True,True,False,False,SKIP,15.353
2026-08-08 15:09,M&M.NS,3502.0,True,False,True,True,True,False,SKIP,81.5449
2026-08-08 15:09,MANAPPURAM.NS,366.75,True,False,True,False,False,False,SKIP,11.0839
2026-08-08 15:09,MRPL.NS,167.01,True,False,True,False,False,False,SKIP,6.9333
2026-08-08 15:09,MANKIND.NS,2456.0,False,False,True,False,False,True,SKIP,63.459
2026-08-08 15:09,MARICO.NS,862.0,True,True,True,False,False,False,SKIP,18.245
2026-08-08 15:09,MARUTI.NS,14037.0,True,False,True,True,False,False,SKIP,279.4313
2026-08-08 15:09,MFSL.NS,1497.4,False,False,False,True,False,True,SKIP,37.6716
2026-08-08 15:09,MAXHEALTH.NS,1070.0,False,False,True,False,False,True,SKIP,25.5447
2026-08-08 15:09,MAZDOCK.NS,2514.9,True,False,True,True,True,False,SKIP,60.8295
2026-08-08 15:09,MEESHO.NS,191.35,True,False,True,True,False,False,SKIP,6.9236
2026-08-08 15:09,MINDACORP.NS,721.65,True,False,True,True,False,False,SKIP,20.8669
2026-08-08 15:09,MSUMI.NS,41.16,True,False,True,False,True,False,SKIP,1.2295
2026-08-08 15:09,MOTILALOFS.NS,870.0,False,False,True,False,False,False,SKIP,25.674
2026-08-08 15:09,MPHASIS.NS,2475.0,True,False,True,True,False,False,SKIP,86.7192
2026-08-08 15:09,MCX.NS,2638.0,False,False,True,False,False,True,SKIP,79.8882
2026-08-08 15:09,MUTHOOTFIN.NS,2890.0,False,False,False,False,False,False,SKIP,97.2305
2026-08-08 15:09,NATCOPHARM.NS,916.65,False,False,True,False,False,True,SKIP,22.6599
2026-08-08 15:09,NBCC.NS,95.33,False,False,True,True,False,False,SKIP,2.1789
2026-08-08 15:09,NCC.NS,145.59,False,False,True,True,True,False,SKIP,3.6716
2026-08-08 15:09,NHPC.NS,76.92,False,False,True,False,False,True,SKIP,1.8014
2026-08-08 15:09,NLCINDIA.NS,304.4,False,False,True,True,False,False,SKIP,7.7534
2026-08-08 15:09,NMDC.NS,84.92,False,False,True,True,False,False,SKIP,1.6954
2026-08-08 15:09,NSLNISP.NS,43.84,True,False,True,True,True,False,SKIP,1.0318
2026-08-08 15:09,NTPCGREEN.NS,91.5,False,False,True,True,False,True,SKIP,2.0352
2026-08-08 15:09,NTPC.NS,342.5,False,False,True,True,False,True,SKIP,6.1749
2026-08-08 15:09,NH.NS,1885.1,False,False,False,False,False,True,SKIP,47.9309
2026-08-08 15:09,NATIONALUM.NS,381.0,True,False,True,True,False,False,SKIP,10.4262
2026-08-08 15:10,NAVA.NS,581.85,False,False,True,True,False,False,SKIP,16.9149
2026-08-08 15:10,NAVINFLUOR.NS,8271.0,True,False,True,True,True,False,SKIP,285.009
2026-08-08 15:10,NESTLEIND.NS,1540.0,True,False,True,True,False,False,SKIP,35.2536
2026-08-08 15:10,NETWEB.NS,4939.2,True,False,True,True,False,False,SKIP,195.6561
2026-08-08 15:10,NEULANDLAB.NS,22855.0,True,False,False,True,True,False,SKIP,853.3619
2026-08-08 15:10,NEWGEN.NS,551.0,True,False,True,False,False,False,SKIP,26.5457
2026-08-08 15:10,NAM-INDIA.NS,1176.0,True,False,True,True,False,False,SKIP,34.0073
2026-08-08 15:10,NIVABUPA.NS,86.19,True,True,True,False,False,False,SKIP,2.2376
2026-08-08 15:10,NUVAMA.NS,1642.7,False,False,False,False,False,True,SKIP,72.0573
2026-08-08 15:10,NUVOCO.NS,345.8,True,True,True,False,False,False,SKIP,12.2439
2026-08-08 15:10,OBEROIRLTY.NS,1775.0,False,False,True,False,False,True,SKIP,45.2238
2026-08-08 15:10,ONGC.NS,238.85,False,False,False,False,False,True,SKIP,4.5521
2026-08-08 15:10,OIL.NS,442.8,False,False,True,False,True,False,SKIP,11.0854
2026-08-08 15:10,OLAELEC.NS,41.07,True,False,True,True,False,False,SKIP,1.6065
2026-08-08 15:10,OLECTRA.NS,1385.0,True,False,True,True,False,False,SKIP,37.9793
2026-08-08 15:10,PAYTM.NS,1441.6,True,False,False,True,False,False,SKIP,44.8267
2026-08-08 15:10,ONESOURCE.NS,1576.0,False,False,True,False,False,False,SKIP,64.0393
2026-08-08 15:10,OFSS.NS,11805.0,True,False,True,True,False,False,SKIP,394.6424
2026-08-08 15:10,POLICYBZR.NS,1604.5,True,False,True,True,False,False,SKIP,45.984
2026-08-08 15:10,PCBL.NS,321.9,True,False,True,False,False,False,SKIP,14.3745
2026-08-08 15:10,PGEL.NS,630.65,True,False,True,False,True,False,SKIP,22.4131
2026-08-08 15:10,PIIND.NS,2774.6,True,False,True,True,False,False,SKIP,56.9584
2026-08-08 15:10,PNBHOUSING.NS,1143.0,True,False,True,True,True,False,SKIP,36.0367
2026-08-08 15:10,PTCIL.NS,19076.0,True,False,False,True,True,False,SKIP,480.6308
2026-08-08 15:10,PVRINOX.NS,1156.0,True,True,True,True,False,False,SKIP,34.5448
2026-08-08 15:10,PAGEIND.NS,39900.0,True,False,True,False,False,True,SKIP,863.0992
2026-08-08 15:10,PARADEEP.NS,149.45,True,False,True,True,False,False,SKIP,5.5621
2026-08-08 15:10,PATANJALI.NS,357.5,False,True,True,True,False,False,SKIP,10.5197
2026-08-08 15:10,PERSISTENT.NS,5475.0,True,False,True,True,False,False,SKIP,172.4378
2026-08-08 15:10,PETRONET.NS,280.6,True,False,True,True,False,False,SKIP,5.9047
2026-08-08 15:10,PFIZER.NS,4880.6,True,False,True,True,False,False,SKIP,95.6067
2026-08-08 15:10,PHOENIXLTD.NS,1895.5,False,False,False,False,False,True,SKIP,50.2836
2026-08-08 15:10,PWL.NS,131.59,True,False,True,False,True,False,SKIP,5.9052
2026-08-08 15:10,PIDILITIND.NS,1660.0,True,False,True,True,False,False,SKIP,35.3647
2026-08-08 15:10,PINELABS.NS,154.44,True,False,True,True,False,False,SKIP,7.0135
2026-08-08 15:10,PIRAMALFIN.NS,2109.7,True,False,True,False,False,False,SKIP,66.1761
2026-08-08 15:10,PPLPHARMA.NS,209.55,True,True,False,True,False,False,SKIP,7.5068
2026-08-08 15:10,POLYMED.NS,1693.8,True,False,True,False,True,False,SKIP,53.4892
2026-08-08 15:10,POLYCAB.NS,9218.0,True,False,True,True,False,False,SKIP,201.0852
2026-08-08 15:10,POONAWALLA.NS,480.05,True,False,True,False,True,False,SKIP,15.7745
2026-08-08 15:10,PFC.NS,420.0,True,False,True,True,False,False,SKIP,8.2463
2026-08-08 15:10,POWERGRID.NS,271.6,False,False,False,False,False,True,SKIP,5.5678
2026-08-08 15:10,PREMIERENE.NS,1047.2,True,False,True,True,True,False,SKIP,31.7499
2026-08-08 15:10,PRESTIGE.NS,1584.8,True,False,True,False,False,True,SKIP,53.2362
2026-08-08 15:10,PFOCUS.NS,287.6,True,True,True,False,True,False,SKIP,14.4656
2026-08-08 15:10,PNB.NS,114.81,True,False,True,True,False,False,SKIP,1.9417
2026-08-08 15:10,RRKABEL.NS,2759.5,True,True,False,True,False,False,SKIP,102.7082
2026-08-08 15:10,RBLBANK.NS,389.8,True,False,True,True,False,False,SKIP,9.4049
2026-08-08 15:10,RECLTD.NS,367.0,True,False,True,True,False,False,SKIP,7.3652
2026-08-08 15:10,RHIM.NS,412.8,True,False,True,True,False,False,SKIP,13.7301
2026-08-08 15:10,RITES.NS,234.24,True,False,True,True,True,False,SKIP,6.8637
2026-08-08 15:10,RADICO.NS,4499.0,True,True,False,True,False,False,SKIP,110.3334
2026-08-08 15:10,RVNL.NS,233.38,False,False,True,True,False,False,SKIP,5.4793
2026-08-08 15:10,RAILTEL.NS,288.55,False,False,True,True,False,False,SKIP,7.0583
2026-08-08 15:10,RAINBOW.NS,1556.7,True,False,True,True,False,False,SKIP,42.9049
2026-08-08 15:10,RKFORGE.NS,726.55,True,True,False,True,False,False,SKIP,24.0625
2026-08-08 15:10,REDINGTON.NS,354.85,True,True,False,True,False,False,SKIP,14.941
2026-08-08 15:10,RELIANCE.NS,1334.8,True,False,True,True,False,False,SKIP,23.6721
2026-08-08 15:10,RPOWER.NS,24.34,False,False,True,True,True,False,SKIP,0.7752
2026-08-08 15:10,SBFC.NS,94.25,True,False,True,True,False,False,SKIP,2.1729
2026-08-08 15:10,SBICARD.NS,659.0,True,False,True,True,False,False,SKIP,15.036
2026-08-08 15:10,SBILIFE.NS,1855.5,True,False,True,False,False,False,SKIP,37.073
2026-08-08 15:10,SJVN.NS,67.96,False,False,False,True,False,True,SKIP,1.2854
2026-08-08 15:10,SRF.NS,2615.0,False,False,True,False,False,True,SKIP,63.135
2026-08-08 15:10,SAGILITY.NS,43.67,True,False,True,True,False,False,SKIP,1.4764
2026-08-08 15:10,SAILIFE.NS,1365.2,True,False,True,True,True,False,SKIP,42.2876
2026-08-08 15:10,SAMMAANCAP.NS,163.17,False,False,True,True,False,False,SKIP,4.7868
2026-08-08 15:10,MOTHERSON.NS,168.5,True,False,False,True,True,False,SKIP,5.2375
2026-08-08 15:10,SAPPHIRE.NS,224.22,True,False,False,True,True,False,SKIP,10.0675
2026-08-08 15:10,SARDAEN.NS,497.6,False,False,True,False,True,True,SKIP,13.646
2026-08-08 15:10,SAREGAMA.NS,519.2,True,False,True,True,False,False,SKIP,24.5911
2026-08-08 15:10,SCHAEFFLER.NS,4035.2,False,False,True,False,False,True,SKIP,101.9185
2026-08-08 15:10,SCHNEIDER.NS,1354.8,True,False,True,False,False,False,SKIP,54.9267
2026-08-08 15:10,SCI.NS,304.75,True,False,True,True,True,False,SKIP,10.2053
2026-08-08 15:10,SHREECEM.NS,26010.0,False,False,True,False,False,True,SKIP,613.5371
2026-08-08 15:10,SHRIRAMFIN.NS,1115.0,True,False,True,True,False,False,SKIP,30.5596
2026-08-08 15:10,SHYAMMETL.NS,1006.9,True,False,True,False,False,False,SKIP,28.6496
2026-08-08 15:10,ENRIN.NS,3648.8,True,False,True,True,True,False,SKIP,140.4015
2026-08-08 15:10,SIEMENS.NS,3940.1,True,False,True,True,False,False,SKIP,104.761
2026-08-08 15:10,SIGNATURE.NS,802.3,False,False,True,True,False,False,SKIP,26.4826
2026-08-08 15:10,SOBHA.NS,1339.0,False,False,False,False,False,True,SKIP,39.0812
2026-08-08 15:10,SOLARINDS.NS,18650.0,True,False,True,False,False,False,SKIP,495.6906
2026-08-08 15:10,SONACOMS.NS,818.05,True,True,False,True,False,False,SKIP,23.5776
2026-08-08 15:10,SONATSOFTW.NS,318.05,True,True,True,True,False,False,SKIP,16.7172
2026-08-08 15:10,STARHEALTH.NS,569.85,False,False,True,False,False,True,SKIP,16.9565
2026-08-08 15:10,SBIN.NS,1097.2,True,False,False,True,True,False,SKIP,21.1346
2026-08-08 15:10,SAIL.NS,176.58,True,False,True,True,False,False,SKIP,5.1109
2026-08-08 15:10,SUMICHEM.NS,532.95,True,False,True,False,False,False,SKIP,19.3535
2026-08-08 15:10,SUNPHARMA.NS,1945.0,True,False,True,False,False,False,SKIP,34.2963
2026-08-08 15:10,SUNTV.NS,486.65,False,False,False,False,False,True,SKIP,11.4786
2026-08-08 15:10,SUNDARMFIN.NS,4604.2,True,False,True,True,False,False,SKIP,132.7288
2026-08-08 15:10,SUPREMEIND.NS,3442.0,False,False,True,True,False,False,SKIP,91.3379
2026-08-08 15:10,SPLPETRO.NS,701.45,False,False,True,False,False,True,SKIP,23.2464
2026-08-08 15:10,SUZLON.NS,48.15,False,False,False,False,False,False,SKIP,1.4237
2026-08-08 15:10,SWANCORP.NS,308.05,False,False,True,True,False,True,SKIP,7.2879
2026-08-08 15:10,SWIGGY.NS,280.75,True,False,True,True,False,False,SKIP,12.2346
2026-08-08 15:10,SYNGENE.NS,403.7,False,False,True,True,True,False,SKIP,13.5677
2026-08-08 15:10,SYRMA.NS,1424.7,True,False,True,True,False,False,SKIP,53.9301
2026-08-08 15:10,TBOTEK.NS,1610.9,True,False,True,True,False,False,SKIP,60.5485
2026-08-08 15:10,TVSMOTOR.NS,4440.9,True,True,False,True,False,False,SKIP,98.5062
2026-08-08 15:10,TATACAP.NS,370.3,True,False,True,True,True,False,SKIP,11.2933
2026-08-08 15:10,TATACHEM.NS,673.55,False,False,True,False,True,True,SKIP,16.5178
2026-08-08 15:10,TATACOMM.NS,1755.2,False,True,True,False,False,False,SKIP,53.5423
2026-08-08 15:10,TCS.NS,2452.7,True,False,True,True,False,False,SKIP,68.0891
2026-08-08 15:10,TATACONSUM.NS,1082.3,False,False,True,True,False,True,SKIP,22.7801
2026-08-08 15:10,TATAELXSI.NS,3781.0,False,False,True,True,False,False,SKIP,98.9841
2026-08-08 15:10,TATAINVEST.NS,693.65,True,False,True,True,True,False,SKIP,17.12
2026-08-08 15:10,TMCV.NS,453.1,True,False,True,True,False,False,SKIP,12.9162
2026-08-08 15:10,TMPV.NS,347.0,True,False,True,True,False,False,SKIP,7.3593
2026-08-08 15:10,TATAPOWER.NS,380.55,False,False,True,True,False,False,SKIP,6.3533
2026-08-08 15:10,TATASTEEL.NS,187.55,False,False,True,True,False,False,SKIP,3.7063
2026-08-08 15:10,TATATECH.NS,872.8,True,False,False,True,True,False,SKIP,30.214
2026-08-08 15:10,TTML.NS,39.37,False,False,False,True,False,True,SKIP,1.2474
2026-08-08 15:10,TECHM.NS,1635.0,True,False,True,False,True,False,SKIP,42.5408
2026-08-08 15:10,TECHNOE.NS,1066.25,True,False,True,True,True,False,SKIP,30.6105
2026-08-08 15:10,TEGA.NS,1625.7,False,False,True,True,True,False,SKIP,53.3214
2026-08-08 15:10,TEJASNET.NS,513.45,False,False,True,True,False,False,SKIP,20.1228
2026-08-08 15:10,TENNIND.NS,562.8,False,False,True,True,True,False,SKIP,19.2267
2026-08-08 15:10,NIACL.NS,177.11,True,False,True,True,False,False,SKIP,6.625
2026-08-08 15:10,RAMCOCEM.NS,933.8,True,False,True,True,True,False,SKIP,23.265
2026-08-08 15:10,THERMAX.NS,4059.9,False,False,False,False,False,False,SKIP,197.7074
2026-08-08 15:10,TIMKEN.NS,3351.0,True,False,True,True,False,False,SKIP,89.7009
2026-08-08 15:10,TITAGARH.NS,847.45,True,False,True,True,False,False,SKIP,23.6967
2026-08-08 15:10,TITAN.NS,4941.0,True,True,True,True,True,False,TAKE,87.0109
2026-08-08 15:10,TORNTPHARM.NS,4924.0,True,False,True,False,False,False,SKIP,132.1307
2026-08-08 15:10,TORNTPOWER.NS,1350.8,False,False,False,False,False,False,SKIP,34.0677
2026-08-08 15:10,TARIL.NS,297.8,False,False,False,False,False,True,SKIP,10.3669
2026-08-08 15:10,TRAVELFOOD.NS,1428.6,True,False,False,True,True,False,SKIP,49.3167
2026-08-08 15:10,TRENT.NS,2997.0,True,False,True,True,True,False,SKIP,81.0019
2026-08-08 15:10,TRIDENT.NS,25.18,True,False,True,False,True,False,SKIP,0.5382
2026-08-08 15:10,TRITURBINE.NS,636.45,True,False,True,True,False,False,SKIP,20.5376
2026-08-08 15:10,TIINDIA.NS,2772.0,False,False,True,True,False,False,SKIP,84.4454
2026-08-08 15:10,UCOBANK.NS,26.4,True,False,True,True,False,False,SKIP,0.5509
2026-08-08 15:10,UNOMINDA.NS,1285.0,True,False,False,True,False,False,SKIP,32.3785
2026-08-08 15:10,UPL.NS,573.0,False,False,False,False,False,True,SKIP,14.7337
2026-08-08 15:10,UTIAMC.NS,896.65,False,False,True,False,False,False,SKIP,20.4945
2026-08-08 15:10,ULTRACEMCO.NS,12105.0,True,False,True,True,False,False,SKIP,198.9301
2026-08-08 15:10,UNIONBANK.NS,183.6,True,False,True,True,True,False,SKIP,4.732
2026-08-08 15:10,UBL.NS,1400.3,True,False,True,False,False,False,SKIP,34.9853
2026-08-08 15:10,UNITDSPR.NS,1512.4,True,True,True,True,False,False,SKIP,29.022
2026-08-08 15:10,URBANCO.NS,143.74,True,True,True,True,False,False,SKIP,5.4344
2026-08-08 15:10,USHAMART.NS,515.05,True,False,True,True,False,False,SKIP,13.9142
2026-08-08 15:10,VTL.NS,606.75,False,False,True,False,False,False,SKIP,20.6706
2026-08-08 15:10,VBL.NS,442.0,False,True,False,True,False,False,SKIP,12.0143
2026-08-08 15:10,VEDL.NS,278.85,False,False,True,True,False,False,SKIP,7.4979
2026-08-08 15:10,VIJAYA.NS,1351.1,True,False,True,False,True,False,SKIP,49.4652
2026-08-08 15:10,VMM.NS,108.72,False,False,True,True,False,True,SKIP,2.911
2026-08-08 15:10,IDEA.NS,12.73,False,False,False,False,False,True,SKIP,0.3351
2026-08-08 15:10,VOLTAS.NS,1285.0,False,False,True,False,True,True,SKIP,35.3986
2026-08-08 15:10,WAAREEENER.NS,2717.0,False,True,True,True,False,False,SKIP,69.2095
2026-08-08 15:10,WELCORP.NS,1839.8,True,False,False,True,False,False,SKIP,54.9317
2026-08-08 15:10,WELSPUNLIV.NS,164.09,True,False,True,False,True,False,SKIP,5.7692
2026-08-08 15:10,WHIRLPOOL.NS,813.15,True,False,True,True,False,False,SKIP,26.1435
2026-08-08 15:10,WIPRO.NS,187.53,True,False,True,True,False,False,SKIP,3.8418
2026-08-08 15:10,WOCKPHARMA.NS,2021.0,True,False,True,True,False,False,SKIP,65.2871
2026-08-08 15:10,YESBANK.NS,22.69,False,False,True,False,False,True,SKIP,0.4052
2026-08-08 15:10,ZFCVINDIA.NS,2637.2,True,True,True,True,False,False,SKIP,85.5071
2026-08-08 15:10,ZEEL.NS,94.19,False,False,False,False,False,True,SKIP,5.291
2026-08-08 15:10,ZENTEC.NS,1721.1,False,False,True,True,False,False,SKIP,63.2712
2026-08-08 15:10,ZENSARTECH.NS,499.0,True,False,True,False,False,True,SKIP,20.8636
2026-08-08 15:10,ZYDUSLIFE.NS,1114.2,True,False,True,False,False,True,SKIP,23.5833
2026-08-08 15:10,ZYDUSWELL.NS,533.85,False,False,True,False,False,True,SKIP,22.5782
2026-08-08 15:10,ECLERX.NS,1769.1,True,False,True,False,False,False,SKIP,95.7487
2026-08-09 02:53,360ONE.NS,1168.1,True,False,True,True,True,False,SKIP,32.8264
2026-08-09 02:53,3MINDIA.NS,36035.0,True,False,True,False,False,False,SKIP,871.5205
2026-08-09 02:53,ABB.NS,7600.0,True,False,True,True,False,False,SKIP,212.1778
2026-08-09 02:53,ACC.NS,1362.8,False,False,True,True,False,False,SKIP,29.8503
2026-08-09 02:53,ACMESOLAR.NS,368.6,True,False,True,False,False,False,SKIP,14.7191
2026-08-09 02:53,AIAENG.NS,4776.0,True,False,True,True,False,False,SKIP,142.9058
2026-08-09 02:53,APLAPOLLO.NS,1970.0,True,False,True,True,False,False,SKIP,47.4942
2026-08-09 02:53,AUBANK.NS,1067.0,True,False,True,True,False,False,SKIP,28.3669
2026-08-09 02:53,AWL.NS,197.5,True,False,True,True,False,False,SKIP,5.2936
2026-08-09 02:53,AADHARHFC.NS,506.4,True,False,True,False,False,False,SKIP,14.8869
2026-08-09 02:53,AARTIIND.NS,502.1,True,False,True,True,False,False,SKIP,15.3455
2026-08-09 02:53,AAVAS.NS,1371.5,False,False,True,False,False,True,SKIP,44.4826
2026-08-09 02:53,ABBOTINDIA.NS,27835.0,True,True,True,False,False,False,SKIP,416.0955
2026-08-09 02:53,ACE.NS,1094.3,True,True,True,True,False,False,SKIP,38.8831
2026-08-09 02:53,ACUTAAS.NS,3297.9,True,False,True,False,False,False,SKIP,140.8332
2026-08-09 02:53,ADANIENSOL.NS,1630.1,True,False,True,False,False,True,SKIP,48.6391
2026-08-09 02:53,ADANIENT.NS,3020.0,True,False,True,False,False,True,SKIP,66.1575
2026-08-09 02:53,ADANIGREEN.NS,1372.4,False,False,False,False,False,True,SKIP,43.8748
2026-08-09 02:53,ADANIPORTS.NS,1693.5,False,False,False,False,False,False,SKIP,36.3658
2026-08-09 02:53,ADANIPOWER.NS,209.0,False,False,True,False,False,True,SKIP,5.3485
2026-08-09 02:53,ATGL.NS,657.55,False,False,False,False,False,True,SKIP,18.301
2026-08-09 02:53,ABCAPITAL.NS,408.05,True,False,True,True,True,False,SKIP,11.4451
2026-08-09 02:53,ABFRL.NS,63.33,True,False,True,True,True,False,SKIP,1.9821
2026-08-09 02:53,ABLBL.NS,93.86,False,False,True,True,False,False,SKIP,2.2017
2026-08-09 02:53,ABREL.NS,1382.8,True,False,True,False,True,True,SKIP,44.3885
2026-08-09 02:53,ABSLAMC.NS,1025.3,False,False,True,True,False,False,SKIP,34.5194
2026-08-09 02:53,CPPLUS.NS,3708.7,True,False,True,True,False,False,SKIP,147.4077
2026-08-09 02:53,AEGISLOG.NS,1371.0,True,False,True,False,False,False,SKIP,80.9015
2026-08-09 02:53,AEGISVOPAK.NS,285.3,True,True,True,False,False,False,SKIP,14.6863
2026-08-09 02:53,AFCONS.NS,274.25,False,False,False,True,False,True,SKIP,9.3916
2026-08-09 02:53,AFFLE.NS,1645.6,True,False,True,True,False,False,SKIP,59.1271
2026-08-09 02:53,AJANTPHARM.NS,3489.2,True,True,True,False,False,False,SKIP,97.522
2026-08-09 02:53,ALKEM.NS,5620.0,True,False,True,False,False,False,SKIP,118.0641
2026-08-09 02:53,ABDL.NS,599.25,False,False,True,False,True,True,SKIP,23.8132
2026-08-09 02:53,ARE&M.NS,931.7,True,False,True,True,False,False,SKIP,24.9015
2026-08-09 02:53,AMBER.NS,7435.0,False,False,True,True,False,False,SKIP,202.7836
2026-08-09 02:53,AMBUJACEM.NS,434.0,True,False,True,True,False,False,SKIP,10.7247
2026-08-09 02:53,ANANDRATHI.NS,2101.5,True,False,True,False,False,False,SKIP,48.4816
2026-08-09 02:53,ANANTRAJ.NS,615.9,True,False,True,False,False,False,SKIP,18.9953
2026-08-09 02:53,ANGELONE.NS,292.0,False,False,False,False,False,True,SKIP,9.2344
2026-08-09 02:53,ANTHEM.NS,841.0,True,False,True,True,False,False,SKIP,23.4826
2026-08-09 02:53,ANURAS.NS,1214.6,False,True,False,False,False,True,SKIP,21.1471
2026-08-09 02:53,APARINDS.NS,16631.0,True,False,False,True,False,False,SKIP,662.0414
2026-08-09 02:53,APOLLOHOSP.NS,8945.0,True,False,True,False,False,False,SKIP,143.992
2026-08-09 02:53,APOLLOTYRE.NS,445.0,True,False,True,True,True,False,SKIP,10.6337
2026-08-09 02:53,APTUS.NS,260.65,False,False,False,False,False,True,SKIP,8.6069
2026-08-09 02:53,ASAHIINDIA.NS,898.7,True,False,True,True,False,False,SKIP,24.9005
2026-08-09 02:53,ASHOKLEY.NS,177.5,True,False,False,True,False,False,SKIP,4.3991
2026-08-09 02:53,ASIANPAINT.NS,2735.0,True,False,True,True,False,False,SKIP,57.9489
2026-08-09 02:53,ASTERDM.NS,869.7,True,False,False,True,True,False,SKIP,26.9911
2026-08-09 02:54,ASTRAL.NS,1444.0,False,False,True,True,False,False,SKIP,33.5865
2026-08-09 02:54,ATHERENERG.NS,1481.5,True,True,False,True,False,False,SKIP,63.8673
2026-08-09 02:54,ATUL.NS,6774.0,True,False,True,True,True,False,SKIP,189.9123
2026-08-09 02:54,AUROPHARMA.NS,1658.0,True,False,True,True,True,False,SKIP,43.3849
2026-08-09 02:54,AIIL.NS,596.6,True,True,True,True,True,False,TAKE,22.8719
2026-08-09 02:54,DMART.NS,3900.0,False,False,True,True,False,False,SKIP,93.0235
2026-08-09 02:54,AXISBANK.NS,1238.0,False,False,True,True,False,False,SKIP,24.1123
2026-08-09 02:54,BEML.NS,1787.8,True,False,True,False,True,False,SKIP,57.2128
2026-08-09 02:54,BLS.NS,254.33,True,False,True,True,False,False,SKIP,7.742
2026-08-09 02:54,BSE.NS,3457.1,False,False,False,False,True,True,SKIP,104.4328
2026-08-09 02:54,BAJAJ-AUTO.NS,11662.0,True,True,True,True,False,False,SKIP,245.7142
2026-08-09 02:54,BAJFINANCE.NS,1078.0,True,False,True,True,True,False,SKIP,31.1177
2026-08-09 02:54,BAJAJFINSV.NS,2008.9,True,False,True,True,True,False,SKIP,48.8787
2026-08-09 02:54,BAJAJHLDNG.NS,11263.0,True,False,True,True,False,False,SKIP,247.0686
2026-08-09 02:54,BAJAJHFL.NS,85.79,False,False,True,True,False,False,SKIP,1.559
2026-08-09 02:54,BALKRISIND.NS,2466.3,True,False,False,True,False,False,SKIP,90.637
2026-08-09 02:54,BALRAMCHIN.NS,633.45,True,True,True,True,False,False,SKIP,21.9696
2026-08-09 02:54,BANDHANBNK.NS,176.02,False,False,True,False,False,False,SKIP,6.5877
2026-08-09 02:54,BANKBARODA.NS,250.7,False,False,True,True,False,False,SKIP,5.4587
2026-08-09 02:54,BANKINDIA.NS,145.0,True,False,True,True,False,False,SKIP,3.447
2026-08-09 02:54,MAHABANK.NS,78.28,False,False,True,False,False,True,SKIP,2.0696
2026-08-09 02:54,BATAINDIA.NS,720.5,True,False,True,True,False,False,SKIP,19.4041
2026-08-09 02:54,BAYERCROP.NS,4177.2,False,False,True,True,False,False,SKIP,80.3278
2026-08-09 02:54,BELRISE.NS,248.21,True,False,True,True,True,False,SKIP,6.8595
2026-08-09 02:54,BERGEPAINT.NS,530.55,True,False,True,True,False,False,SKIP,16.0235
2026-08-09 02:54,BDL.NS,1294.0,True,False,True,True,False,False,SKIP,33.6728
2026-08-09 02:54,BEL.NS,401.0,False,False,True,True,False,False,SKIP,7.2542
2026-08-09 02:54,BHARATFORG.NS,2265.2,True,False,True,True,True,False,SKIP,50.4116
2026-08-09 02:54,BHEL.NS,405.2,True,False,True,False,False,False,SKIP,12.0549
2026-08-09 02:54,BPCL.NS,321.0,True,False,True,True,False,False,SKIP,7.2334
2026-08-09 02:54,BHARTIARTL.NS,1959.9,True,False,True,True,False,False,SKIP,34.7446
2026-08-09 02:54,BHARTIHEXA.NS,1538.8,False,False,True,False,False,True,SKIP,47.5687
2026-08-09 02:54,BIKAJI.NS,623.5,False,False,False,False,True,True,SKIP,14.6788
2026-08-09 02:54,GROWW.NS,190.5,False,False,True,False,False,True,SKIP,5.8947
2026-08-09 02:54,BIOCON.NS,426.35,True,False,True,False,False,False,SKIP,10.6429
2026-08-09 02:54,BSOFT.NS,318.5,True,False,True,True,False,False,SKIP,11.4951
2026-08-09 02:54,BLUEDART.NS,5089.5,True,False,True,True,False,False,SKIP,155.653
2026-08-09 02:54,BLUEJET.NS,593.9,True,False,True,False,False,False,SKIP,25.6632
2026-08-09 02:54,BLUESTARCO.NS,1514.0,False,False,False,False,True,True,SKIP,57.5995
2026-08-09 02:54,BBTC.NS,1504.1,False,False,True,True,True,False,SKIP,29.7363
2026-08-09 02:54,BOSCHLTD.NS,42950.0,True,False,True,True,False,False,SKIP,981.6885
2026-08-09 02:54,FIRSTCRY.NS,214.2,False,False,True,True,False,False,SKIP,4.9902
2026-08-09 02:54,BRIGADE.NS,581.95,True,False,True,True,True,False,SKIP,17.5061
2026-08-09 02:54,BRITANNIA.NS,5510.0,True,False,True,True,True,False,SKIP,112.6276
2026-08-09 02:54,MAPMYINDIA.NS,1014.3,False,False,True,False,False,True,SKIP,60.7374
2026-08-09 02:54,CCL.NS,1130.0,False,False,False,False,False,True,SKIP,33.7166
2026-08-09 02:54,CESC.NS,163.94,False,False,True,True,True,False,SKIP,3.3318
2026-08-09 02:54,CGPOWER.NS,879.0,False,False,True,True,False,False,SKIP,28.1226
2026-08-09 02:54,CIEINDIA.NS,410.5,False,False,False,False,False,True,SKIP,12.5433
2026-08-09 02:54,CRISIL.NS,4607.0,True,False,True,True,False,False,SKIP,125.5642
2026-08-09 02:54,CANFINHOME.NS,811.3,False,False,False,False,False,True,SKIP,20.2597
2026-08-09 02:54,CANBK.NS,131.95,True,False,True,True,False,False,SKIP,2.7931
2026-08-09 02:54,CANHLIFE.NS,152.19,True,True,True,True,False,False,SKIP,5.6821
2026-08-09 02:54,CAPLIPOINT.NS,2574.1,True,False,True,False,False,False,SKIP,82.8769
2026-08-09 02:54,CGCL.NS,230.25,True,True,True,False,False,False,SKIP,9.9658
2026-08-09 02:54,CARBORUNIV.NS,1097.0,True,False,True,True,True,False,SKIP,37.2095
2026-08-09 02:54,CARTRADE.NS,2793.0,True,True,True,False,False,False,SKIP,127.9392
2026-08-09 02:54,CASTROLIND.NS,192.08,True,True,False,True,True,False,SKIP,2.3985
2026-08-09 02:54,CEATLTD.NS,3723.1,True,False,True,True,False,False,SKIP,107.3887
2026-08-09 02:54,CEMPRO.NS,1208.1,False,True,False,False,True,True,SKIP,66.1571
2026-08-09 02:54,CENTRALBK.NS,31.36,False,False,True,True,False,False,SKIP,0.5924
2026-08-09 02:54,CDSL.NS,1328.0,True,False,True,False,False,True,SKIP,29.4271
2026-08-09 02:54,CHALET.NS,859.7,True,False,True,True,False,False,SKIP,24.4761
2026-08-09 02:54,CHAMBLFERT.NS,450.7,False,False,True,True,False,False,SKIP,10.4759
2026-08-09 02:54,CHENNPETRO.NS,1275.4,True,False,True,True,False,False,SKIP,58.6135
2026-08-09 02:54,CHOICEIN.NS,841.15,True,False,True,False,False,False,SKIP,16.6997
2026-08-09 02:54,CHOLAHLDNG.NS,1628.0,True,False,True,True,False,False,SKIP,45.885
2026-08-09 02:54,CHOLAFIN.NS,1866.2,True,False,True,True,False,False,SKIP,58.3154
2026-08-09 02:54,CIPLA.NS,1463.8,True,False,True,True,False,False,SKIP,28.8693
2026-08-09 02:54,CUB.NS,212.0,True,False,True,False,False,False,SKIP,8.2582
2026-08-09 02:54,CLEAN.NS,795.15,True,False,True,True,True,False,SKIP,25.6146
2026-08-09 02:54,COALINDIA.NS,415.25,False,False,True,True,False,False,SKIP,6.4717
2026-08-09 02:54,COCHINSHIP.NS,1519.7,True,False,True,True,True,False,SKIP,36.0927
2026-08-09 02:54,COFORGE.NS,1776.0,True,False,False,True,False,False,SKIP,55.7632
2026-08-09 02:54,COHANCE.NS,445.75,True,False,True,True,True,False,SKIP,16.9126
2026-08-09 02:54,COLPAL.NS,2030.0,False,False,True,False,False,True,SKIP,51.1272
2026-08-09 02:54,CAMS.NS,787.5,True,False,True,True,False,False,SKIP,21.232
2026-08-09 02:54,CONCORDBIO.NS,1365.0,True,False,True,True,False,False,SKIP,49.277
2026-08-09 02:54,CONCOR.NS,505.2,True,False,True,True,False,False,SKIP,12.5175
2026-08-09 02:54,COROMANDEL.NS,2069.3,True,False,True,True,False,False,SKIP,52.7185
2026-08-09 02:54,CRAFTSMAN.NS,10483.0,True,True,False,True,False,False,SKIP,332.6432
2026-08-09 02:54,CREDITACC.NS,1523.6,True,False,True,False,False,False,SKIP,50.2352
2026-08-09 02:54,CROMPTON.NS,249.95,False,False,True,True,True,False,SKIP,8.3573
2026-08-09 02:54,CUMMINSIND.NS,5426.0,False,False,True,False,False,False,SKIP,147.1946
2026-08-09 02:54,CYIENT.NS,857.5,False,False,True,True,False,False,SKIP,23.3462
2026-08-09 02:54,DCMSHRIRAM.NS,1016.8,False,False,True,False,False,True,SKIP,32.7
2026-08-09 02:54,DLF.NS,642.0,True,False,True,False,False,False,SKIP,18.1166
2026-08-09 02:54,DOMS.NS,2260.6,False,False,True,False,False,False,SKIP,58.7676
2026-08-09 02:54,DABUR.NS,410.0,False,False,False,False,False,True,SKIP,8.7968
2026-08-09 02:54,DALBHARAT.NS,1827.4,True,False,True,False,False,False,SKIP,44.4844
2026-08-09 02:54,DATAPATTNS.NS,4380.7,True,False,True,False,False,False,SKIP,198.5335
2026-08-09 02:54,DEEPAKFERT.NS,1537.8,True,False,True,False,False,False,SKIP,61.087
2026-08-09 02:54,DEEPAKNTR.NS,1796.5,True,False,True,True,True,False,SKIP,55.9017
2026-08-09 02:54,DELHIVERY.NS,473.3,False,False,True,False,True,False,SKIP,13.9605
2026-08-09 02:54,DEVYANI.NS,134.73,True,False,False,True,True,False,SKIP,4.9963
2026-08-09 02:54,DIVISLAB.NS,8275.0,True,True,False,True,False,False,SKIP,192.4062
2026-08-09 02:54,DIXON.NS,14200.0,True,False,True,False,False,False,SKIP,417.4786
2026-08-09 02:54,LALPATHLAB.NS,1931.6,True,True,False,True,False,False,SKIP,60.7266
2026-08-09 02:54,DRREDDY.NS,1172.0,False,True,False,True,False,False,SKIP,25.3978
2026-08-09 02:54,EIDPARRY.NS,805.1,True,False,True,True,False,False,SKIP,21.023
2026-08-09 02:54,EIHOTEL.NS,306.55,False,False,False,False,True,True,SKIP,9.2819
2026-08-09 02:54,EICHERMOT.NS,8020.0,True,False,True,True,False,False,SKIP,157.4379
2026-08-09 02:54,ELECON.NS,437.85,False,False,True,True,False,False,SKIP,16.8691
2026-08-09 02:54,ELGIEQUIP.NS,588.45,True,False,True,True,False,False,SKIP,16.0426
2026-08-09 02:54,EMAMILTD.NS,412.55,True,False,True,False,True,False,SKIP,11.6479
2026-08-09 02:54,EMCURE.NS,1978.4,True,False,True,True,False,False,SKIP,55.9514
2026-08-09 02:54,EMMVEE.NS,318.9,False,False,True,False,False,False,SKIP,12.8356
2026-08-09 02:54,ENDURANCE.NS,2904.5,True,False,True,True,False,False,SKIP,83.3474
2026-08-09 02:54,ENGINERSIN.NS,240.6,True,False,True,True,False,False,SKIP,6.8796
2026-08-09 02:54,ERIS.NS,1382.4,False,False,True,False,False,True,SKIP,38.4063
2026-08-09 02:54,ESCORTS.NS,3080.0,True,False,True,True,False,False,SKIP,63.5523
2026-08-09 02:54,ETERNAL.NS,315.0,True,True,True,True,False,False,SKIP,8.9613
2026-08-09 02:54,EXIDEIND.NS,490.0,True,True,False,True,False,False,SKIP,16.2298
2026-08-09 02:54,NYKAA.NS,332.0,True,True,True,False,False,False,SKIP,8.3995
2026-08-09 02:54,FEDERALBNK.NS,356.25,True,True,True,False,False,False,SKIP,7.5384
2026-08-09 02:54,FACT.NS,839.4,False,False,True,True,False,False,SKIP,19.9468
2026-08-09 02:54,FINCABLES.NS,1024.65,False,False,True,True,False,False,SKIP,30.9272
2026-08-09 02:54,FSL.NS,279.85,True,False,True,True,True,False,SKIP,16.6062
2026-08-09 02:54,FIVESTAR.NS,543.25,True,False,True,False,False,False,SKIP,17.8243
2026-08-09 02:54,FORCEMOT.NS,18500.0,True,False,True,True,False,False,SKIP,561.3846
2026-08-09 02:54,FORTIS.NS,955.15,True,False,True,False,True,False,SKIP,22.2787
2026-08-09 02:54,GAIL.NS,173.63,True,False,True,True,False,False,SKIP,4.2216
2026-08-09 02:54,GVT&D.NS,4299.0,False,False,True,True,False,False,SKIP,194.4695
2026-08-09 02:54,GMRAIRPORT.NS,107.2,True,False,True,False,False,False,SKIP,2.2745
2026-08-09 02:54,GABRIEL.NS,1499.8,True,True,True,True,False,False,SKIP,67.5695
2026-08-09 02:54,GALLANTT.NS,605.5,False,False,True,True,False,False,SKIP,28.76
2026-08-09 02:54,GRSE.NS,2599.0,False,False,True,True,False,False,SKIP,69.2257
2026-08-09 02:54,GICRE.NS,357.2,False,False,True,True,False,True,SKIP,5.4182
2026-08-09 02:54,GILLETTE.NS,7683.5,False,False,True,False,False,True,SKIP,149.757
2026-08-09 02:54,GLAND.NS,2601.0,True,True,True,True,False,False,SKIP,75.6013
2026-08-09 02:54,GLAXO.NS,2599.7,True,True,True,False,False,False,SKIP,70.6953
2026-08-09 02:54,GLENMARK.NS,2279.1,True,False,True,True,False,False,SKIP,56.0841
2026-08-09 02:54,MEDANTA.NS,1455.6,True,False,True,True,True,False,SKIP,41.5158
2026-08-09 02:54,GODIGIT.NS,272.25,False,False,True,True,False,False,SKIP,10.7681
2026-08-09 02:54,GPIL.NS,240.61,False,False,False,True,True,False,SKIP,7.6255
2026-08-09 02:54,GODFRYPHLP.NS,2286.0,True,False,True,True,False,False,SKIP,76.5843
2026-08-09 02:54,GODREJCP.NS,1050.0,False,False,True,False,True,True,SKIP,25.4778
2026-08-09 02:54,GODREJIND.NS,1311.5,True,False,True,False,False,True,SKIP,43.2433
2026-08-09 02:54,GODREJPROP.NS,2070.0,True,False,True,False,False,False,SKIP,64.845
2026-08-09 02:54,GRANULES.NS,873.85,True,False,True,False,False,False,SKIP,27.2293
2026-08-09 02:54,GRAPHITE.NS,709.95,True,False,True,True,False,False,SKIP,26.1874
2026-08-09 02:54,GRASIM.NS,3323.0,True,False,True,True,True,False,SKIP,72.8555
2026-08-09 02:54,GRAVITA.NS,1732.1,True,False,True,False,False,False,SKIP,57.3294
2026-08-09 02:54,GESHIP.NS,1341.8,False,False,True,False,False,True,SKIP,55.975
2026-08-09 02:54,FLUOROCHEM.NS,4518.1,True,False,True,False,False,False,SKIP,145.3509
2026-08-09 02:54,GMDCLTD.NS,582.8,False,False,True,True,False,False,SKIP,18.5949
2026-08-09 02:54,HEG.NS,674.0,True,True,True,True,False,False,SKIP,24.1397
2026-08-09 02:54,HBLENGINE.NS,727.1,False,False,True,True,False,False,SKIP,20.6509
2026-08-09 02:54,HCLTECH.NS,1356.6,True,False,True,True,False,False,SKIP,36.1648
2026-08-09 02:54,HDBFS.NS,665.65,False,False,False,False,True,True,SKIP,15.6316
2026-08-09 02:54,HDFCAMC.NS,2545.0,False,False,True,False,False,False,SKIP,62.3892
2026-08-09 02:54,HDFCBANK.NS,731.0,False,False,False,False,False,True,SKIP,12.7349
2026-08-09 02:54,HDFCLIFE.NS,540.0,False,False,False,False,False,True,SKIP,11.1842
2026-08-09 02:54,HFCL.NS,207.98,True,False,True,False,False,False,SKIP,10.5009
2026-08-09 02:54,HAVELLS.NS,1288.0,True,False,True,True,False,False,SKIP,24.7584
2026-08-09 02:54,HEROMOTOCO.NS,5725.0,True,True,False,True,True,False,SKIP,132.029
2026-08-09 02:54,HEXT.NS,564.6,True,False,True,False,False,False,SKIP,24.397
2026-08-09 02:54,HSCL.NS,752.65,True,False,True,False,False,False,SKIP,28.8193
2026-08-09 02:54,HINDALCO.NS,1059.6,True,False,False,True,True,False,SKIP,22.854
2026-08-09 02:54,HAL.NS,4910.0,True,False,False,True,True,False,SKIP,100.1734
2026-08-09 02:54,HINDCOPPER.NS,536.1,True,False,True,True,True,False,SKIP,16.1384
2026-08-09 02:54,HINDPETRO.NS,393.05,True,False,True,False,False,False,SKIP,9.3333
2026-08-09 02:54,HINDUNILVR.NS,2096.0,False,False,True,False,False,False,SKIP,43.8469
2026-08-09 02:54,HINDZINC.NS,603.0,True,False,False,True,True,False,SKIP,14.4896
2026-08-09 02:54,POWERINDIA.NS,32600.0,False,False,True,True,False,False,SKIP,1067.9418
2026-08-09 02:54,HOMEFIRST.NS,1193.8,True,False,True,False,False,False,SKIP,37.8638
2026-08-09 02:54,HONASA.NS,477.6,True,False,True,True,True,False,SKIP,14.2798
2026-08-09 02:54,HONAUT.NS,37900.0,True,False,True,False,False,True,SKIP,959.3098
2026-08-09 02:54,HUDCO.NS,201.04,False,False,True,True,False,False,SKIP,5.143
2026-08-09 02:54,HYUNDAI.NS,2200.5,True,False,False,True,False,False,SKIP,53.1892
2026-08-09 02:54,ICICIBANK.NS,1421.0,True,False,True,False,False,False,SKIP,24.6577
2026-08-09 02:54,ICICIGI.NS,1639.0,False,False,True,True,False,False,SKIP,51.9668
2026-08-09 02:54,ICICIAMC.NS,3072.8,False,False,True,True,False,True,SKIP,67.6765
2026-08-09 02:54,ICICIPRULI.NS,501.05,False,False,True,False,False,True,SKIP,11.855
2026-08-09 02:54,IDBI.NS,84.22,True,False,True,False,False,False,SKIP,2.1387
2026-08-09 02:54,IDFCFIRSTB.NS,84.62,True,True,True,True,False,False,SKIP,1.7829
2026-08-09 02:54,IFCI.NS,73.98,True,False,True,True,False,False,SKIP,2.5863
2026-08-09 02:54,IIFL.NS,611.75,True,True,True,True,False,False,SKIP,18.5642
2026-08-09 02:54,IRB.NS,19.68,False,False,True,True,False,False,SKIP,0.4044
2026-08-09 02:54,IRCON.NS,131.25,False,False,True,True,False,False,SKIP,2.904
2026-08-09 02:54,ITCHOTELS.NS,170.65,True,False,True,True,False,False,SKIP,4.603
2026-08-09 02:54,ITC.NS,286.1,False,False,True,True,False,False,SKIP,4.5264
2026-08-09 02:54,ITI.NS,282.4,False,False,True,True,False,False,SKIP,7.0899
2026-08-09 02:54,INDGN.NS,554.45,True,False,True,True,True,False,SKIP,19.783
2026-08-09 02:54,INDIACEM.NS,398.15,True,False,True,False,False,False,SKIP,10.8565
2026-08-09 02:54,INDIAMART.NS,1755.0,False,False,False,False,False,True,SKIP,45.6932
2026-08-09 02:54,INDIANB.NS,889.5,True,False,True,True,True,False,SKIP,20.9556
2026-08-09 02:54,IEX.NS,127.1,True,False,True,True,False,False,SKIP,3.4158
2026-08-09 02:54,INDHOTEL.NS,731.0,True,False,True,False,False,False,SKIP,14.6009
2026-08-09 02:54,IOC.NS,143.38,True,False,True,True,False,False,SKIP,2.7607
2026-08-09 02:54,IOB.NS,34.26,True,False,True,True,False,False,SKIP,0.6834
2026-08-09 02:54,IRCTC.NS,519.95,True,False,True,True,False,False,SKIP,9.2519
2026-08-09 02:54,IRFC.NS,88.75,False,False,True,True,False,False,SKIP,1.5199
2026-08-09 02:54,IREDA.NS,119.8,False,False,True,True,False,True,SKIP,2.5402
2026-08-09 02:54,IGL.NS,151.94,False,False,True,True,False,False,SKIP,3.1123
2026-08-09 02:54,INDUSTOWER.NS,386.0,False,False,True,False,False,False,SKIP,9.7869
2026-08-09 02:54,INDUSINDBK.NS,1022.0,True,False,True,False,False,False,SKIP,23.3088
2026-08-09 02:54,NAUKRI.NS,1225.3,True,True,True,False,False,False,SKIP,34.7772
2026-08-09 02:54,INFY.NS,1175.1,True,False,True,True,False,False,SKIP,32.7225
2026-08-09 02:54,INOXWIND.NS,78.0,False,False,True,True,False,False,SKIP,2.3624
2026-08-09 02:54,INTELLECT.NS,721.35,False,False,True,False,False,False,SKIP,27.3721
2026-08-09 02:54,INDIGO.NS,5333.0,True,False,True,True,False,False,SKIP,133.2037
2026-08-09 02:54,IGIL.NS,355.8,True,False,True,True,False,False,SKIP,12.4923
2026-08-09 02:54,IKS.NS,1737.7,False,False,True,False,True,True,SKIP,62.6555
2026-08-09 02:54,IPCALAB.NS,1735.8,True,False,True,False,False,False,SKIP,55.4071
2026-08-09 02:54,JKCEMENT.NS,5379.5,False,False,True,False,False,True,SKIP,145.7823
2026-08-09 02:54,JBMA.NS,648.65,False,False,True,False,False,True,SKIP,17.2348
2026-08-09 02:54,JKTYRE.NS,394.9,False,False,True,True,True,False,SKIP,12.3658
2026-08-09 02:54,JMFINANCIL.NS,127.46,True,False,True,True,True,False,SKIP,4.2559
2026-08-09 02:54,JSWCEMENT.NS,134.29,True,False,True,False,False,False,SKIP,3.1588
2026-08-09 02:54,JSWDULUX.NS,3011.7,False,False,True,True,False,False,SKIP,92.3441
2026-08-09 02:54,JSWENERGY.NS,564.4,True,False,True,True,False,False,SKIP,12.1986
2026-08-09 02:54,JSWINFRA.NS,335.75,True,False,True,False,False,False,SKIP,11.2397
2026-08-09 02:54,JSWSTEEL.NS,1299.5,True,False,True,True,False,False,SKIP,26.6724
2026-08-09 02:54,JAINREC.NS,308.4,False,False,False,False,False,True,SKIP,15.9222
2026-08-09 02:54,JPPOWER.NS,17.94,True,False,True,True,False,False,SKIP,0.6212
2026-08-09 02:54,J&KBANK.NS,159.24,False,False,True,False,False,False,SKIP,7.4511
2026-08-09 02:54,JINDALSAW.NS,271.4,True,False,True,True,False,False,SKIP,8.7116
2026-08-09 02:54,JSL.NS,734.65,True,False,True,False,False,False,SKIP,17.0005
2026-08-09 02:55,JINDALSTEL.NS,1103.0,True,False,True,True,False,False,SKIP,24.2414
2026-08-09 02:55,JIOFIN.NS,256.8,True,False,True,True,False,False,SKIP,6.4335
2026-08-09 02:55,JUBLFOOD.NS,486.5,True,False,True,True,True,False,SKIP,14.0034
2026-08-09 02:55,JUBLINGREA.NS,740.25,True,False,True,False,False,False,SKIP,25.0472
2026-08-09 02:55,JUBLPHARMA.NS,932.0,False,False,False,False,False,True,SKIP,25.5564
2026-08-09 02:55,JWL.NS,260.0,False,False,True,True,False,False,SKIP,7.1762
2026-08-09 02:55,JYOTICNC.NS,784.3,True,True,True,False,True,False,SKIP,35.9149
2026-08-09 02:55,KPRMILL.NS,1076.7,True,False,True,True,False,False,SKIP,36.2662
2026-08-09 02:55,KEI.NS,5600.0,True,False,False,True,False,False,SKIP,155.6655
2026-08-09 02:55,KPITTECH.NS,629.9,False,False,True,True,False,False,SKIP,23.4064
2026-08-09 02:55,KAJARIACER.NS,1167.3,False,False,False,False,False,True,SKIP,31.3271
2026-08-09 02:55,KPIL.NS,1317.2,True,False,True,True,False,False,SKIP,34.775
2026-08-09 02:55,KALYANKJIL.NS,606.3,True,True,True,False,False,False,SKIP,26.802
2026-08-09 02:55,KARURVYSYA.NS,335.55,True,False,True,False,False,False,SKIP,9.5582
2026-08-09 02:55,KAYNES.NS,3856.3,True,False,True,True,False,False,SKIP,124.7249
2026-08-09 02:55,KEC.NS,478.85,False,False,True,True,False,False,SKIP,12.2269
2026-08-09 02:55,KFINTECH.NS,936.0,True,False,True,True,False,False,SKIP,26.792
2026-08-09 02:55,KIRLOSENG.NS,2161.7,True,False,True,False,True,False,SKIP,109.2054
2026-08-09 02:55,KOTAKBANK.NS,390.75,True,False,True,True,False,False,SKIP,7.2428
2026-08-09 02:55,KIMS.NS,811.1,True,False,True,True,True,False,SKIP,21.6586
2026-08-09 02:55,LTF.NS,308.0,True,False,True,False,False,False,SKIP,8.9361
2026-08-09 02:55,LTTS.NS,3598.7,True,False,True,True,False,False,SKIP,113.0597
2026-08-09 02:55,LGEINDIA.NS,1586.5,True,False,True,True,False,False,SKIP,34.2326
2026-08-09 02:55,LICHSGFIN.NS,504.25,False,False,False,False,False,True,SKIP,11.2088
2026-08-09 02:55,LTFOODS.NS,427.55,True,False,False,True,False,False,SKIP,11.4042
2026-08-09 02:55,LTM.NS,4658.1,True,False,True,True,False,False,SKIP,144.038
2026-08-09 02:55,LT.NS,4056.0,True,False,True,True,False,False,SKIP,64.2093
2026-08-09 02:55,LATENTVIEW.NS,297.2,False,False,True,False,False,True,SKIP,11.0916
2026-08-09 02:55,LAURUSLABS.NS,1844.3,True,True,False,True,False,False,SKIP,40.9991
2026-08-09 02:55,THELEELA.NS,518.0,True,False,True,True,False,False,SKIP,17.5425
2026-08-09 02:55,LEMONTREE.NS,111.01,False,False,True,True,False,False,SKIP,2.618
2026-08-09 02:55,LENSKART.NS,569.7,True,False,True,False,False,False,SKIP,14.212
2026-08-09 02:55,LICI.NS,394.0,False,False,False,False,True,True,SKIP,9.9639
2026-08-09 02:55,LINDEINDIA.NS,7112.5,True,False,True,True,False,False,SKIP,182.8529
2026-08-09 02:55,LLOYDSME.NS,2101.2,True,True,True,True,False,False,SKIP,59.9384
2026-08-09 02:55,LODHA.NS,1218.7,True,True,True,False,False,False,SKIP,43.8118
2026-08-09 02:55,LUPIN.NS,2363.5,False,False,True,False,True,True,SKIP,52.7195
2026-08-09 02:55,MMTC.NS,63.98,False,False,True,True,False,False,SKIP,1.7067
2026-08-09 02:55,MRF.NS,134190.0,True,False,True,False,False,False,SKIP,2130.2759
2026-08-09 02:55,MGL.NS,1139.6,True,False,True,True,True,False,SKIP,31.7019
2026-08-09 02:55,M&MFIN.NS,408.45,True,True,True,True,False,False,SKIP,15.353
2026-08-09 02:55,M&M.NS,3502.0,True,False,True,True,True,False,SKIP,81.5449
2026-08-09 02:55,MANAPPURAM.NS,366.75,True,False,True,False,False,False,SKIP,11.0839
2026-08-09 02:55,MRPL.NS,167.01,True,False,True,False,False,False,SKIP,6.9333
2026-08-09 02:55,MANKIND.NS,2456.0,False,False,True,False,False,True,SKIP,63.459
2026-08-09 02:55,MARICO.NS,862.0,True,True,True,False,False,False,SKIP,18.245
2026-08-09 02:55,MARUTI.NS,14037.0,True,False,True,True,False,False,SKIP,279.4313
2026-08-09 02:55,MFSL.NS,1497.4,False,False,False,True,False,True,SKIP,37.6716
2026-08-09 02:55,MAXHEALTH.NS,1070.0,False,False,True,False,False,True,SKIP,25.5447
2026-08-09 02:55,MAZDOCK.NS,2514.9,True,False,True,True,True,False,SKIP,60.8295
2026-08-09 02:55,MEESHO.NS,191.35,True,False,True,True,False,False,SKIP,6.9236
2026-08-09 02:55,MINDACORP.NS,721.65,True,False,True,True,False,False,SKIP,20.8669
2026-08-09 02:55,MSUMI.NS,41.16,True,False,True,False,True,False,SKIP,1.2295
2026-08-09 02:55,MOTILALOFS.NS,870.0,False,False,True,False,False,False,SKIP,25.674
2026-08-09 02:55,MPHASIS.NS,2475.0,True,False,True,True,False,False,SKIP,86.7192
2026-08-09 02:55,MCX.NS,2638.0,False,False,True,False,False,True,SKIP,79.8882
2026-08-09 02:55,MUTHOOTFIN.NS,2890.0,False,False,False,False,False,False,SKIP,97.2305
2026-08-09 02:55,NATCOPHARM.NS,916.65,False,False,True,False,False,True,SKIP,22.6599
2026-08-09 02:55,NBCC.NS,95.33,False,False,True,True,False,False,SKIP,2.1789
2026-08-09 02:55,NCC.NS,145.59,False,False,True,True,True,False,SKIP,3.6716
2026-08-09 02:55,NHPC.NS,76.92,False,False,True,False,False,True,SKIP,1.8014
2026-08-09 02:55,NLCINDIA.NS,304.4,False,False,True,True,False,False,SKIP,7.7534
2026-08-09 02:55,NMDC.NS,84.92,False,False,True,True,False,False,SKIP,1.6954
2026-08-09 02:55,NSLNISP.NS,43.84,True,False,True,True,True,False,SKIP,1.0318
2026-08-09 02:55,NTPCGREEN.NS,91.5,False,False,True,True,False,True,SKIP,2.0352
2026-08-09 02:55,NTPC.NS,342.5,False,False,True,True,False,True,SKIP,6.1749
2026-08-09 02:55,NH.NS,1885.1,False,False,False,False,False,True,SKIP,47.9309
2026-08-09 02:55,NATIONALUM.NS,381.0,True,False,True,True,False,False,SKIP,10.4262
2026-08-09 02:55,NAVA.NS,581.85,False,False,True,True,False,False,SKIP,16.9149
2026-08-09 02:55,NAVINFLUOR.NS,8271.0,True,False,True,True,True,False,SKIP,285.009
2026-08-09 02:55,NESTLEIND.NS,1540.0,True,False,True,True,False,False,SKIP,35.2536
2026-08-09 02:55,NETWEB.NS,4939.2,True,False,True,True,False,False,SKIP,195.6561
2026-08-09 02:55,NEULANDLAB.NS,22855.0,True,False,False,True,True,False,SKIP,853.3619
2026-08-09 02:55,NEWGEN.NS,551.0,True,False,True,False,False,False,SKIP,26.5457
2026-08-09 02:55,NAM-INDIA.NS,1176.0,True,False,True,True,False,False,SKIP,34.0073
2026-08-09 02:55,NIVABUPA.NS,86.19,True,True,True,False,False,False,SKIP,2.2376
2026-08-09 02:55,NUVAMA.NS,1642.7,False,False,False,False,False,True,SKIP,72.0573
2026-08-09 02:55,NUVOCO.NS,345.8,True,True,True,False,False,False,SKIP,12.2439
2026-08-09 02:55,OBEROIRLTY.NS,1775.0,False,False,True,False,False,True,SKIP,45.2238
2026-08-09 02:55,ONGC.NS,238.85,False,False,False,False,False,True,SKIP,4.5521
2026-08-09 02:55,OIL.NS,442.8,False,False,True,False,True,False,SKIP,11.0854
2026-08-09 02:55,OLAELEC.NS,41.07,True,False,True,True,False,False,SKIP,1.6065
2026-08-09 02:55,OLECTRA.NS,1385.0,True,False,True,True,False,False,SKIP,37.9793
2026-08-09 02:55,PAYTM.NS,1441.6,True,False,False,True,False,False,SKIP,44.8267
2026-08-09 02:55,ONESOURCE.NS,1576.0,False,False,True,False,False,False,SKIP,64.0393
2026-08-09 02:55,OFSS.NS,11805.0,True,False,True,True,False,False,SKIP,394.6424
2026-08-09 02:55,POLICYBZR.NS,1604.5,True,False,True,True,False,False,SKIP,45.984
2026-08-09 02:55,PCBL.NS,321.9,True,False,True,False,False,False,SKIP,14.3745
2026-08-09 02:55,PGEL.NS,630.65,True,False,True,False,True,False,SKIP,22.4131
2026-08-09 02:55,PIIND.NS,2774.6,True,False,True,True,False,False,SKIP,56.9584
2026-08-09 02:55,PNBHOUSING.NS,1143.0,True,False,True,True,True,False,SKIP,36.0367
2026-08-09 02:55,PTCIL.NS,19076.0,True,False,False,True,True,False,SKIP,480.6308
2026-08-09 02:55,PVRINOX.NS,1156.0,True,True,True,True,False,False,SKIP,34.5448
2026-08-09 02:55,PAGEIND.NS,39900.0,True,False,True,False,False,True,SKIP,863.0992
2026-08-09 02:55,PARADEEP.NS,149.45,True,False,True,True,False,False,SKIP,5.5621
2026-08-09 02:55,PATANJALI.NS,357.5,False,True,True,True,False,False,SKIP,10.5197
2026-08-09 02:55,PERSISTENT.NS,5475.0,True,False,True,True,False,False,SKIP,172.4378
2026-08-09 02:55,PETRONET.NS,280.6,True,False,True,True,False,False,SKIP,5.9047
2026-08-09 02:55,PFIZER.NS,4880.6,True,False,True,True,False,False,SKIP,95.6067
2026-08-09 02:55,PHOENIXLTD.NS,1895.5,False,False,False,False,False,True,SKIP,50.2836
2026-08-09 02:55,PWL.NS,131.59,True,False,True,False,True,False,SKIP,5.9052
2026-08-09 02:55,PIDILITIND.NS,1660.0,True,False,True,True,False,False,SKIP,35.3647
2026-08-09 02:55,PINELABS.NS,154.44,True,False,True,True,False,False,SKIP,7.0135
2026-08-09 02:55,PIRAMALFIN.NS,2109.7,True,False,True,False,False,False,SKIP,66.1761
2026-08-09 02:55,PPLPHARMA.NS,209.55,True,True,False,True,False,False,SKIP,7.5068
2026-08-09 02:55,POLYMED.NS,1693.8,True,False,True,False,True,False,SKIP,53.4892
2026-08-09 02:55,POLYCAB.NS,9218.0,True,False,True,True,False,False,SKIP,201.0852
2026-08-09 02:55,POONAWALLA.NS,480.05,True,False,True,False,True,False,SKIP,15.7745
2026-08-09 02:55,PFC.NS,420.0,True,False,True,True,False,False,SKIP,8.2463
2026-08-09 02:55,POWERGRID.NS,271.6,False,False,False,False,False,True,SKIP,5.5678
2026-08-09 02:55,PREMIERENE.NS,1047.2,True,False,True,True,True,False,SKIP,31.7499
2026-08-09 02:55,PRESTIGE.NS,1584.8,True,False,True,False,False,True,SKIP,53.2362
2026-08-09 02:55,PFOCUS.NS,287.6,True,True,True,False,True,False,SKIP,14.4656
2026-08-09 02:55,PNB.NS,114.81,True,False,True,True,False,False,SKIP,1.9417
2026-08-09 02:55,RRKABEL.NS,2759.5,True,True,False,True,False,False,SKIP,102.7082
2026-08-09 02:55,RBLBANK.NS,389.8,True,False,True,True,False,False,SKIP,9.4049
2026-08-09 02:55,RECLTD.NS,367.0,True,False,True,True,False,False,SKIP,7.3652
2026-08-09 02:55,RHIM.NS,412.8,True,False,True,True,False,False,SKIP,13.7301
2026-08-09 02:55,RITES.NS,234.24,True,False,True,True,True,False,SKIP,6.8637
2026-08-09 02:55,RADICO.NS,4499.0,True,True,False,True,False,False,SKIP,110.3334
2026-08-09 02:55,RVNL.NS,233.38,False,False,True,True,False,False,SKIP,5.4793
2026-08-09 02:55,RAILTEL.NS,288.55,False,False,True,True,False,False,SKIP,7.0583
2026-08-09 02:55,RAINBOW.NS,1556.7,True,False,True,True,False,False,SKIP,42.9049
2026-08-09 02:55,RKFORGE.NS,726.55,True,True,False,True,False,False,SKIP,24.0625
2026-08-09 02:55,REDINGTON.NS,354.85,True,True,False,True,False,False,SKIP,14.941
2026-08-09 02:55,RELIANCE.NS,1334.8,True,False,True,True,False,False,SKIP,23.6721
2026-08-09 02:55,RPOWER.NS,24.34,False,False,True,True,True,False,SKIP,0.7752
2026-08-09 02:55,SBFC.NS,94.25,True,False,True,True,False,False,SKIP,2.1729
2026-08-09 02:55,SBICARD.NS,659.0,True,False,True,True,False,False,SKIP,15.036
2026-08-09 02:55,SBILIFE.NS,1855.5,True,False,True,False,False,False,SKIP,37.073
2026-08-09 02:55,SJVN.NS,67.96,False,False,False,True,False,True,SKIP,1.2854
2026-08-09 02:55,SRF.NS,2615.0,False,False,True,False,False,True,SKIP,63.135
2026-08-09 02:55,SAGILITY.NS,43.67,True,False,True,True,False,False,SKIP,1.4764
2026-08-09 02:55,SAILIFE.NS,1365.2,True,False,True,True,True,False,SKIP,42.2876
2026-08-09 02:55,SAMMAANCAP.NS,163.17,False,False,True,True,False,False,SKIP,4.7868
2026-08-09 02:55,MOTHERSON.NS,168.5,True,False,False,True,True,False,SKIP,5.2375
2026-08-09 02:55,SAPPHIRE.NS,224.22,True,False,False,True,True,False,SKIP,10.0675
2026-08-09 02:55,SARDAEN.NS,497.6,False,False,True,False,True,True,SKIP,13.646
2026-08-09 02:55,SAREGAMA.NS,519.2,True,False,True,True,False,False,SKIP,24.5911
2026-08-09 02:55,SCHAEFFLER.NS,4035.2,False,False,True,False,False,True,SKIP,101.9185
2026-08-09 02:55,SCHNEIDER.NS,1354.8,True,False,True,False,False,False,SKIP,54.9267
2026-08-09 02:55,SCI.NS,304.75,True,False,True,True,True,False,SKIP,10.2053
2026-08-09 02:55,SHREECEM.NS,26010.0,False,False,True,False,False,True,SKIP,613.5371
2026-08-09 02:55,SHRIRAMFIN.NS,1115.0,True,False,True,True,False,False,SKIP,30.5596
2026-08-09 02:55,SHYAMMETL.NS,1006.9,True,False,True,False,False,False,SKIP,28.6496
2026-08-09 02:55,ENRIN.NS,3648.8,True,False,True,True,True,False,SKIP,140.4015
2026-08-09 02:55,SIEMENS.NS,3940.1,True,False,True,True,False,False,SKIP,104.761
2026-08-09 02:55,SIGNATURE.NS,802.3,False,False,True,True,False,False,SKIP,26.4826
2026-08-09 02:55,SOBHA.NS,1339.0,False,False,False,False,False,True,SKIP,39.0812
2026-08-09 02:55,SOLARINDS.NS,18650.0,True,False,True,False,False,False,SKIP,495.6906
2026-08-09 02:55,SONACOMS.NS,818.05,True,True,False,True,False,False,SKIP,23.5776
2026-08-09 02:55,SONATSOFTW.NS,318.05,True,True,True,True,False,False,SKIP,16.7172
2026-08-09 02:55,STARHEALTH.NS,569.85,False,False,True,False,False,True,SKIP,16.9565
2026-08-09 02:55,SBIN.NS,1097.2,True,False,False,True,True,False,SKIP,21.1346
2026-08-09 02:55,SAIL.NS,176.58,True,False,True,True,False,False,SKIP,5.1109
2026-08-09 02:55,SUMICHEM.NS,532.95,True,False,True,False,False,False,SKIP,19.3535
2026-08-09 02:55,SUNPHARMA.NS,1945.0,True,False,True,False,False,False,SKIP,34.2963
2026-08-09 02:55,SUNTV.NS,486.65,False,False,False,False,False,True,SKIP,11.4786
2026-08-09 02:55,SUNDARMFIN.NS,4604.2,True,False,True,True,False,False,SKIP,132.7288
2026-08-09 02:55,SUPREMEIND.NS,3442.0,False,False,True,True,False,False,SKIP,91.3379
2026-08-09 02:55,SPLPETRO.NS,701.45,False,False,True,False,False,True,SKIP,23.2464
2026-08-09 02:55,SUZLON.NS,48.15,False,False,False,False,False,False,SKIP,1.4237
2026-08-09 02:55,SWANCORP.NS,308.05,False,False,True,True,False,True,SKIP,7.2879
2026-08-09 02:55,SWIGGY.NS,280.75,True,False,True,True,False,False,SKIP,12.2346
2026-08-09 02:55,SYNGENE.NS,403.7,False,False,True,True,True,False,SKIP,13.5677
2026-08-09 02:55,SYRMA.NS,1424.7,True,False,True,True,False,False,SKIP,53.9301
2026-08-09 02:55,TBOTEK.NS,1610.9,True,False,True,True,False,False,SKIP,60.5485
2026-08-09 02:55,TVSMOTOR.NS,4440.9,True,True,False,True,False,False,SKIP,98.5062
2026-08-09 02:55,TATACAP.NS,370.3,True,False,True,True,True,False,SKIP,11.2933
2026-08-09 02:55,TATACHEM.NS,673.55,False,False,True,False,True,True,SKIP,16.5178
2026-08-09 02:55,TATACOMM.NS,1755.2,False,True,True,False,False,False,SKIP,53.5423
2026-08-09 02:55,TCS.NS,2452.7,True,False,True,True,False,False,SKIP,68.0891
2026-08-09 02:56,TATACONSUM.NS,1082.3,False,False,True,True,False,True,SKIP,22.7801
2026-08-09 02:56,TATAELXSI.NS,3781.0,False,False,True,True,False,False,SKIP,98.9841
2026-08-09 02:56,TATAINVEST.NS,693.65,True,False,True,True,True,False,SKIP,17.12
2026-08-09 02:56,TMCV.NS,453.1,True,False,True,True,False,False,SKIP,12.9162
2026-08-09 02:56,TMPV.NS,347.0,True,False,True,True,False,False,SKIP,7.3593
2026-08-09 02:56,TATAPOWER.NS,380.55,False,False,True,True,False,False,SKIP,6.3533
2026-08-09 02:56,TATASTEEL.NS,187.55,False,False,True,True,False,False,SKIP,3.7063
2026-08-09 02:56,TATATECH.NS,872.8,True,False,False,True,True,False,SKIP,30.214
2026-08-09 02:56,TTML.NS,39.37,False,False,False,True,False,True,SKIP,1.2474
2026-08-09 02:56,TECHM.NS,1635.0,True,False,True,False,True,False,SKIP,42.5408
2026-08-09 02:56,TECHNOE.NS,1066.25,True,False,True,True,True,False,SKIP,30.6105
2026-08-09 02:56,TEGA.NS,1625.7,False,False,True,True,True,False,SKIP,53.3214
2026-08-09 02:56,TEJASNET.NS,513.45,False,False,True,True,False,False,SKIP,20.1228
2026-08-09 02:56,TENNIND.NS,562.8,False,False,True,True,True,False,SKIP,19.2267
2026-08-09 02:56,NIACL.NS,177.11,True,False,True,True,False,False,SKIP,6.625
2026-08-09 02:56,RAMCOCEM.NS,933.8,True,False,True,True,True,False,SKIP,23.265
2026-08-09 02:56,THERMAX.NS,4059.9,False,False,False,False,False,False,SKIP,197.7074
2026-08-09 02:56,TIMKEN.NS,3351.0,True,False,True,True,False,False,SKIP,89.7009
2026-08-09 02:56,TITAGARH.NS,847.45,True,False,True,True,False,False,SKIP,23.6967
2026-08-09 02:56,TITAN.NS,4941.0,True,True,True,True,True,False,TAKE,87.0109
2026-08-09 02:56,TORNTPHARM.NS,4924.0,True,False,True,False,False,False,SKIP,132.1307
2026-08-09 02:56,TORNTPOWER.NS,1350.8,False,False,False,False,False,False,SKIP,34.0677
2026-08-09 02:56,TARIL.NS,297.8,False,False,False,False,False,True,SKIP,10.3669
2026-08-09 02:56,TRAVELFOOD.NS,1428.6,True,False,False,True,True,False,SKIP,49.3167
2026-08-09 02:56,TRENT.NS,2997.0,True,False,True,True,True,False,SKIP,81.0019
2026-08-09 02:56,TRIDENT.NS,25.18,True,False,True,False,True,False,SKIP,0.5382
2026-08-09 02:56,TRITURBINE.NS,636.45,True,False,True,True,False,False,SKIP,20.5376
2026-08-09 02:56,TIINDIA.NS,2772.0,False,False,True,True,False,False,SKIP,84.4454
2026-08-09 02:56,UCOBANK.NS,26.4,True,False,True,True,False,False,SKIP,0.5509
2026-08-09 02:56,UNOMINDA.NS,1285.0,True,False,False,True,False,False,SKIP,32.3785
2026-08-09 02:56,UPL.NS,573.0,False,False,False,False,False,True,SKIP,14.7337
2026-08-09 02:56,UTIAMC.NS,896.65,False,False,True,False,False,False,SKIP,20.4945
2026-08-09 02:56,ULTRACEMCO.NS,12105.0,True,False,True,True,False,False,SKIP,198.9301
2026-08-09 02:56,UNIONBANK.NS,183.6,True,False,True,True,True,False,SKIP,4.732
2026-08-09 02:56,UBL.NS,1400.3,True,False,True,False,False,False,SKIP,34.9853
2026-08-09 02:56,UNITDSPR.NS,1512.4,True,True,True,True,False,False,SKIP,29.022
2026-08-09 02:56,URBANCO.NS,143.74,True,True,True,True,False,False,SKIP,5.4344
2026-08-09 02:56,USHAMART.NS,515.05,True,False,True,True,False,False,SKIP,13.9142
2026-08-09 02:56,VTL.NS,606.75,False,False,True,False,False,False,SKIP,20.6706
2026-08-09 02:56,VBL.NS,442.0,False,True,False,True,False,False,SKIP,12.0143
2026-08-09 02:56,VEDL.NS,278.85,False,False,True,True,False,False,SKIP,7.4979
2026-08-09 02:56,VIJAYA.NS,1351.1,True,False,True,False,True,False,SKIP,49.4652
2026-08-09 02:56,VMM.NS,108.72,False,False,True,True,False,True,SKIP,2.911
2026-08-09 02:56,IDEA.NS,12.73,False,False,False,False,False,True,SKIP,0.3351
2026-08-09 02:56,VOLTAS.NS,1285.0,False,False,True,False,True,True,SKIP,35.3986
2026-08-09 02:56,WAAREEENER.NS,2717.0,False,True,True,True,False,False,SKIP,69.2095
2026-08-09 02:56,WELCORP.NS,1839.8,True,False,False,True,False,False,SKIP,54.9317
2026-08-09 02:56,WELSPUNLIV.NS,164.09,True,False,True,False,True,False,SKIP,5.7692
2026-08-09 02:56,WHIRLPOOL.NS,813.15,True,False,True,True,False,False,SKIP,26.1435
2026-08-09 02:56,WIPRO.NS,187.53,True,False,True,True,False,False,SKIP,3.8418
2026-08-09 02:56,WOCKPHARMA.NS,2021.0,True,False,True,True,False,False,SKIP,65.2871
2026-08-09 02:56,YESBANK.NS,22.69,False,False,True,False,False,True,SKIP,0.4052
2026-08-09 02:56,ZFCVINDIA.NS,2637.2,True,True,True,True,False,False,SKIP,85.5071
2026-08-09 02:56,ZEEL.NS,94.19,False,False,False,False,False,True,SKIP,5.291
2026-08-09 02:56,ZENTEC.NS,1721.1,False,False,True,True,False,False,SKIP,63.2712
2026-08-09 02:56,ZENSARTECH.NS,499.0,True,False,True,False,False,True,SKIP,20.8636
2026-08-09 02:56,ZYDUSLIFE.NS,1114.2,True,False,True,False,False,True,SKIP,23.5833
2026-08-09 02:56,ZYDUSWELL.NS,533.85,False,False,True,False,False,True,SKIP,22.5782
2026-08-09 02:56,ECLERX.NS,1769.1,True,False,True,False,False,False,SKIP,95.7487
2026-08-10 11:19,360ONE.NS,1175.6,True,False,True,True,False,False,SKIP,32.4959
2026-08-10 11:19,3MINDIA.NS,35900.0,True,False,True,False,False,False,SKIP,859.6262
2026-08-10 11:19,ABB.NS,7649.5,True,False,True,True,False,False,SKIP,210.4865
2026-08-10 11:19,ACC.NS,1357.6,False,False,True,False,False,False,SKIP,28.711
2026-08-10 11:19,ACMESOLAR.NS,365.8,True,False,True,False,False,False,SKIP,14.157
2026-08-10 11:19,AIAENG.NS,4790.3,True,False,True,True,False,False,SKIP,138.4626
2026-08-10 11:19,APLAPOLLO.NS,2020.0,True,False,False,True,False,False,SKIP,48.9804
2026-08-10 11:19,AUBANK.NS,1068.0,True,False,True,True,False,False,SKIP,27.1192
2026-08-10 11:19,AWL.NS,196.13,True,False,True,True,False,False,SKIP,5.0834
2026-08-10 11:19,AADHARHFC.NS,501.65,False,False,True,False,False,True,SKIP,14.6521
2026-08-10 11:19,AARTIIND.NS,500.55,True,False,True,True,False,False,SKIP,14.8851
2026-08-10 11:19,AAVAS.NS,1404.0,False,False,True,False,True,False,SKIP,45.2338
2026-08-10 11:19,ABBOTINDIA.NS,27535.0,True,False,True,False,False,False,SKIP,418.8744
2026-08-10 11:19,ACE.NS,1113.6,True,True,True,True,False,False,SKIP,39.1343
2026-08-10 11:19,ACUTAAS.NS,3282.0,True,False,True,False,False,False,SKIP,135.6665
2026-08-10 11:19,ADANIENSOL.NS,1632.0,True,False,True,False,False,True,SKIP,46.9578
2026-08-10 11:19,ADANIENT.NS,3010.0,True,False,True,False,False,True,SKIP,65.1391
2026-08-10 11:19,ADANIGREEN.NS,1369.0,False,False,False,False,False,True,SKIP,42.1694
2026-08-10 11:19,ADANIPORTS.NS,1681.0,False,False,False,False,False,True,SKIP,35.2254
2026-08-10 11:19,ADANIPOWER.NS,210.65,False,False,True,True,False,True,SKIP,5.265
2026-08-10 11:19,ATGL.NS,660.1,False,False,True,True,False,True,SKIP,17.9724
2026-08-10 11:19,ABCAPITAL.NS,407.75,True,False,True,True,False,False,SKIP,11.4741
2026-08-10 11:19,ABFRL.NS,61.04,True,False,True,True,True,False,SKIP,2.257
2026-08-10 11:19,ABLBL.NS,91.55,False,False,False,False,True,True,SKIP,2.2466
2026-08-10 11:19,ABREL.NS,1393.2,True,False,True,False,False,True,SKIP,44.0608
2026-08-10 11:19,ABSLAMC.NS,1011.8,False,False,True,True,False,False,SKIP,34.0609
2026-08-10 11:19,CPPLUS.NS,3764.8,True,False,True,True,False,False,SKIP,144.8286
2026-08-10 11:19,AEGISLOG.NS,1333.7,True,False,True,False,False,False,SKIP,79.7871
2026-08-10 11:19,AEGISVOPAK.NS,276.55,True,True,True,False,False,True,SKIP,14.8945
2026-08-10 11:19,AFCONS.NS,262.85,False,False,False,False,False,True,SKIP,9.7101
2026-08-10 11:19,AFFLE.NS,1594.5,True,False,True,True,False,False,SKIP,62.4108
2026-08-10 11:19,AJANTPHARM.NS,3506.2,True,False,True,False,False,False,SKIP,94.9704
2026-08-10 11:19,ALKEM.NS,5598.5,True,False,True,False,False,True,SKIP,121.881
2026-08-10 11:19,ABDL.NS,624.7,True,False,True,False,True,False,SKIP,24.7016
2026-08-10 11:19,ARE&M.NS,897.7,True,False,True,True,True,False,SKIP,26.7443
2026-08-10 11:19,AMBER.NS,7095.0,False,False,False,False,True,True,SKIP,219.2991
2026-08-10 11:19,AMBUJACEM.NS,430.85,False,False,True,False,False,False,SKIP,10.2908
2026-08-10 11:19,ANANDRATHI.NS,2131.5,True,False,True,False,True,False,SKIP,48.6972
2026-08-10 11:19,ANANTRAJ.NS,604.25,True,False,True,False,False,False,SKIP,20.1421
2026-08-10 11:19,ANGELONE.NS,294.8,False,False,False,False,False,True,SKIP,9.1498
2026-08-10 11:19,ANTHEM.NS,853.0,True,False,False,True,True,False,SKIP,23.5839
2026-08-10 11:19,ANURAS.NS,1216.3,False,True,False,True,False,False,SKIP,20.1723
2026-08-10 11:19,APARINDS.NS,16448.0,True,False,True,True,False,False,SKIP,665.467
2026-08-10 11:19,APOLLOHOSP.NS,8912.0,True,False,True,False,True,False,SKIP,142.1051
2026-08-10 11:19,APOLLOTYRE.NS,445.95,True,False,True,True,False,False,SKIP,10.8063
2026-08-10 11:19,APTUS.NS,253.25,False,False,False,False,False,True,SKIP,8.7243
2026-08-10 11:19,ASAHIINDIA.NS,902.9,True,False,True,True,False,False,SKIP,24.2505
2026-08-10 11:19,ASHOKLEY.NS,174.0,True,False,True,True,False,False,SKIP,4.4563
2026-08-10 11:19,ASIANPAINT.NS,2750.0,True,False,True,True,False,False,SKIP,58.0868
2026-08-10 11:19,ASTERDM.NS,867.15,True,False,False,True,True,False,SKIP,27.1131
2026-08-10 11:19,ASTRAL.NS,1437.0,False,False,True,True,False,False,SKIP,32.516
2026-08-10 11:19,ATHERENERG.NS,1466.2,True,True,False,True,False,False,SKIP,63.8053
2026-08-10 11:19,ATUL.NS,6854.0,True,False,True,True,False,False,SKIP,187.1328
2026-08-10 11:19,AUROPHARMA.NS,1648.0,True,False,True,True,False,False,SKIP,43.5968
2026-08-10 11:19,AIIL.NS,586.2,True,True,True,True,False,False,SKIP,22.0939
2026-08-10 11:19,DMART.NS,4054.0,False,False,True,True,False,False,SKIP,101.3901
2026-08-10 11:19,AXISBANK.NS,1247.3,False,False,True,True,False,False,SKIP,23.4614
2026-08-10 11:19,BEML.NS,1884.4,True,False,True,True,True,False,SKIP,63.3047
2026-08-10 11:19,BLS.NS,260.71,True,False,True,True,True,False,SKIP,8.2498
2026-08-10 11:19,BSE.NS,3596.1,False,False,True,True,True,False,SKIP,110.359
2026-08-10 11:19,BAJAJ-AUTO.NS,11677.0,True,True,True,True,False,False,SKIP,240.3775
2026-08-10 11:19,BAJFINANCE.NS,1102.2,True,False,True,True,False,False,SKIP,31.4164
2026-08-10 11:19,BAJAJFINSV.NS,2021.3,True,False,True,True,False,False,SKIP,48.5659
2026-08-10 11:19,BAJAJHLDNG.NS,11471.0,True,False,True,True,False,False,SKIP,249.3494
2026-08-10 11:19,BAJAJHFL.NS,85.06,False,False,True,False,False,False,SKIP,1.5069
2026-08-10 11:19,BALKRISIND.NS,2524.6,True,False,False,True,False,False,SKIP,89.9272
2026-08-10 11:19,BALRAMCHIN.NS,655.25,True,True,True,True,False,False,SKIP,22.2361
2026-08-10 11:19,BANDHANBNK.NS,172.62,False,False,False,True,False,False,SKIP,6.4293
2026-08-10 11:19,BANKBARODA.NS,247.81,False,False,True,True,False,False,SKIP,5.4124
2026-08-10 11:19,BANKINDIA.NS,141.0,False,False,True,True,False,False,SKIP,3.5465
2026-08-10 11:19,MAHABANK.NS,78.88,False,False,True,False,False,True,SKIP,2.0039
2026-08-10 11:19,BATAINDIA.NS,712.85,True,False,True,True,False,False,SKIP,19.136
2026-08-10 11:19,BAYERCROP.NS,4157.3,False,False,True,True,False,False,SKIP,77.8329
2026-08-10 11:19,BELRISE.NS,252.77,True,False,True,True,True,False,SKIP,6.9338
2026-08-10 11:19,BERGEPAINT.NS,542.1,True,False,True,True,False,False,SKIP,15.804
2026-08-10 11:19,BDL.NS,1310.0,True,False,True,True,False,False,SKIP,33.6391
2026-08-10 11:19,BEL.NS,404.35,False,False,True,True,False,False,SKIP,7.1932
2026-08-10 11:19,BHARATFORG.NS,2093.1,False,False,True,False,True,True,SKIP,63.8751
2026-08-10 11:19,BHEL.NS,409.0,True,False,True,False,False,False,SKIP,11.8546
2026-08-10 11:19,BPCL.NS,318.5,True,False,True,False,False,False,SKIP,7.056
2026-08-10 11:19,BHARTIARTL.NS,1943.0,True,False,True,False,False,False,SKIP,34.0415
2026-08-10 11:19,BHARTIHEXA.NS,1507.0,False,False,True,False,False,True,SKIP,47.5067
2026-08-10 11:19,BIKAJI.NS,623.3,False,False,False,False,False,True,SKIP,14.0732
2026-08-10 11:19,GROWW.NS,193.34,False,False,True,False,False,True,SKIP,5.8658
2026-08-10 11:19,BIOCON.NS,426.1,True,False,True,False,False,True,SKIP,10.3755
2026-08-10 11:19,BSOFT.NS,317.25,True,False,True,True,False,False,SKIP,11.3061
2026-08-10 11:19,BLUEDART.NS,5190.5,True,False,True,True,False,False,SKIP,160.0875
2026-08-10 11:19,BLUEJET.NS,592.15,True,False,True,False,False,False,SKIP,24.6052
2026-08-10 11:19,BLUESTARCO.NS,1508.0,False,False,False,False,True,True,SKIP,55.6781
2026-08-10 11:19,BBTC.NS,1509.5,False,False,True,True,False,False,SKIP,29.9194
2026-08-10 11:19,BOSCHLTD.NS,43505.0,True,False,True,True,True,False,SKIP,974.7822
2026-08-10 11:19,FIRSTCRY.NS,212.78,False,False,True,True,False,False,SKIP,4.8194
2026-08-10 11:19,BRIGADE.NS,607.7,True,False,True,True,True,False,SKIP,18.6093
2026-08-10 11:19,BRITANNIA.NS,5623.5,True,False,True,True,False,False,SKIP,114.1185
2026-08-10 11:19,MAPMYINDIA.NS,985.0,False,False,True,False,False,True,SKIP,59.4561
2026-08-10 11:19,CCL.NS,1122.7,False,False,False,False,False,True,SKIP,32.7369
2026-08-10 11:19,CESC.NS,164.58,False,False,True,True,False,False,SKIP,3.261
2026-08-10 11:19,CGPOWER.NS,879.0,False,False,True,True,False,False,SKIP,27.0925
2026-08-10 11:19,CIEINDIA.NS,409.5,False,False,False,False,False,True,SKIP,12.2509
2026-08-10 11:19,CRISIL.NS,4635.4,True,False,True,True,False,False,SKIP,125.0172
2026-08-10 11:19,CANFINHOME.NS,820.3,False,False,True,False,False,False,SKIP,20.5912
2026-08-10 11:19,CANBK.NS,129.0,True,False,True,True,False,False,SKIP,2.8721
2026-08-10 11:19,CANHLIFE.NS,149.39,True,True,True,False,False,False,SKIP,5.5884
2026-08-10 11:19,CAPLIPOINT.NS,2623.8,True,False,True,False,True,False,SKIP,84.7429
2026-08-10 11:19,CGCL.NS,232.39,True,True,True,False,False,False,SKIP,9.7325
2026-08-10 11:19,CARBORUNIV.NS,1121.0,True,False,True,True,True,False,SKIP,38.9017
2026-08-10 11:19,CARTRADE.NS,2762.0,True,True,True,False,False,False,SKIP,125.4227
2026-08-10 11:19,CASTROLIND.NS,193.43,True,True,False,True,True,False,SKIP,2.3407
2026-08-10 11:19,CEATLTD.NS,3793.6,True,False,True,True,False,False,SKIP,108.2895
2026-08-10 11:19,CEMPRO.NS,1266.4,False,True,False,False,True,False,SKIP,69.6245
2026-08-10 11:19,CENTRALBK.NS,31.02,False,False,True,True,False,True,SKIP,0.58
2026-08-10 11:19,CDSL.NS,1332.5,True,False,True,False,False,True,SKIP,29.018
2026-08-10 11:19,CHALET.NS,837.1,True,False,True,True,True,False,SKIP,24.9314
2026-08-10 11:19,CHAMBLFERT.NS,451.55,False,False,True,True,False,False,SKIP,10.0562
2026-08-10 11:19,CHENNPETRO.NS,1240.1,True,False,True,True,False,False,SKIP,57.3125
2026-08-10 11:19,CHOICEIN.NS,844.75,True,False,False,True,False,False,SKIP,16.3961
2026-08-10 11:19,CHOLAHLDNG.NS,1622.1,True,False,True,True,False,False,SKIP,45.4646
2026-08-10 11:19,CHOLAFIN.NS,1920.0,True,False,True,True,False,False,SKIP,58.2929
2026-08-10 11:19,CIPLA.NS,1467.7,True,False,True,True,False,False,SKIP,28.3572
2026-08-10 11:19,CUB.NS,216.42,True,False,True,False,False,False,SKIP,8.0433
2026-08-10 11:19,CLEAN.NS,803.55,True,False,True,True,True,False,SKIP,25.8528
2026-08-10 11:19,COALINDIA.NS,411.0,False,False,False,True,False,False,SKIP,6.3594
2026-08-10 11:19,COCHINSHIP.NS,1502.0,True,False,True,True,False,False,SKIP,35.4289
2026-08-10 11:19,COFORGE.NS,1810.0,True,False,False,True,False,False,SKIP,55.1087
2026-08-10 11:19,COHANCE.NS,447.0,True,False,True,True,True,False,SKIP,16.5189
2026-08-10 11:19,COLPAL.NS,2019.5,False,False,True,False,False,True,SKIP,49.2967
2026-08-10 11:19,CAMS.NS,789.45,True,False,True,True,True,False,SKIP,21.0261
2026-08-10 11:19,CONCORDBIO.NS,1419.0,True,False,True,True,True,False,SKIP,50.9001
2026-08-10 11:19,CONCOR.NS,501.9,True,False,True,False,False,False,SKIP,12.277
2026-08-10 11:19,COROMANDEL.NS,2098.3,True,False,True,True,True,False,SKIP,54.0815
2026-08-10 11:19,CRAFTSMAN.NS,10282.5,True,True,True,True,False,False,SKIP,328.909
2026-08-10 11:19,CREDITACC.NS,1530.5,True,False,True,False,False,False,SKIP,48.897
2026-08-10 11:19,CROMPTON.NS,247.55,False,False,True,True,False,True,SKIP,8.1996
2026-08-10 11:19,CUMMINSIND.NS,5448.0,False,False,True,False,False,False,SKIP,143.2878
2026-08-10 11:19,CYIENT.NS,855.0,False,False,True,True,False,False,SKIP,22.9393
2026-08-10 11:19,DCMSHRIRAM.NS,1016.0,False,False,True,False,False,True,SKIP,31.7143
2026-08-10 11:19,DLF.NS,660.0,True,False,True,False,False,False,SKIP,18.3654
2026-08-10 11:19,DOMS.NS,2250.1,False,False,True,False,False,False,SKIP,57.1628
2026-08-10 11:19,DABUR.NS,414.2,False,False,True,False,False,False,SKIP,8.5221
2026-08-10 11:19,DALBHARAT.NS,1845.0,True,False,True,False,False,False,SKIP,44.4927
2026-08-10 11:19,DATAPATTNS.NS,4429.7,True,False,True,False,False,False,SKIP,195.4026
2026-08-10 11:19,DEEPAKFERT.NS,1530.4,True,False,True,False,False,True,SKIP,59.1522
2026-08-10 11:19,DEEPAKNTR.NS,1779.2,True,False,True,True,True,False,SKIP,56.1159
2026-08-10 11:19,DELHIVERY.NS,478.35,True,False,True,False,True,False,SKIP,15.1669
2026-08-10 11:19,DEVYANI.NS,133.56,True,False,False,True,False,False,SKIP,4.9923
2026-08-10 11:19,DIVISLAB.NS,8300.0,True,True,False,True,False,False,SKIP,185.1986
2026-08-10 11:19,DIXON.NS,14115.0,True,False,True,False,False,False,SKIP,406.9444
2026-08-10 11:19,LALPATHLAB.NS,1954.0,True,True,False,True,False,False,SKIP,59.3818
2026-08-10 11:19,DRREDDY.NS,1158.8,False,True,False,True,False,False,SKIP,25.2122
2026-08-10 11:19,EIDPARRY.NS,791.25,True,False,True,True,True,False,SKIP,21.5606
2026-08-10 11:19,EIHOTEL.NS,303.15,False,False,False,False,True,True,SKIP,9.2903
2026-08-10 11:19,EICHERMOT.NS,7975.0,True,False,True,True,False,False,SKIP,152.3352
2026-08-10 11:19,ELECON.NS,437.75,False,False,True,True,False,False,SKIP,16.7821
2026-08-10 11:19,ELGIEQUIP.NS,582.55,True,False,True,True,True,False,SKIP,16.1924
2026-08-10 11:19,EMAMILTD.NS,409.5,False,False,True,True,False,False,SKIP,11.2731
2026-08-10 11:19,EMCURE.NS,1995.2,True,False,True,True,True,False,SKIP,57.7406
2026-08-10 11:19,EMMVEE.NS,323.8,True,False,True,False,True,False,SKIP,13.0474
2026-08-10 11:19,ENDURANCE.NS,2969.0,True,False,False,True,True,False,SKIP,83.0726
2026-08-10 11:19,ENGINERSIN.NS,247.96,True,False,True,True,True,False,SKIP,7.106
2026-08-10 11:19,ERIS.NS,1393.4,False,False,True,False,False,False,SKIP,36.9987
2026-08-10 11:19,ESCORTS.NS,3082.1,True,False,True,True,False,False,SKIP,64.1557
2026-08-10 11:19,ETERNAL.NS,310.25,True,True,True,True,False,False,SKIP,8.8033
2026-08-10 11:19,EXIDEIND.NS,485.4,True,True,False,True,False,False,SKIP,15.8098
2026-08-10 11:19,NYKAA.NS,323.7,True,True,True,False,False,True,SKIP,8.4853
2026-08-10 11:19,FEDERALBNK.NS,358.35,True,True,True,False,False,False,SKIP,7.3321
2026-08-10 11:19,FACT.NS,834.7,False,False,True,True,False,False,SKIP,19.1435
2026-08-10 11:19,FINCABLES.NS,1058.05,True,False,True,True,True,False,SKIP,32.8289
2026-08-10 11:19,FSL.NS,279.7,True,False,True,False,False,False,SKIP,16.0129
2026-08-10 11:19,FIVESTAR.NS,546.55,True,False,True,False,False,False,SKIP,17.194
2026-08-10 11:20,FORCEMOT.NS,18300.0,False,False,True,True,False,False,SKIP,566.1429
2026-08-10 11:20,FORTIS.NS,945.15,False,False,True,False,True,False,SKIP,23.1445
2026-08-10 11:20,GAIL.NS,172.5,True,False,True,False,False,False,SKIP,4.1779
2026-08-10 11:20,GVT&D.NS,4330.0,False,False,True,True,True,False,SKIP,196.7717
2026-08-10 11:20,GMRAIRPORT.NS,106.3,False,False,True,False,False,False,SKIP,2.2442
2026-08-10 11:20,GABRIEL.NS,1469.8,True,True,True,True,False,False,SKIP,69.5861
2026-08-10 11:20,GALLANTT.NS,591.2,False,False,True,True,False,False,SKIP,29.2772
2026-08-10 11:20,GRSE.NS,2586.9,False,False,True,True,False,False,SKIP,67.531
2026-08-10 11:20,GICRE.NS,352.8,False,False,False,True,False,True,SKIP,5.5204
2026-08-10 11:20,GILLETTE.NS,7651.5,False,False,True,False,False,True,SKIP,143.5243
2026-08-10 11:20,GLAND.NS,2667.3,True,True,True,True,True,False,TAKE,76.2012
2026-08-10 11:20,GLAXO.NS,2601.0,True,True,True,False,False,False,SKIP,68.4027
2026-08-10 11:20,GLENMARK.NS,2251.3,True,False,True,True,False,False,SKIP,55.3995
2026-08-10 11:20,MEDANTA.NS,1476.2,True,False,True,True,False,False,SKIP,41.079
2026-08-10 11:20,GODIGIT.NS,268.4,False,False,True,True,False,False,SKIP,10.4454
2026-08-10 11:20,GPIL.NS,237.15,False,False,False,True,True,True,SKIP,7.7058
2026-08-10 11:20,GODFRYPHLP.NS,2289.0,True,False,True,True,False,False,SKIP,73.764
2026-08-10 11:20,GODREJCP.NS,1033.0,False,False,True,False,True,True,SKIP,25.9294
2026-08-10 11:20,GODREJIND.NS,1292.2,True,False,True,False,False,True,SKIP,41.7617
2026-08-10 11:20,GODREJPROP.NS,2108.4,True,False,True,False,False,False,SKIP,64.6704
2026-08-10 11:20,GRANULES.NS,855.15,True,False,True,False,False,False,SKIP,27.2486
2026-08-10 11:20,GRAPHITE.NS,722.9,True,True,True,True,False,False,SKIP,25.8168
2026-08-10 11:20,GRASIM.NS,3380.5,True,False,True,True,True,False,SKIP,76.2873
2026-08-10 11:20,GRAVITA.NS,1783.5,True,False,True,True,False,False,SKIP,57.5916
2026-08-10 11:20,GESHIP.NS,1329.6,False,False,True,False,False,True,SKIP,54.0125
2026-08-10 11:20,FLUOROCHEM.NS,4484.0,True,False,True,False,False,False,SKIP,143.0687
2026-08-10 11:20,GMDCLTD.NS,603.15,True,False,True,True,True,False,SKIP,19.1524
2026-08-10 11:20,HEG.NS,683.6,True,True,False,True,False,False,SKIP,23.9904
2026-08-10 11:20,HBLENGINE.NS,694.55,False,False,False,True,True,True,SKIP,21.7758
2026-08-10 11:20,HCLTECH.NS,1357.2,True,False,True,True,False,False,SKIP,34.7174
2026-08-10 11:20,HDBFS.NS,676.4,False,False,False,False,False,False,SKIP,16.0151
2026-08-10 11:20,HDFCAMC.NS,2560.0,False,False,True,False,False,False,SKIP,61.4542
2026-08-10 11:20,HDFCBANK.NS,731.0,False,False,False,False,False,True,SKIP,12.4717
2026-08-10 11:20,HDFCLIFE.NS,540.0,False,False,False,False,False,True,SKIP,11.1532
2026-08-10 11:20,HFCL.NS,212.97,True,False,True,True,False,False,SKIP,10.3773
2026-08-10 11:20,HAVELLS.NS,1285.0,True,False,True,True,False,False,SKIP,24.0113
2026-08-10 11:20,HEROMOTOCO.NS,5860.0,True,True,False,True,True,False,SKIP,137.4555
2026-08-10 11:20,HEXT.NS,570.3,True,False,True,False,False,False,SKIP,23.6793
2026-08-10 11:20,HSCL.NS,772.05,True,False,True,False,False,False,SKIP,28.7465
2026-08-10 11:20,HINDALCO.NS,1054.05,True,False,True,True,True,False,SKIP,23.2144
2026-08-10 11:20,HAL.NS,4928.0,True,False,False,True,False,False,SKIP,97.6325
2026-08-10 11:20,HINDCOPPER.NS,526.25,True,False,True,True,True,False,SKIP,17.1285
2026-08-10 11:20,HINDPETRO.NS,393.15,True,False,True,False,False,False,SKIP,9.0417
2026-08-10 11:20,HINDUNILVR.NS,2087.2,False,False,True,False,False,False,SKIP,42.2149
2026-08-10 11:20,HINDZINC.NS,595.15,True,False,True,True,True,False,SKIP,14.551
2026-08-10 11:20,POWERINDIA.NS,36050.0,True,False,True,True,True,False,SKIP,1262.3745
2026-08-10 11:20,HOMEFIRST.NS,1181.6,True,False,True,False,False,True,SKIP,36.7521
2026-08-10 11:20,HONASA.NS,477.1,True,False,True,True,False,False,SKIP,14.2205
2026-08-10 11:20,HONAUT.NS,38035.0,True,False,True,False,False,True,SKIP,925.4305
2026-08-10 11:20,HUDCO.NS,199.61,False,False,True,True,False,False,SKIP,5.0242
2026-08-10 11:20,HYUNDAI.NS,2223.0,True,False,False,True,False,False,SKIP,53.5186
2026-08-10 11:20,ICICIBANK.NS,1431.8,True,False,True,False,False,False,SKIP,24.7822
2026-08-10 11:20,ICICIGI.NS,1648.8,False,False,True,True,False,False,SKIP,51.1977
2026-08-10 11:20,ICICIAMC.NS,3054.2,False,False,False,True,False,True,SKIP,67.1996
2026-08-10 11:20,ICICIPRULI.NS,499.75,False,False,True,False,False,True,SKIP,11.9582
2026-08-10 11:20,IDBI.NS,83.0,True,False,True,False,False,True,SKIP,2.1145
2026-08-10 11:20,IDFCFIRSTB.NS,85.1,True,True,True,False,False,False,SKIP,1.7148
2026-08-10 11:20,IFCI.NS,76.02,True,False,True,True,True,False,SKIP,2.6565
2026-08-10 11:20,IIFL.NS,625.9,True,True,False,True,False,False,SKIP,18.3275
2026-08-10 11:20,IRB.NS,19.52,False,False,False,True,False,True,SKIP,0.3905
2026-08-10 11:20,IRCON.NS,130.01,False,False,True,True,False,False,SKIP,2.8502
2026-08-10 11:20,ITCHOTELS.NS,168.87,True,False,True,True,False,False,SKIP,4.5956
2026-08-10 11:20,ITC.NS,282.65,False,False,True,True,False,False,SKIP,4.5388
2026-08-10 11:20,ITI.NS,286.0,False,False,True,True,True,False,SKIP,7.7085
2026-08-10 11:20,INDGN.NS,568.75,True,False,False,True,True,False,SKIP,19.8342
2026-08-10 11:20,INDIACEM.NS,392.35,True,False,True,False,False,False,SKIP,10.6096
2026-08-10 11:20,INDIAMART.NS,1782.7,False,False,True,True,True,False,SKIP,46.5151
2026-08-10 11:20,INDIANB.NS,884.15,True,False,True,True,True,False,SKIP,21.0159
2026-08-10 11:20,IEX.NS,126.3,True,False,True,False,False,False,SKIP,3.3054
2026-08-10 11:20,INDHOTEL.NS,728.7,True,False,True,False,False,False,SKIP,14.5401
2026-08-10 11:20,IOC.NS,142.0,True,False,True,True,False,False,SKIP,2.6978
2026-08-10 11:20,IOB.NS,33.88,False,False,True,True,False,True,SKIP,0.6732
2026-08-10 11:20,IRCTC.NS,522.25,True,False,True,True,True,False,SKIP,9.3553
2026-08-10 11:20,IRFC.NS,88.5,False,False,True,True,False,False,SKIP,1.4949
2026-08-10 11:20,IREDA.NS,120.0,False,False,True,True,False,False,SKIP,2.5202
2026-08-10 11:20,IGL.NS,152.15,False,False,True,True,False,False,SKIP,3.0464
2026-08-10 11:20,INDUSTOWER.NS,368.0,False,False,False,False,True,False,SKIP,9.7332
2026-08-10 11:20,INDUSINDBK.NS,1027.3,True,False,True,False,False,False,SKIP,22.7867
2026-08-10 11:20,NAUKRI.NS,1282.0,True,True,True,False,True,False,SKIP,37.5217
2026-08-10 11:20,INFY.NS,1183.0,True,False,True,True,False,False,SKIP,31.8066
2026-08-10 11:20,INOXWIND.NS,73.5,False,False,False,True,True,True,SKIP,2.5358
2026-08-10 11:20,INTELLECT.NS,727.85,False,False,True,False,False,False,SKIP,26.4026
2026-08-10 11:20,INDIGO.NS,5333.5,True,False,True,True,False,False,SKIP,127.832
2026-08-10 11:20,IGIL.NS,354.35,True,False,True,True,False,False,SKIP,12.2214
2026-08-10 11:20,IKS.NS,1728.8,False,False,True,False,True,True,SKIP,61.2158
2026-08-10 11:20,IPCALAB.NS,1685.8,False,False,True,False,False,True,SKIP,56.4923
2026-08-10 11:20,JKCEMENT.NS,5387.5,False,False,True,False,False,True,SKIP,141.0836
2026-08-10 11:20,JBMA.NS,639.35,False,False,False,False,False,True,SKIP,16.9324
2026-08-10 11:20,JKTYRE.NS,385.0,False,False,True,False,True,True,SKIP,12.4182
2026-08-10 11:20,JMFINANCIL.NS,127.21,True,False,True,True,False,False,SKIP,4.1469
2026-08-10 11:20,JSWCEMENT.NS,132.84,True,False,True,False,False,True,SKIP,3.1218
2026-08-10 11:20,JSWDULUX.NS,3055.3,True,False,True,True,False,False,SKIP,92.8696
2026-08-10 11:20,JSWENERGY.NS,578.0,True,False,True,True,False,False,SKIP,12.4451
2026-08-10 11:20,JSWINFRA.NS,342.0,True,False,True,True,True,False,SKIP,11.0261
2026-08-10 11:20,JSWSTEEL.NS,1302.0,True,False,True,True,False,False,SKIP,25.9815
2026-08-10 11:20,JAINREC.NS,302.3,False,False,False,False,False,True,SKIP,15.3921
2026-08-10 11:20,JPPOWER.NS,17.8,True,False,True,True,False,False,SKIP,0.6011
2026-08-10 11:20,J&KBANK.NS,155.15,False,False,True,False,False,False,SKIP,7.2968
2026-08-10 11:20,JINDALSAW.NS,279.05,True,False,True,True,True,False,SKIP,8.7322
2026-08-10 11:20,JSL.NS,732.75,True,False,True,False,False,False,SKIP,16.6398
2026-08-10 11:20,JINDALSTEL.NS,1125.0,True,False,True,True,False,False,SKIP,24.4027
2026-08-10 11:20,JIOFIN.NS,254.0,True,False,True,True,False,False,SKIP,6.2672
2026-08-10 11:20,JUBLFOOD.NS,495.0,True,False,False,True,True,False,SKIP,14.1067
2026-08-10 11:20,JUBLINGREA.NS,741.85,True,False,True,False,False,False,SKIP,24.5224
2026-08-10 11:20,JUBLPHARMA.NS,962.7,True,False,True,False,True,False,SKIP,26.7167
2026-08-10 11:20,JWL.NS,257.4,False,False,True,True,False,False,SKIP,7.0565
2026-08-10 11:20,JYOTICNC.NS,801.35,True,True,True,False,True,False,SKIP,35.7138
2026-08-10 11:20,KPRMILL.NS,1086.0,True,False,True,True,True,False,SKIP,36.3972
2026-08-10 11:20,KEI.NS,5659.8,True,False,False,True,False,False,SKIP,152.118
2026-08-10 11:20,KPITTECH.NS,627.9,False,False,True,True,False,False,SKIP,22.7702
2026-08-10 11:20,KAJARIACER.NS,1184.7,True,False,True,False,False,True,SKIP,32.218
2026-08-10 11:20,KPIL.NS,1315.4,True,False,True,True,False,False,SKIP,34.3054
2026-08-10 11:20,KALYANKJIL.NS,600.25,True,True,True,False,False,False,SKIP,26.6912
2026-08-10 11:20,KARURVYSYA.NS,331.2,True,False,True,False,False,False,SKIP,9.554
2026-08-10 11:20,KAYNES.NS,3735.1,True,False,True,True,True,False,SKIP,138.766
2026-08-10 11:20,KEC.NS,475.85,False,False,True,True,False,False,SKIP,11.8
2026-08-10 11:20,KFINTECH.NS,928.5,True,False,True,False,False,False,SKIP,26.3747
2026-08-10 11:20,KIRLOSENG.NS,2131.2,False,False,True,False,True,False,SKIP,109.7408
2026-08-10 11:20,KOTAKBANK.NS,393.5,True,False,True,True,False,False,SKIP,7.2254
2026-08-10 11:20,KIMS.NS,819.5,True,False,True,True,False,False,SKIP,21.4258
2026-08-10 11:20,LTF.NS,312.85,True,False,True,False,False,False,SKIP,8.9621
2026-08-10 11:20,LTTS.NS,3583.4,True,False,True,True,False,False,SKIP,110.934
2026-08-10 11:20,LGEINDIA.NS,1557.8,True,False,True,True,False,False,SKIP,34.5802
2026-08-10 11:20,LICHSGFIN.NS,500.0,False,False,False,False,False,True,SKIP,10.9011
2026-08-10 11:20,LTFOODS.NS,422.75,True,False,True,True,False,False,SKIP,11.386
2026-08-10 11:20,LTM.NS,4795.0,True,False,False,True,False,False,SKIP,143.8638
2026-08-10 11:20,LT.NS,4080.0,True,False,True,True,False,False,SKIP,63.4944
2026-08-10 11:20,LATENTVIEW.NS,297.8,False,False,True,False,False,True,SKIP,10.7743
2026-08-10 11:20,LAURUSLABS.NS,1854.0,True,True,False,True,False,False,SKIP,40.7849
2026-08-10 11:20,THELEELA.NS,507.0,True,False,True,True,False,False,SKIP,17.7966
2026-08-10 11:20,LEMONTREE.NS,107.94,False,False,False,False,True,True,SKIP,2.7524
2026-08-10 11:20,LENSKART.NS,586.15,True,True,True,True,True,False,TAKE,15.0469
2026-08-10 11:20,LICI.NS,393.0,False,False,False,False,True,True,SKIP,9.6379
2026-08-10 11:20,LINDEINDIA.NS,7048.0,True,False,True,True,False,False,SKIP,185.747
2026-08-10 11:20,LLOYDSME.NS,2052.8,True,True,True,True,True,False,TAKE,62.15
2026-08-10 11:20,LODHA.NS,1213.0,True,True,True,False,False,False,SKIP,43.2538
2026-08-10 11:20,LUPIN.NS,2300.0,False,False,False,False,True,False,SKIP,58.1324
2026-08-10 11:20,MMTC.NS,63.95,False,False,True,True,True,False,SKIP,1.7362
2026-08-10 11:20,MRF.NS,133850.0,True,False,True,False,False,False,SKIP,2070.6133
2026-08-10 11:20,MGL.NS,1123.6,True,False,True,True,False,False,SKIP,32.2375
2026-08-10 11:20,M&MFIN.NS,412.3,True,True,False,True,False,False,SKIP,15.685
2026-08-10 11:20,M&M.NS,3517.0,True,False,False,True,False,False,SKIP,78.8274
2026-08-10 11:20,MANAPPURAM.NS,369.3,True,False,True,False,False,False,SKIP,10.8422
2026-08-10 11:20,MRPL.NS,162.96,False,False,True,False,False,False,SKIP,6.8059
2026-08-10 11:20,MANKIND.NS,2438.0,False,False,True,False,False,True,SKIP,62.9619
2026-08-10 11:20,MARICO.NS,863.5,True,False,True,False,False,False,SKIP,17.7382
2026-08-10 11:20,MARUTI.NS,14097.0,True,False,True,True,False,False,SKIP,271.2577
2026-08-10 11:20,MFSL.NS,1514.5,False,False,True,True,False,True,SKIP,38.2236
2026-08-10 11:20,MAXHEALTH.NS,1069.0,False,False,True,False,True,True,SKIP,25.5486
2026-08-10 11:20,MAZDOCK.NS,2575.0,True,False,True,True,True,False,SKIP,63.2702
2026-08-10 11:20,MEESHO.NS,191.98,True,False,True,True,False,False,SKIP,6.8576
2026-08-10 11:20,MINDACORP.NS,736.1,True,False,True,True,True,False,SKIP,21.7872
2026-08-10 11:20,MSUMI.NS,41.04,True,False,True,False,False,False,SKIP,1.2052
2026-08-10 11:20,MOTILALOFS.NS,882.0,False,False,True,False,False,False,SKIP,25.5901
2026-08-10 11:20,MPHASIS.NS,2508.0,True,False,True,True,False,False,SKIP,83.6464
2026-08-10 11:20,MCX.NS,2759.3,False,False,True,True,True,False,SKIP,87.4534
2026-08-10 11:20,MUTHOOTFIN.NS,2906.0,False,False,True,False,False,False,SKIP,94.0283
2026-08-10 11:20,NATCOPHARM.NS,910.5,False,False,True,False,False,True,SKIP,22.9627
2026-08-10 11:20,NBCC.NS,94.85,False,False,True,True,False,False,SKIP,2.1104
2026-08-10 11:20,NCC.NS,146.45,True,False,True,True,True,False,SKIP,3.6443
2026-08-10 11:20,NHPC.NS,77.2,False,False,True,False,False,True,SKIP,1.737
2026-08-10 11:20,NLCINDIA.NS,285.35,False,False,False,True,True,True,SKIP,8.7817
2026-08-10 11:20,NMDC.NS,85.48,False,False,True,True,True,False,SKIP,1.7372
2026-08-10 11:20,NSLNISP.NS,44.67,True,False,True,True,True,False,SKIP,1.0524
2026-08-10 11:20,NTPCGREEN.NS,91.88,False,False,True,True,False,False,SKIP,1.9698
2026-08-10 11:20,NTPC.NS,340.45,False,False,True,True,False,True,SKIP,6.2017
2026-08-10 11:20,NH.NS,1834.6,False,False,False,False,True,True,SKIP,49.4287
2026-08-10 11:20,NATIONALUM.NS,382.7,True,False,True,True,False,False,SKIP,10.16
2026-08-10 11:20,NAVA.NS,577.15,False,False,True,True,False,False,SKIP,16.4888
2026-08-10 11:20,NAVINFLUOR.NS,8196.5,True,False,True,True,False,False,SKIP,274.1512
2026-08-10 11:20,NESTLEIND.NS,1528.6,True,False,True,True,False,False,SKIP,34.6998
2026-08-10 11:20,NETWEB.NS,4903.0,True,False,True,True,False,False,SKIP,195.6949
2026-08-10 11:20,NEULANDLAB.NS,22216.0,True,False,False,True,False,False,SKIP,858.9075
2026-08-10 11:20,NEWGEN.NS,563.2,True,False,True,True,False,False,SKIP,26.8205
2026-08-10 11:20,NAM-INDIA.NS,1174.0,True,False,True,True,False,False,SKIP,33.9152
2026-08-10 11:20,NIVABUPA.NS,86.39,True,True,True,False,False,False,SKIP,2.2514
2026-08-10 11:20,NUVAMA.NS,1635.6,False,False,False,False,True,True,SKIP,71.8532
2026-08-10 11:20,NUVOCO.NS,337.9,True,True,True,False,False,True,SKIP,12.2086
2026-08-10 11:20,OBEROIRLTY.NS,1793.0,True,False,True,False,False,True,SKIP,44.8078
2026-08-10 11:21,ONGC.NS,239.84,False,False,True,False,False,True,SKIP,4.449
2026-08-10 11:21,OIL.NS,453.0,True,False,True,False,True,False,SKIP,11.6971
2026-08-10 11:21,OLAELEC.NS,39.3,False,False,True,True,False,False,SKIP,1.6503
2026-08-10 11:21,OLECTRA.NS,1368.3,True,False,True,True,False,False,SKIP,37.045
2026-08-10 11:21,PAYTM.NS,1584.1,True,True,False,True,True,False,SKIP,52.832
2026-08-10 11:21,ONESOURCE.NS,1575.4,False,False,True,False,False,False,SKIP,65.2722
2026-08-10 11:21,OFSS.NS,11890.0,True,False,True,True,False,False,SKIP,384.9536
2026-08-10 11:21,POLICYBZR.NS,1630.0,True,False,True,True,False,False,SKIP,46.3566
2026-08-10 11:21,PCBL.NS,323.4,True,False,True,False,False,False,SKIP,13.9048
2026-08-10 11:21,PGEL.NS,621.8,True,False,True,False,False,False,SKIP,22.2515
2026-08-10 11:21,PIIND.NS,2751.6,True,False,True,True,False,False,SKIP,56.1685
2026-08-10 11:21,PNBHOUSING.NS,1149.3,True,False,True,True,False,False,SKIP,36.1198
2026-08-10 11:21,PTCIL.NS,19370.0,True,False,False,True,False,False,SKIP,485.8715
2026-08-10 11:21,PVRINOX.NS,1144.0,True,True,True,True,False,False,SKIP,35.5201
2026-08-10 11:21,PAGEIND.NS,38660.0,False,False,False,False,True,True,SKIP,937.5207
2026-08-10 11:21,PARADEEP.NS,149.87,True,False,True,True,False,False,SKIP,5.4798
2026-08-10 11:21,PATANJALI.NS,355.0,False,True,False,True,False,False,SKIP,10.254
2026-08-10 11:21,PERSISTENT.NS,5474.0,True,False,True,True,False,False,SKIP,168.5851
2026-08-10 11:21,PETRONET.NS,280.0,True,False,True,True,False,False,SKIP,5.8472
2026-08-10 11:21,PFIZER.NS,4877.6,True,False,True,True,True,False,SKIP,93.7777
2026-08-10 11:21,PHOENIXLTD.NS,1935.0,False,False,True,False,False,False,SKIP,51.8102
2026-08-10 11:21,PWL.NS,127.52,True,False,True,False,False,True,SKIP,5.8112
2026-08-10 11:21,PIDILITIND.NS,1685.0,True,False,True,True,False,False,SKIP,34.419
2026-08-10 11:21,PINELABS.NS,161.94,True,False,True,True,True,False,SKIP,7.2661
2026-08-10 11:21,PIRAMALFIN.NS,2100.7,True,False,True,True,False,False,SKIP,64.5778
2026-08-10 11:21,PPLPHARMA.NS,213.61,True,True,False,True,False,False,SKIP,7.6099
2026-08-10 11:21,POLYMED.NS,1772.4,True,False,True,True,True,False,SKIP,60.1424
2026-08-10 11:21,POLYCAB.NS,9275.0,True,False,True,True,False,False,SKIP,194.0077
2026-08-10 11:21,POONAWALLA.NS,476.7,True,False,True,False,False,False,SKIP,15.2585
2026-08-10 11:21,PFC.NS,385.15,False,False,False,False,True,True,SKIP,10.2859
2026-08-10 11:21,POWERGRID.NS,270.1,False,False,False,False,False,True,SKIP,5.3701
2026-08-10 11:21,PREMIERENE.NS,1044.1,True,False,True,True,False,False,SKIP,30.8678
2026-08-10 11:21,PRESTIGE.NS,1589.0,True,False,True,False,False,True,SKIP,52.5693
2026-08-10 11:21,PFOCUS.NS,283.05,True,True,True,False,False,False,SKIP,14.0502
2026-08-10 11:21,PNB.NS,113.5,True,False,True,True,False,False,SKIP,1.9451
2026-08-10 11:21,RRKABEL.NS,2756.9,True,True,False,True,False,False,SKIP,102.883
2026-08-10 11:21,RBLBANK.NS,391.0,True,False,True,True,False,False,SKIP,9.1117
2026-08-10 11:21,RECLTD.NS,343.75,False,False,False,False,True,True,SKIP,8.6248
2026-08-10 11:21,RHIM.NS,423.35,True,False,True,True,True,False,SKIP,14.4637
2026-08-10 11:21,RITES.NS,232.84,True,False,True,True,False,False,SKIP,6.6589
2026-08-10 11:21,RADICO.NS,4550.0,True,True,False,True,False,False,SKIP,110.4453
2026-08-10 11:21,RVNL.NS,230.68,False,False,True,True,False,False,SKIP,5.3265
2026-08-10 11:21,RAILTEL.NS,290.85,False,False,True,True,False,False,SKIP,7.0042
2026-08-10 11:21,RAINBOW.NS,1538.6,True,False,True,True,False,False,SKIP,41.5974
2026-08-10 11:21,RKFORGE.NS,736.2,True,True,False,True,False,False,SKIP,24.983
2026-08-10 11:21,REDINGTON.NS,353.2,True,True,False,True,False,False,SKIP,14.5524
2026-08-10 11:21,RELIANCE.NS,1327.3,True,False,True,True,False,False,SKIP,22.9455
2026-08-10 11:21,RPOWER.NS,23.96,False,False,True,True,False,False,SKIP,0.7627
2026-08-10 11:21,SBFC.NS,94.0,True,False,True,True,True,False,SKIP,2.2284
2026-08-10 11:21,SBICARD.NS,655.0,True,False,True,True,True,False,SKIP,15.3013
2026-08-10 11:21,SBILIFE.NS,1855.0,True,False,True,False,False,False,SKIP,36.5035
2026-08-10 11:21,SJVN.NS,67.9,False,False,False,True,False,True,SKIP,1.2357
2026-08-10 11:21,SRF.NS,2610.0,False,False,True,False,False,True,SKIP,61.111
2026-08-10 11:21,SAGILITY.NS,43.64,True,False,True,True,False,False,SKIP,1.4352
2026-08-10 11:21,SAILIFE.NS,1426.2,True,False,True,True,True,False,SKIP,47.0028
2026-08-10 11:21,SAMMAANCAP.NS,162.3,False,False,True,True,False,False,SKIP,4.7092
2026-08-10 11:21,MOTHERSON.NS,167.99,True,False,False,True,True,False,SKIP,5.2091
2026-08-10 11:21,SAPPHIRE.NS,220.62,True,False,False,True,False,False,SKIP,10.1641
2026-08-10 11:21,SARDAEN.NS,500.5,False,False,True,False,False,True,SKIP,13.6307
2026-08-10 11:21,SAREGAMA.NS,530.05,True,False,True,False,False,False,SKIP,24.506
2026-08-10 11:21,SCHAEFFLER.NS,4063.2,False,False,True,False,False,False,SKIP,101.7386
2026-08-10 11:21,SCHNEIDER.NS,1424.9,True,False,True,True,True,False,SKIP,57.5033
2026-08-10 11:21,SCI.NS,294.95,True,False,True,True,False,False,SKIP,10.3299
2026-08-10 11:21,SHREECEM.NS,26100.0,True,False,True,False,False,True,SKIP,601.8559
2026-08-10 11:21,SHRIRAMFIN.NS,1137.8,True,False,True,True,False,False,SKIP,30.7411
2026-08-10 11:21,SHYAMMETL.NS,1003.1,True,False,True,False,False,True,SKIP,27.9175
2026-08-10 11:21,ENRIN.NS,3567.3,True,False,True,True,True,False,SKIP,145.4421
2026-08-10 11:21,SIEMENS.NS,3914.3,True,False,True,True,False,False,SKIP,103.5352
2026-08-10 11:21,SIGNATURE.NS,824.65,True,False,True,True,False,False,SKIP,26.9909
2026-08-10 11:21,SOBHA.NS,1355.7,False,False,True,False,False,True,SKIP,39.9254
2026-08-10 11:21,SOLARINDS.NS,18820.0,True,False,True,True,False,False,SKIP,485.3555
2026-08-10 11:21,SONACOMS.NS,812.5,True,True,False,True,False,False,SKIP,23.9864
2026-08-10 11:21,SONATSOFTW.NS,320.1,True,False,True,True,False,False,SKIP,16.2624
2026-08-10 11:21,STARHEALTH.NS,574.95,True,False,True,False,True,False,SKIP,17.4882
2026-08-10 11:21,SBIN.NS,1071.0,True,False,True,True,True,False,SKIP,22.8179
2026-08-10 11:21,SAIL.NS,172.45,True,False,True,True,True,False,SKIP,5.578
2026-08-10 11:21,SUMICHEM.NS,561.25,True,False,True,True,True,False,SKIP,20.6854
2026-08-10 11:21,SUNPHARMA.NS,1944.4,True,False,True,False,False,False,SKIP,33.6466
2026-08-10 11:21,SUNTV.NS,487.8,False,False,False,False,False,True,SKIP,11.1301
2026-08-10 11:21,SUNDARMFIN.NS,4568.5,True,False,True,True,False,False,SKIP,129.8124
2026-08-10 11:21,SUPREMEIND.NS,3495.0,True,False,True,True,False,False,SKIP,91.3781
2026-08-10 11:21,SPLPETRO.NS,693.75,False,False,True,False,False,True,SKIP,22.4038
2026-08-10 11:21,SUZLON.NS,47.5,False,False,False,False,False,False,SKIP,1.4256
2026-08-10 11:21,SWANCORP.NS,307.5,False,False,True,True,False,True,SKIP,7.0495
2026-08-10 11:21,SWIGGY.NS,279.0,True,False,True,True,False,False,SKIP,12.0036
2026-08-10 11:21,SYNGENE.NS,402.6,False,False,True,True,False,False,SKIP,13.3164
2026-08-10 11:21,SYRMA.NS,1516.4,True,False,True,True,True,False,SKIP,57.028
2026-08-10 11:21,TBOTEK.NS,1602.0,True,False,True,True,False,False,SKIP,58.2594
2026-08-10 11:21,TVSMOTOR.NS,4466.2,True,True,False,True,False,False,SKIP,96.0343
2026-08-10 11:21,TATACAP.NS,367.85,True,False,True,True,False,False,SKIP,11.183
2026-08-10 11:21,TATACHEM.NS,668.9,False,False,False,False,False,True,SKIP,15.8523
2026-08-10 11:21,TATACOMM.NS,1739.4,False,True,False,False,False,False,SKIP,53.2464
2026-08-10 11:21,TCS.NS,2425.7,True,False,True,True,False,False,SKIP,66.7541
2026-08-10 11:21,TATACONSUM.NS,1108.7,True,False,True,True,False,False,SKIP,23.1172
2026-08-10 11:21,TATAELXSI.NS,3808.0,True,False,True,True,False,False,SKIP,97.6638
2026-08-10 11:21,TATAINVEST.NS,687.9,True,False,True,True,False,False,SKIP,16.5507
2026-08-10 11:21,TMCV.NS,450.2,True,False,True,True,False,False,SKIP,12.8865
2026-08-10 11:21,TMPV.NS,347.1,True,False,True,True,False,False,SKIP,7.3194
2026-08-10 11:21,TATAPOWER.NS,382.0,False,False,True,True,True,False,SKIP,6.1781
2026-08-10 11:21,TATASTEEL.NS,190.24,False,False,True,True,True,False,SKIP,3.7844
2026-08-10 11:21,TATATECH.NS,879.15,True,False,False,True,True,False,SKIP,30.6166
2026-08-10 11:21,TTML.NS,39.02,False,False,False,True,False,True,SKIP,1.1855
2026-08-10 11:21,TECHM.NS,1640.0,True,False,True,False,False,False,SKIP,42.0093
2026-08-10 11:21,TECHNOE.NS,1062.55,True,False,True,True,True,False,SKIP,30.9985
2026-08-10 11:21,TEGA.NS,1633.6,True,False,True,True,False,False,SKIP,52.3484
2026-08-10 11:21,TEJASNET.NS,521.5,False,False,True,True,False,False,SKIP,19.7247
2026-08-10 11:21,TENNIND.NS,554.45,False,False,True,True,False,False,SKIP,19.3397
2026-08-10 11:21,NIACL.NS,179.56,True,False,True,True,False,False,SKIP,6.5368
2026-08-10 11:21,RAMCOCEM.NS,953.75,True,False,True,True,True,False,SKIP,26.5532
2026-08-10 11:21,THERMAX.NS,4052.2,False,True,False,False,False,False,SKIP,188.4498
2026-08-10 11:21,TIMKEN.NS,3283.9,False,False,True,True,False,False,SKIP,88.6509
2026-08-10 11:21,TITAGARH.NS,839.45,False,False,True,True,False,False,SKIP,23.8553
2026-08-10 11:21,TITAN.NS,5090.0,True,True,False,True,True,False,SKIP,97.653
2026-08-10 11:21,TORNTPHARM.NS,4924.0,True,False,True,False,False,False,SKIP,129.5857
2026-08-10 11:21,TORNTPOWER.NS,1342.9,False,False,False,False,False,True,SKIP,34.2129
2026-08-10 11:21,TARIL.NS,299.1,False,False,True,False,False,False,SKIP,10.0407
2026-08-10 11:21,TRAVELFOOD.NS,1396.9,True,False,True,True,False,False,SKIP,49.7155
2026-08-10 11:21,TRENT.NS,3025.0,True,False,True,True,False,False,SKIP,81.8322
2026-08-10 11:21,TRIDENT.NS,24.81,False,False,True,False,False,True,SKIP,0.5283
2026-08-10 11:21,TRITURBINE.NS,636.75,True,False,True,True,False,False,SKIP,20.6616
2026-08-10 11:21,TIINDIA.NS,2815.0,False,False,True,True,False,False,SKIP,83.2064
2026-08-10 11:21,UCOBANK.NS,26.12,False,False,True,False,False,False,SKIP,0.5366
2026-08-10 11:21,UNOMINDA.NS,1288.0,True,False,False,True,False,False,SKIP,31.3229
2026-08-10 11:21,UPL.NS,567.0,False,False,False,False,False,True,SKIP,14.3991
2026-08-10 11:21,UTIAMC.NS,907.85,False,False,True,False,False,False,SKIP,20.4128
2026-08-10 11:21,ULTRACEMCO.NS,12038.0,True,False,True,True,False,False,SKIP,199.2209
2026-08-10 11:21,UNIONBANK.NS,181.14,True,False,True,True,False,False,SKIP,4.8083
2026-08-10 11:21,UBL.NS,1382.8,True,False,True,False,False,False,SKIP,34.365
2026-08-10 11:21,UNITDSPR.NS,1522.0,True,True,True,True,False,False,SKIP,29.1419
2026-08-10 11:21,URBANCO.NS,139.3,True,True,True,True,False,False,SKIP,5.5276
2026-08-10 11:21,USHAMART.NS,516.8,True,False,True,True,False,False,SKIP,13.5882
2026-08-10 11:21,VTL.NS,608.3,False,False,True,False,False,False,SKIP,19.7977
2026-08-10 11:21,VBL.NS,445.5,False,True,True,True,False,False,SKIP,11.799
2026-08-10 11:21,VEDL.NS,283.65,False,False,True,True,True,False,SKIP,7.5766
2026-08-10 11:21,VIJAYA.NS,1392.6,True,False,True,True,True,False,SKIP,52.282
2026-08-10 11:21,VMM.NS,108.6,False,False,True,True,False,True,SKIP,2.8445
2026-08-10 11:21,IDEA.NS,12.92,False,False,True,False,True,True,SKIP,0.3354
2026-08-10 11:21,VOLTAS.NS,1267.9,False,False,False,False,False,True,SKIP,34.8845
2026-08-10 11:21,WAAREEENER.NS,2701.0,False,True,True,True,False,False,SKIP,66.5516
2026-08-10 11:21,WELCORP.NS,1848.5,True,True,False,True,False,False,SKIP,54.208
2026-08-10 11:21,WELSPUNLIV.NS,164.29,True,False,True,False,False,False,SKIP,5.7214
2026-08-10 11:21,WHIRLPOOL.NS,802.75,False,False,True,True,False,False,SKIP,25.2225
2026-08-10 11:21,WIPRO.NS,185.5,True,False,True,True,False,False,SKIP,3.7738
2026-08-10 11:21,WOCKPHARMA.NS,1931.2,True,False,True,True,True,False,SKIP,71.6881
2026-08-10 11:21,YESBANK.NS,22.75,False,False,True,False,False,True,SKIP,0.392
2026-08-10 11:21,ZFCVINDIA.NS,2609.6,True,True,True,True,False,False,SKIP,83.3995
2026-08-10 11:21,ZEEL.NS,94.42,False,False,False,False,False,True,SKIP,5.0866
2026-08-10 11:21,ZENTEC.NS,1720.0,False,False,True,True,False,False,SKIP,60.8947
2026-08-10 11:21,ZENSARTECH.NS,498.85,True,False,True,False,False,True,SKIP,20.0877
2026-08-10 11:21,ZYDUSLIFE.NS,1119.0,True,False,True,False,False,False,SKIP,22.7845
2026-08-10 11:21,ZYDUSWELL.NS,516.1,False,False,False,False,True,True,SKIP,22.4226
2026-08-10 11:21,ECLERX.NS,1763.3,True,False,True,False,False,False,SKIP,92.0524
2026-08-11 11:02,360ONE.NS,1168.0,True,False,True,True,False,False,SKIP,32.2391
2026-08-11 11:02,3MINDIA.NS,36115.0,True,False,True,False,False,False,SKIP,850.3672
2026-08-11 11:02,ABB.NS,7611.5,True,False,True,True,False,False,SKIP,206.3446
2026-08-11 11:02,ACC.NS,1339.8,False,False,True,False,False,True,SKIP,28.3745
2026-08-11 11:02,ACMESOLAR.NS,368.45,True,False,True,False,False,False,SKIP,13.6994
2026-08-11 11:02,AIAENG.NS,4781.6,True,False,True,True,False,False,SKIP,137.3152
2026-08-11 11:02,APLAPOLLO.NS,2012.7,True,False,True,True,False,False,SKIP,48.0104
2026-08-11 11:02,AUBANK.NS,1070.9,True,False,True,True,False,False,SKIP,26.875
2026-08-11 11:02,AWL.NS,192.86,True,False,True,True,False,False,SKIP,5.0067
2026-08-11 11:02,AADHARHFC.NS,501.55,False,False,True,False,False,False,SKIP,14.4127
2026-08-11 11:02,AARTIIND.NS,505.3,True,False,True,True,False,False,SKIP,14.804
2026-08-11 11:02,AAVAS.NS,1396.8,False,False,True,False,True,False,SKIP,46.4314
2026-08-11 11:02,ABBOTINDIA.NS,28020.0,True,False,True,False,False,False,SKIP,446.4548
2026-08-11 11:02,ACE.NS,1073.3,True,True,True,True,False,False,SKIP,40.1604
2026-08-11 11:02,ACUTAAS.NS,3246.0,False,False,True,False,False,False,SKIP,131.4046
2026-08-11 11:02,ADANIENSOL.NS,1622.0,True,False,True,False,False,True,SKIP,47.5965
2026-08-11 11:02,ADANIENT.NS,2995.5,True,False,True,False,True,True,SKIP,66.3434
2026-08-11 11:02,ADANIGREEN.NS,1366.0,False,False,False,False,True,True,SKIP,43.5859
2026-08-11 11:02,ADANIPORTS.NS,1668.2,False,False,False,False,False,True,SKIP,35.6807
2026-08-11 11:02,ADANIPOWER.NS,209.0,False,False,True,True,False,True,SKIP,5.2889
2026-08-11 11:02,ATGL.NS,666.15,False,False,True,True,False,False,SKIP,17.6672
2026-08-11 11:02,ABCAPITAL.NS,407.15,True,False,True,False,False,False,SKIP,11.1473
2026-08-11 11:02,ABFRL.NS,58.63,False,False,True,True,True,False,SKIP,2.3244
2026-08-11 11:02,ABLBL.NS,91.48,False,False,False,False,False,True,SKIP,2.2204
2026-08-11 11:02,ABREL.NS,1400.8,True,False,True,False,False,True,SKIP,42.685
2026-08-11 11:02,ABSLAMC.NS,1019.7,False,False,True,True,False,False,SKIP,33.0351
2026-08-11 11:02,CPPLUS.NS,3805.5,True,False,True,True,True,False,SKIP,145.4123
2026-08-11 11:02,AEGISLOG.NS,1297.6,True,False,True,False,False,True,SKIP,78.2738
2026-08-11 11:02,AEGISVOPAK.NS,280.55,True,False,True,False,False,False,SKIP,14.727
2026-08-11 11:02,AFCONS.NS,263.65,False,False,False,False,False,True,SKIP,9.8701
2026-08-11 11:02,AFFLE.NS,1677.3,True,False,True,True,False,False,SKIP,65.3458
2026-08-11 11:02,AJANTPHARM.NS,3507.0,True,False,True,True,False,False,SKIP,94.6868
2026-08-11 11:02,ALKEM.NS,5527.5,False,False,True,False,False,True,SKIP,121.9966
2026-08-11 11:02,ABDL.NS,619.8,True,False,True,False,False,False,SKIP,23.9836
2026-08-11 11:02,ARE&M.NS,970.25,True,False,True,True,True,False,SKIP,30.2839
2026-08-11 11:02,AMBER.NS,7078.5,False,False,False,False,False,True,SKIP,214.6349
2026-08-11 11:02,AMBUJACEM.NS,424.0,False,False,True,False,False,True,SKIP,10.3736
2026-08-11 11:02,ANANDRATHI.NS,2158.0,True,False,False,True,True,False,SKIP,48.3474
2026-08-11 11:02,ANANTRAJ.NS,606.25,True,False,True,False,False,False,SKIP,19.8212
2026-08-11 11:02,ANGELONE.NS,291.4,False,False,False,False,False,True,SKIP,9.0034
2026-08-11 11:02,ANTHEM.NS,891.65,True,False,False,True,True,False,SKIP,25.285
2026-08-11 11:02,ANURAS.NS,1209.3,False,True,False,True,True,True,SKIP,20.16
2026-08-11 11:02,APARINDS.NS,16748.0,True,False,False,True,False,False,SKIP,660.6479
2026-08-11 11:02,APOLLOHOSP.NS,8750.5,True,False,True,False,True,True,SKIP,153.8324
2026-08-11 11:02,APOLLOTYRE.NS,443.0,True,False,True,True,False,False,SKIP,10.4487
2026-08-11 11:02,APTUS.NS,256.7,False,False,False,False,False,True,SKIP,8.5975
2026-08-11 11:02,ASAHIINDIA.NS,901.65,True,False,True,True,False,False,SKIP,24.0076
2026-08-11 11:02,ASHOKLEY.NS,174.83,True,False,True,True,False,False,SKIP,4.4472
2026-08-11 11:02,ASIANPAINT.NS,2735.5,True,False,True,False,False,False,SKIP,55.2927
2026-08-11 11:02,ASTERDM.NS,854.9,True,False,True,True,True,False,SKIP,27.3551
2026-08-11 11:02,ASTRAL.NS,1424.9,False,False,True,True,False,False,SKIP,31.9863
2026-08-11 11:02,ATHERENERG.NS,1525.4,True,True,False,True,False,False,SKIP,64.1478
2026-08-11 11:02,ATUL.NS,6850.0,True,False,True,True,False,False,SKIP,183.0519
2026-08-11 11:02,AUROPHARMA.NS,1658.0,True,False,True,True,False,False,SKIP,41.1354
2026-08-11 11:02,AIIL.NS,573.45,True,True,True,True,False,False,SKIP,22.4046
2026-08-11 11:02,DMART.NS,4054.9,False,False,True,True,False,False,SKIP,96.8499
2026-08-11 11:02,AXISBANK.NS,1229.8,False,False,False,True,False,True,SKIP,23.3499
2026-08-11 11:02,BEML.NS,1902.3,True,False,True,True,True,False,SKIP,63.9615
2026-08-11 11:02,BLS.NS,260.86,True,False,True,True,True,False,SKIP,8.2998
2026-08-11 11:02,BSE.NS,3605.0,False,False,True,True,True,False,SKIP,109.1476
2026-08-11 11:02,BAJAJ-AUTO.NS,11717.0,True,True,True,True,False,False,SKIP,240.9219
2026-08-11 11:02,BAJFINANCE.NS,1093.3,True,False,True,False,False,False,SKIP,30.3081
2026-08-11 11:02,BAJAJFINSV.NS,2032.0,True,False,True,True,False,False,SKIP,47.3755
2026-08-11 11:02,BAJAJHLDNG.NS,11550.0,True,False,True,True,False,False,SKIP,244.8959
2026-08-11 11:02,BAJAJHFL.NS,85.18,False,False,True,False,False,False,SKIP,1.4778
2026-08-11 11:02,BALKRISIND.NS,2498.9,True,False,False,True,False,False,SKIP,89.1824
2026-08-11 11:02,BALRAMCHIN.NS,627.8,True,True,True,True,False,False,SKIP,23.8549
2026-08-11 11:02,BANDHANBNK.NS,174.0,False,False,False,True,False,False,SKIP,6.2772
2026-08-11 11:02,BANKBARODA.NS,246.2,False,False,True,True,True,False,SKIP,5.3265
2026-08-11 11:02,BANKINDIA.NS,142.9,True,False,True,True,False,False,SKIP,3.5589
2026-08-11 11:02,MAHABANK.NS,78.95,False,False,True,True,False,True,SKIP,1.9965
2026-08-11 11:02,BATAINDIA.NS,699.85,True,False,True,True,False,False,SKIP,19.0763
2026-08-11 11:02,BAYERCROP.NS,4116.1,False,False,True,False,False,False,SKIP,76.6805
2026-08-11 11:03,BELRISE.NS,253.97,True,False,True,True,False,False,SKIP,6.8828
2026-08-11 11:03,BERGEPAINT.NS,534.95,True,False,True,True,False,False,SKIP,15.4858
2026-08-11 11:03,BDL.NS,1307.6,True,False,True,True,False,False,SKIP,32.9934
2026-08-11 11:03,BEL.NS,405.85,False,False,True,True,False,False,SKIP,7.0651
2026-08-11 11:03,BHARATFORG.NS,2051.0,False,False,False,False,True,True,SKIP,67.6268
2026-08-11 11:03,BHEL.NS,403.0,True,False,True,False,False,True,SKIP,11.8471
2026-08-11 11:03,BPCL.NS,317.8,True,False,True,False,False,False,SKIP,6.8413
2026-08-11 11:03,BHARTIARTL.NS,1915.2,True,False,True,False,False,False,SKIP,33.6528
2026-08-11 11:03,BHARTIHEXA.NS,1515.0,False,False,True,False,False,True,SKIP,46.2348
2026-08-11 11:03,BIKAJI.NS,619.85,False,False,False,False,True,True,SKIP,14.2179
2026-08-11 11:03,GROWW.NS,193.5,False,False,True,False,False,True,SKIP,5.6111
2026-08-11 11:03,BIOCON.NS,426.0,True,False,True,False,False,True,SKIP,10.0487
2026-08-11 11:03,BSOFT.NS,320.3,True,False,True,True,True,False,SKIP,11.4093
2026-08-11 11:03,BLUEDART.NS,5092.5,True,False,True,True,False,False,SKIP,155.0324
2026-08-11 11:03,BLUEJET.NS,590.7,True,False,True,False,False,False,SKIP,23.5905
2026-08-11 11:03,BLUESTARCO.NS,1497.9,False,False,False,False,True,True,SKIP,55.5725
2026-08-11 11:03,BBTC.NS,1490.4,False,False,True,True,False,False,SKIP,30.0895
2026-08-11 11:03,BOSCHLTD.NS,45185.0,True,False,False,True,True,False,SKIP,1065.512
2026-08-11 11:03,FIRSTCRY.NS,214.08,False,False,True,True,False,False,SKIP,4.7552
2026-08-11 11:03,BRIGADE.NS,605.1,True,False,True,True,True,False,SKIP,18.5729
2026-08-11 11:03,BRITANNIA.NS,5598.0,True,False,True,True,False,False,SKIP,109.8243
2026-08-11 11:03,MAPMYINDIA.NS,1013.3,False,False,True,False,False,True,SKIP,57.7593
2026-08-11 11:03,CCL.NS,1123.6,False,False,False,False,True,True,SKIP,32.8057
2026-08-11 11:03,CESC.NS,161.01,False,False,False,True,True,True,SKIP,3.4502
2026-08-11 11:03,CGPOWER.NS,881.0,False,False,True,True,False,False,SKIP,26.2358
2026-08-11 11:03,CIEINDIA.NS,413.0,False,False,False,False,True,True,SKIP,12.2437
2026-08-11 11:03,CRISIL.NS,4480.8,True,False,True,True,False,False,SKIP,129.1497
2026-08-11 11:03,CANFINHOME.NS,825.9,False,False,True,True,False,False,SKIP,20.2632
2026-08-11 11:03,CANBK.NS,130.3,True,False,True,True,False,False,SKIP,2.8541
2026-08-11 11:03,CANHLIFE.NS,149.35,True,True,True,False,False,False,SKIP,5.3814
2026-08-11 11:03,CAPLIPOINT.NS,2629.6,True,False,True,False,False,False,SKIP,82.6398
2026-08-11 11:03,CGCL.NS,235.46,True,True,True,False,False,False,SKIP,9.4223
2026-08-11 11:03,CARBORUNIV.NS,1173.8,True,False,True,True,True,False,SKIP,41.9159
2026-08-11 11:03,CARTRADE.NS,2763.6,True,True,True,False,False,False,SKIP,118.4399
2026-08-11 11:03,CASTROLIND.NS,186.82,True,True,False,True,False,False,SKIP,2.2383
2026-08-11 11:03,CEATLTD.NS,3750.2,True,False,True,True,False,False,SKIP,107.6045
2026-08-11 11:03,CEMPRO.NS,1274.6,False,True,False,False,False,False,SKIP,68.8442
2026-08-11 11:03,CENTRALBK.NS,31.19,False,False,True,True,False,False,SKIP,0.5672
2026-08-11 11:03,CDSL.NS,1347.0,True,False,True,False,False,False,SKIP,28.6453
2026-08-11 11:03,CHALET.NS,821.2,True,False,True,False,True,False,SKIP,25.5077
2026-08-11 11:03,CHAMBLFERT.NS,444.35,False,False,True,True,False,False,SKIP,9.7781
2026-08-11 11:03,CHENNPETRO.NS,1426.1,True,False,False,True,True,False,SKIP,68.3616
2026-08-11 11:03,CHOICEIN.NS,822.4,True,False,True,False,True,False,SKIP,17.675
2026-08-11 11:03,CHOLAHLDNG.NS,1610.6,True,False,True,True,False,False,SKIP,44.0243
2026-08-11 11:03,CHOLAFIN.NS,1914.4,True,False,True,True,False,False,SKIP,56.4934
2026-08-11 11:03,CIPLA.NS,1463.0,True,False,True,True,False,False,SKIP,27.2317
2026-08-11 11:03,CUB.NS,213.69,True,False,True,False,False,False,SKIP,7.9202
2026-08-11 11:03,CLEAN.NS,810.0,True,False,True,True,False,False,SKIP,25.3348
2026-08-11 11:03,COALINDIA.NS,412.6,False,False,False,True,True,False,SKIP,6.2052
2026-08-11 11:03,COCHINSHIP.NS,1496.0,True,False,True,True,False,False,SKIP,34.5697
2026-08-11 11:03,COFORGE.NS,1819.0,True,False,False,True,False,False,SKIP,53.0438
2026-08-11 11:03,COHANCE.NS,463.95,True,False,True,True,True,False,SKIP,17.4211
2026-08-11 11:03,COLPAL.NS,2008.0,False,False,True,False,False,True,SKIP,47.2398
2026-08-11 11:03,CAMS.NS,788.0,True,False,True,True,False,False,SKIP,20.4135
2026-08-11 11:03,CONCORDBIO.NS,1428.9,True,False,True,True,True,False,SKIP,51.0429
2026-08-11 11:03,CONCOR.NS,512.0,True,False,True,False,False,False,SKIP,12.3465
2026-08-11 11:03,COROMANDEL.NS,2085.2,True,False,True,True,False,False,SKIP,51.9685
2026-08-11 11:03,CRAFTSMAN.NS,10294.0,True,True,True,True,False,False,SKIP,329.9219
2026-08-11 11:03,CREDITACC.NS,1540.3,True,False,True,False,False,False,SKIP,47.6615
2026-08-11 11:03,CROMPTON.NS,245.4,False,False,False,False,False,True,SKIP,7.9425
2026-08-11 11:03,CUMMINSIND.NS,5378.5,False,False,True,False,False,False,SKIP,139.6244
2026-08-11 11:03,CYIENT.NS,853.4,False,False,True,True,False,False,SKIP,22.3437
2026-08-11 11:03,DCMSHRIRAM.NS,1007.0,False,False,True,False,False,True,SKIP,30.8062
2026-08-11 11:03,DLF.NS,650.1,True,False,True,False,False,False,SKIP,18.0393
2026-08-11 11:03,DOMS.NS,2231.8,False,False,True,False,False,False,SKIP,55.7011
2026-08-11 11:03,DABUR.NS,412.65,False,False,True,False,False,True,SKIP,8.1383
2026-08-11 11:03,DALBHARAT.NS,1835.6,True,False,True,False,False,False,SKIP,43.7646
2026-08-11 11:03,DATAPATTNS.NS,4391.6,True,False,True,False,False,False,SKIP,191.6595
2026-08-11 11:03,DEEPAKFERT.NS,1498.0,False,False,True,False,False,True,SKIP,58.6485
2026-08-11 11:03,DEEPAKNTR.NS,1784.8,True,False,True,True,False,False,SKIP,54.4219
2026-08-11 11:03,DELHIVERY.NS,473.45,False,False,True,False,False,False,SKIP,15.2764
2026-08-11 11:03,DEVYANI.NS,142.79,True,False,False,True,True,False,SKIP,5.4886
2026-08-11 11:03,DIVISLAB.NS,8578.5,True,True,False,True,False,False,SKIP,192.8987
2026-08-11 11:03,DIXON.NS,14023.0,True,False,True,False,False,False,SKIP,391.2341
2026-08-11 11:03,LALPATHLAB.NS,1949.9,True,True,False,True,False,False,SKIP,57.8546
2026-08-11 11:03,DRREDDY.NS,1205.0,False,True,True,True,True,False,SKIP,27.0899
2026-08-11 11:03,EIDPARRY.NS,788.5,True,False,True,True,True,False,SKIP,21.7992
2026-08-11 11:03,EIHOTEL.NS,302.35,False,False,False,False,False,True,SKIP,8.9339
2026-08-11 11:03,EICHERMOT.NS,8000.0,True,False,True,True,False,False,SKIP,152.5256
2026-08-11 11:03,ELECON.NS,436.4,False,False,True,True,False,False,SKIP,16.0369
2026-08-11 11:03,ELGIEQUIP.NS,573.85,False,False,True,True,False,True,SKIP,15.8475
2026-08-11 11:03,EMAMILTD.NS,402.3,False,False,True,False,False,False,SKIP,11.0714
2026-08-11 11:03,EMCURE.NS,1998.7,True,False,True,True,False,False,SKIP,56.4662
2026-08-11 11:03,EMMVEE.NS,318.4,False,False,True,False,False,True,SKIP,12.694
2026-08-11 11:03,ENDURANCE.NS,2987.8,True,False,False,True,True,False,SKIP,82.2674
2026-08-11 11:03,ENGINERSIN.NS,242.99,True,False,True,True,False,False,SKIP,7.1306
2026-08-11 11:03,ERIS.NS,1390.3,False,False,True,False,True,False,SKIP,36.5702
2026-08-11 11:03,ESCORTS.NS,3107.0,True,True,True,True,False,False,SKIP,64.3303
2026-08-11 11:03,ETERNAL.NS,318.0,True,True,True,True,False,False,SKIP,9.0531
2026-08-11 11:03,EXIDEIND.NS,483.35,True,True,False,True,False,False,SKIP,15.9377
2026-08-11 11:03,NYKAA.NS,325.0,True,True,True,False,False,True,SKIP,8.2756
2026-08-11 11:03,FEDERALBNK.NS,354.55,True,True,True,False,False,False,SKIP,7.2476
2026-08-11 11:03,FACT.NS,828.4,False,False,True,True,False,False,SKIP,18.5261
2026-08-11 11:03,FINCABLES.NS,1207.85,True,False,False,True,True,False,SKIP,42.7589
2026-08-11 11:03,FSL.NS,279.6,True,False,True,False,False,False,SKIP,15.4691
2026-08-11 11:03,FIVESTAR.NS,546.25,True,False,True,False,False,False,SKIP,16.9837
2026-08-11 11:03,FORCEMOT.NS,18330.0,False,False,True,True,False,False,SKIP,542.4184
2026-08-11 11:03,FORTIS.NS,935.2,False,False,True,False,True,False,SKIP,23.2735
2026-08-11 11:03,GAIL.NS,175.34,True,False,True,False,True,False,SKIP,4.1816
2026-08-11 11:03,GVT&D.NS,4420.0,False,False,True,True,False,False,SKIP,194.2809
2026-08-11 11:03,GMRAIRPORT.NS,105.11,False,False,True,False,False,True,SKIP,2.2168
2026-08-11 11:03,GABRIEL.NS,1501.4,True,True,True,False,False,False,SKIP,65.2441
2026-08-11 11:03,GALLANTT.NS,593.5,False,False,True,True,False,False,SKIP,28.7181
2026-08-11 11:03,GRSE.NS,2575.4,False,False,True,True,False,False,SKIP,65.6002
2026-08-11 11:03,GICRE.NS,355.7,False,False,True,True,False,True,SKIP,5.4404
2026-08-11 11:03,GILLETTE.NS,7641.5,False,False,True,False,False,True,SKIP,139.6297
2026-08-11 11:03,GLAND.NS,2924.4,True,True,False,True,True,False,SKIP,94.592
2026-08-11 11:03,GLAXO.NS,2601.9,True,False,True,False,False,False,SKIP,66.374
2026-08-11 11:03,GLENMARK.NS,2276.0,True,False,True,True,False,False,SKIP,54.7282
2026-08-11 11:03,MEDANTA.NS,1440.4,True,False,True,True,False,False,SKIP,42.8805
2026-08-11 11:03,GODIGIT.NS,265.2,False,False,True,True,False,False,SKIP,10.1564
2026-08-11 11:03,GPIL.NS,232.18,False,False,False,False,True,True,SKIP,7.609
2026-08-11 11:03,GODFRYPHLP.NS,2224.9,True,False,True,True,False,False,SKIP,71.8577
2026-08-11 11:03,GODREJCP.NS,1025.0,False,False,False,False,True,True,SKIP,25.2987
2026-08-11 11:03,GODREJIND.NS,1289.8,True,False,True,False,False,True,SKIP,40.9072
2026-08-11 11:03,GODREJPROP.NS,2037.9,True,False,True,False,False,False,SKIP,65.6439
2026-08-11 11:03,GRANULES.NS,861.0,True,False,True,False,False,False,SKIP,26.8202
2026-08-11 11:03,GRAPHITE.NS,730.85,True,True,True,True,False,False,SKIP,25.4513
2026-08-11 11:03,GRASIM.NS,3322.2,True,False,True,True,True,False,SKIP,78.0453
2026-08-11 11:03,GRAVITA.NS,1784.5,True,False,True,True,False,False,SKIP,56.2279
2026-08-11 11:03,GESHIP.NS,1292.6,False,False,False,False,False,True,SKIP,53.3187
2026-08-11 11:03,FLUOROCHEM.NS,4416.2,True,False,True,False,False,False,SKIP,141.4352
2026-08-11 11:03,GMDCLTD.NS,603.0,True,False,True,True,False,False,SKIP,18.4843
2026-08-11 11:03,HEG.NS,678.25,True,True,True,True,False,False,SKIP,23.2018
2026-08-11 11:03,HBLENGINE.NS,695.25,False,False,False,True,True,True,SKIP,21.6525
2026-08-11 11:03,HCLTECH.NS,1365.4,True,False,True,True,False,False,SKIP,33.8518
2026-08-11 11:03,HDBFS.NS,693.1,False,False,True,False,False,False,SKIP,16.6569
2026-08-11 11:03,HDFCAMC.NS,2515.0,False,False,True,False,False,True,SKIP,61.0503
2026-08-11 11:03,HDFCBANK.NS,729.0,False,False,False,False,False,True,SKIP,11.8987
2026-08-11 11:03,HDFCLIFE.NS,536.0,False,False,False,False,False,True,SKIP,10.9387
2026-08-11 11:03,HFCL.NS,214.24,True,False,True,True,False,False,SKIP,10.1039
2026-08-11 11:03,HAVELLS.NS,1274.4,True,False,True,True,False,False,SKIP,23.3605
2026-08-11 11:03,HEROMOTOCO.NS,5865.5,True,True,False,True,False,False,SKIP,137.1729
2026-08-11 11:03,HEXT.NS,565.15,True,False,True,False,False,False,SKIP,22.9915
2026-08-11 11:03,HSCL.NS,755.5,True,False,True,False,False,False,SKIP,28.5824
2026-08-11 11:03,HINDALCO.NS,1049.1,True,False,True,True,False,False,SKIP,22.9598
2026-08-11 11:03,HAL.NS,4909.0,True,False,False,True,False,False,SKIP,98.3873
2026-08-11 11:03,HINDCOPPER.NS,533.3,True,False,True,True,False,False,SKIP,16.8015
2026-08-11 11:03,HINDPETRO.NS,390.85,False,False,True,False,True,False,SKIP,9.0208
2026-08-11 11:03,HINDUNILVR.NS,2064.9,False,False,True,False,False,False,SKIP,40.871
2026-08-11 11:03,HINDZINC.NS,586.65,True,False,True,True,True,False,SKIP,15.1545
2026-08-11 11:03,POWERINDIA.NS,35000.0,True,False,True,True,True,False,SKIP,1305.0621
2026-08-11 11:03,HOMEFIRST.NS,1176.0,True,False,True,False,False,True,SKIP,35.5198
2026-08-11 11:03,HONASA.NS,467.3,True,False,True,True,False,False,SKIP,14.3869
2026-08-11 11:03,HONAUT.NS,37935.0,True,False,True,False,False,True,SKIP,912.1855
2026-08-11 11:03,HUDCO.NS,195.77,False,False,True,True,False,False,SKIP,5.0203
2026-08-11 11:03,HYUNDAI.NS,2200.0,True,True,False,True,False,False,SKIP,52.3387
2026-08-11 11:03,ICICIBANK.NS,1429.6,True,False,True,False,False,False,SKIP,24.5692
2026-08-11 11:03,ICICIGI.NS,1643.5,False,False,True,True,False,False,SKIP,49.3622
2026-08-11 11:03,ICICIAMC.NS,3028.5,False,False,False,False,False,True,SKIP,65.3496
2026-08-11 11:03,ICICIPRULI.NS,501.5,False,False,True,False,False,True,SKIP,11.9005
2026-08-11 11:03,IDBI.NS,82.44,False,False,True,False,False,True,SKIP,2.0363
2026-08-11 11:03,IDFCFIRSTB.NS,84.27,True,True,True,False,False,False,SKIP,1.6659
2026-08-11 11:03,IFCI.NS,75.7,True,False,True,True,False,False,SKIP,2.5775
2026-08-11 11:03,IIFL.NS,619.25,True,True,True,True,False,False,SKIP,18.0398
2026-08-11 11:03,IRB.NS,19.56,False,False,False,True,False,True,SKIP,0.3769
2026-08-11 11:03,IRCON.NS,128.14,False,False,True,True,False,False,SKIP,2.8337
2026-08-11 11:03,ITCHOTELS.NS,166.89,False,False,True,True,False,False,SKIP,4.5259
2026-08-11 11:03,ITC.NS,279.0,False,False,True,False,False,True,SKIP,4.5468
2026-08-11 11:03,ITI.NS,285.5,False,False,True,True,False,False,SKIP,7.4936
2026-08-11 11:03,INDGN.NS,567.6,True,False,True,True,True,False,SKIP,19.7925
2026-08-11 11:03,INDIACEM.NS,383.8,False,False,True,False,False,True,SKIP,10.5911
2026-08-11 11:03,INDIAMART.NS,1784.3,False,False,True,True,True,False,SKIP,45.364
2026-08-11 11:03,INDIANB.NS,875.6,True,False,True,True,False,False,SKIP,20.5219
2026-08-11 11:03,IEX.NS,126.0,True,False,True,False,False,False,SKIP,3.1693
2026-08-11 11:03,INDHOTEL.NS,724.0,True,False,True,False,False,True,SKIP,14.1373
2026-08-11 11:03,IOC.NS,140.0,False,False,True,True,True,False,SKIP,2.6908
2026-08-11 11:03,IOB.NS,34.21,True,False,True,True,False,False,SKIP,0.6722
2026-08-11 11:03,IRCTC.NS,515.05,True,False,True,True,False,False,SKIP,9.4371
2026-08-11 11:03,IRFC.NS,87.91,False,False,True,True,False,False,SKIP,1.4345
2026-08-11 11:03,IREDA.NS,118.7,False,False,False,True,False,True,SKIP,2.4545
2026-08-11 11:03,IGL.NS,153.07,False,False,True,True,False,False,SKIP,3.0067
2026-08-11 11:03,INDUSTOWER.NS,369.35,False,False,True,False,True,False,SKIP,9.7737
2026-08-11 11:03,INDUSINDBK.NS,1008.9,True,False,True,False,False,False,SKIP,22.752
2026-08-11 11:03,NAUKRI.NS,1360.0,True,True,False,True,True,False,SKIP,42.6273
2026-08-11 11:03,INFY.NS,1190.7,True,False,True,True,False,False,SKIP,30.3561
2026-08-11 11:03,INOXWIND.NS,74.4,False,False,False,True,False,True,SKIP,2.4975
2026-08-11 11:03,INTELLECT.NS,723.65,False,False,True,False,False,False,SKIP,25.6239
2026-08-11 11:03,INDIGO.NS,5284.0,True,False,True,False,False,False,SKIP,126.9868
2026-08-11 11:03,IGIL.NS,347.2,False,False,True,True,False,False,SKIP,12.1056
2026-08-11 11:03,IKS.NS,1745.0,False,False,True,False,False,True,SKIP,59.7861
2026-08-11 11:03,IPCALAB.NS,1748.4,True,False,True,False,False,False,SKIP,57.3714
2026-08-11 11:03,JKCEMENT.NS,5361.0,False,False,True,False,False,True,SKIP,136.8991
2026-08-11 11:03,JBMA.NS,643.9,False,False,False,False,False,True,SKIP,16.7229
2026-08-11 11:03,JKTYRE.NS,390.85,False,False,True,False,False,False,SKIP,12.2098
2026-08-11 11:03,JMFINANCIL.NS,126.17,True,False,True,True,False,False,SKIP,4.0007
2026-08-11 11:03,JSWCEMENT.NS,131.52,False,False,True,False,False,True,SKIP,3.1081
2026-08-11 11:03,JSWDULUX.NS,3157.0,True,False,True,True,True,False,SKIP,96.2146
2026-08-11 11:03,JSWENERGY.NS,563.0,True,False,True,True,False,False,SKIP,13.0776
2026-08-11 11:03,JSWINFRA.NS,341.85,True,False,True,True,False,False,SKIP,10.6921
2026-08-11 11:03,JSWSTEEL.NS,1283.4,True,False,True,True,False,False,SKIP,26.1114
2026-08-11 11:03,JAINREC.NS,297.75,False,False,False,False,False,True,SKIP,15.0533
2026-08-11 11:03,JPPOWER.NS,17.75,False,False,True,True,False,False,SKIP,0.5782
2026-08-11 11:03,J&KBANK.NS,156.86,False,False,True,False,False,False,SKIP,7.0656
2026-08-11 11:03,JINDALSAW.NS,273.55,True,False,True,True,False,False,SKIP,8.7441
2026-08-11 11:03,JSL.NS,725.1,True,False,True,False,False,True,SKIP,16.5191
2026-08-11 11:03,JINDALSTEL.NS,1095.0,False,False,True,True,False,False,SKIP,24.9096
2026-08-11 11:03,JIOFIN.NS,252.75,True,False,True,True,False,False,SKIP,5.9624
2026-08-11 11:03,JUBLFOOD.NS,488.2,True,False,True,True,False,False,SKIP,13.9812
2026-08-11 11:03,JUBLINGREA.NS,733.1,True,False,True,False,False,True,SKIP,25.4387
2026-08-11 11:03,JUBLPHARMA.NS,965.0,True,False,True,False,True,False,SKIP,31.0084
2026-08-11 11:03,JWL.NS,262.4,False,False,True,True,True,False,SKIP,7.3775
2026-08-11 11:03,JYOTICNC.NS,805.0,True,True,True,False,False,False,SKIP,34.5271
2026-08-11 11:03,KPRMILL.NS,1096.5,True,False,True,True,True,False,SKIP,38.5688
2026-08-11 11:03,KEI.NS,5645.0,True,False,False,True,False,False,SKIP,149.7381
2026-08-11 11:03,KPITTECH.NS,627.0,False,False,True,True,False,False,SKIP,22.0724
2026-08-11 11:03,KAJARIACER.NS,1225.6,True,False,True,False,True,False,SKIP,33.1524
2026-08-11 11:03,KPIL.NS,1347.7,True,False,True,True,True,False,SKIP,36.255
2026-08-11 11:03,KALYANKJIL.NS,602.2,True,True,True,False,False,False,SKIP,25.8061
2026-08-11 11:03,KARURVYSYA.NS,334.2,True,False,True,False,False,False,SKIP,9.243
2026-08-11 11:03,KAYNES.NS,3717.7,True,False,True,True,True,False,SKIP,145.2184
2026-08-11 11:03,KEC.NS,450.75,False,False,False,True,True,True,SKIP,12.8393
2026-08-11 11:03,KFINTECH.NS,935.0,True,False,True,False,False,False,SKIP,25.598
2026-08-11 11:03,KIRLOSENG.NS,2101.5,False,False,True,False,True,True,SKIP,108.595
2026-08-11 11:03,KOTAKBANK.NS,392.9,True,False,True,True,False,False,SKIP,7.0808
2026-08-11 11:03,KIMS.NS,813.05,True,False,True,True,True,False,SKIP,20.8526
2026-08-11 11:03,LTF.NS,315.4,True,False,True,False,False,False,SKIP,8.7291
2026-08-11 11:03,LTTS.NS,3652.7,True,False,True,True,False,False,SKIP,111.9101
2026-08-11 11:03,LGEINDIA.NS,1566.5,True,False,True,True,True,False,SKIP,34.2245
2026-08-11 11:03,LICHSGFIN.NS,502.0,False,False,False,False,False,True,SKIP,10.5081
2026-08-11 11:03,LTFOODS.NS,419.3,True,False,True,True,False,False,SKIP,11.0978
2026-08-11 11:03,LTM.NS,4850.0,True,False,False,True,False,False,SKIP,140.6593
2026-08-11 11:03,LT.NS,4037.4,True,False,True,True,False,False,SKIP,62.6376
2026-08-11 11:03,LATENTVIEW.NS,294.75,False,False,True,False,False,True,SKIP,10.4083
2026-08-11 11:03,LAURUSLABS.NS,1858.0,True,True,False,True,False,False,SKIP,39.7217
2026-08-11 11:03,THELEELA.NS,512.25,True,False,True,True,False,False,SKIP,17.5825
2026-08-11 11:03,LEMONTREE.NS,109.36,False,False,True,False,False,False,SKIP,2.7065
2026-08-11 11:03,LENSKART.NS,589.2,True,True,False,True,False,False,SKIP,14.69
2026-08-11 11:03,LICI.NS,406.0,False,False,True,False,True,False,SKIP,10.1959
2026-08-11 11:03,LINDEINDIA.NS,6972.0,False,False,True,True,False,False,SKIP,186.1053
2026-08-11 11:03,LLOYDSME.NS,1986.2,True,True,True,False,True,False,SKIP,64.8535
2026-08-11 11:03,LODHA.NS,1212.0,True,True,True,False,False,False,SKIP,42.1142
2026-08-11 11:03,LUPIN.NS,2278.9,False,False,False,False,False,True,SKIP,56.9372
2026-08-11 11:03,MMTC.NS,64.98,True,False,True,True,True,False,SKIP,1.7458
2026-08-11 11:03,MRF.NS,131125.0,False,False,True,False,True,True,SKIP,2239.1409
2026-08-11 11:03,MGL.NS,1134.3,True,False,True,True,False,False,SKIP,31.9348
2026-08-11 11:03,M&MFIN.NS,398.8,True,True,True,True,False,False,SKIP,15.7718
2026-08-11 11:03,M&M.NS,3460.1,True,False,True,True,False,False,SKIP,77.6183
2026-08-11 11:03,MANAPPURAM.NS,360.0,True,False,True,False,False,False,SKIP,11.2106
2026-08-11 11:03,MRPL.NS,181.14,True,False,True,True,True,False,SKIP,7.877
2026-08-11 11:03,MANKIND.NS,2425.0,False,False,True,False,False,True,SKIP,60.9003
2026-08-11 11:03,MARICO.NS,855.0,True,False,True,False,False,False,SKIP,17.1962
2026-08-11 11:03,MARUTI.NS,13990.0,True,False,True,True,False,False,SKIP,265.8107
2026-08-11 11:03,MFSL.NS,1499.0,False,False,True,True,True,True,SKIP,38.8505
2026-08-11 11:03,MAXHEALTH.NS,1040.0,False,False,False,False,True,True,SKIP,26.1737
2026-08-11 11:03,MAZDOCK.NS,2554.0,True,False,True,True,False,False,SKIP,62.2367
2026-08-11 11:03,MEESHO.NS,190.41,True,False,True,True,False,False,SKIP,6.585
2026-08-11 11:03,MINDACORP.NS,721.45,True,False,True,True,False,False,SKIP,22.3381
2026-08-11 11:03,MSUMI.NS,41.01,True,False,True,False,False,False,SKIP,1.1506
2026-08-11 11:03,MOTILALOFS.NS,888.0,False,False,True,False,False,False,SKIP,25.2837
2026-08-11 11:03,MPHASIS.NS,2530.0,True,False,True,True,False,False,SKIP,80.6931
2026-08-11 11:03,MCX.NS,2895.0,True,False,True,True,True,False,SKIP,92.0924
2026-08-11 11:03,MUTHOOTFIN.NS,2915.9,False,False,True,False,False,False,SKIP,91.3834
2026-08-11 11:03,NATCOPHARM.NS,907.0,False,False,True,False,True,True,SKIP,23.1547
2026-08-11 11:03,NBCC.NS,93.8,False,False,False,True,False,False,SKIP,2.0868
2026-08-11 11:03,NCC.NS,144.76,False,False,True,True,False,False,SKIP,3.5547
2026-08-11 11:03,NHPC.NS,76.95,False,False,True,False,False,True,SKIP,1.6901
2026-08-11 11:03,NLCINDIA.NS,286.05,False,False,False,True,False,True,SKIP,8.7009
2026-08-11 11:03,NMDC.NS,85.45,False,False,True,True,False,False,SKIP,1.7295
2026-08-11 11:03,NSLNISP.NS,44.15,True,False,True,True,False,False,SKIP,1.0443
2026-08-11 11:03,NTPCGREEN.NS,93.01,False,False,True,True,False,False,SKIP,1.967
2026-08-11 11:03,NTPC.NS,338.45,False,False,False,False,False,True,SKIP,6.073
2026-08-11 11:03,NH.NS,1848.8,False,False,False,False,True,True,SKIP,48.5481
2026-08-11 11:03,NATIONALUM.NS,388.0,True,False,True,True,True,False,SKIP,10.22
2026-08-11 11:03,NAVA.NS,569.15,False,False,True,True,False,False,SKIP,16.1003
2026-08-11 11:03,NAVINFLUOR.NS,8156.0,True,False,True,True,False,False,SKIP,270.1047
2026-08-11 11:03,NESTLEIND.NS,1493.2,True,False,True,True,False,False,SKIP,35.7712
2026-08-11 11:03,NETWEB.NS,4859.8,True,False,True,True,False,False,SKIP,192.2524
2026-08-11 11:03,NEULANDLAB.NS,22955.0,True,True,False,True,False,False,SKIP,862.3426
2026-08-11 11:03,NEWGEN.NS,555.1,True,False,True,False,False,False,SKIP,25.8256
2026-08-11 11:03,NAM-INDIA.NS,1171.3,True,False,True,True,False,False,SKIP,32.3675
2026-08-11 11:03,NIVABUPA.NS,85.47,True,True,True,False,False,True,SKIP,2.2177
2026-08-11 11:03,NUVAMA.NS,1706.7,False,False,True,False,False,False,SKIP,72.3351
2026-08-11 11:03,NUVOCO.NS,331.25,False,False,True,False,False,True,SKIP,12.2187
2026-08-11 11:03,OBEROIRLTY.NS,1793.6,True,False,True,False,False,True,SKIP,43.2287
2026-08-11 11:03,ONGC.NS,239.45,False,False,True,False,True,True,SKIP,4.4313
2026-08-11 11:03,OIL.NS,470.35,True,False,True,True,True,False,SKIP,13.0759
2026-08-11 11:03,OLAELEC.NS,39.66,False,False,True,True,False,False,SKIP,1.6217
2026-08-11 11:03,OLECTRA.NS,1391.6,True,False,True,True,True,False,SKIP,37.8489
2026-08-11 11:03,PAYTM.NS,1593.7,True,True,False,True,True,False,SKIP,53.6154
2026-08-11 11:03,ONESOURCE.NS,1598.9,False,False,True,False,True,False,SKIP,63.8742
2026-08-11 11:03,OFSS.NS,11896.0,True,False,True,True,False,False,SKIP,378.3855
2026-08-11 11:03,POLICYBZR.NS,1733.0,True,False,True,True,True,False,SKIP,52.2597
2026-08-11 11:03,PCBL.NS,322.15,True,False,True,False,False,False,SKIP,13.4652
2026-08-11 11:03,PGEL.NS,616.0,True,False,True,False,False,False,SKIP,21.655
2026-08-11 11:03,PIIND.NS,2730.0,False,False,True,True,True,False,SKIP,57.2922
2026-08-11 11:03,PNBHOUSING.NS,1142.1,True,False,True,True,False,False,SKIP,34.9541
2026-08-11 11:03,PTCIL.NS,18906.0,True,False,True,True,False,False,SKIP,501.0235
2026-08-11 11:03,PVRINOX.NS,1160.2,True,True,True,True,False,False,SKIP,36.3116
2026-08-11 11:03,PAGEIND.NS,38440.0,False,False,False,False,False,True,SKIP,925.9121
2026-08-11 11:03,PARADEEP.NS,151.8,True,False,True,True,False,False,SKIP,5.3569
2026-08-11 11:03,PATANJALI.NS,353.0,False,True,False,True,False,False,SKIP,10.5573
2026-08-11 11:03,PERSISTENT.NS,5536.0,True,False,True,True,False,False,SKIP,164.6505
2026-08-11 11:03,PETRONET.NS,277.0,False,False,True,True,False,False,SKIP,5.901
2026-08-11 11:03,PFIZER.NS,4898.5,True,False,True,True,False,False,SKIP,92.3007
2026-08-11 11:03,PHOENIXLTD.NS,1908.7,False,False,True,False,False,True,SKIP,49.7043
2026-08-11 11:03,PWL.NS,125.52,True,False,True,False,False,True,SKIP,5.6497
2026-08-11 11:04,PIDILITIND.NS,1685.8,True,False,True,True,False,False,SKIP,34.2767
2026-08-11 11:04,PINELABS.NS,167.58,True,False,True,True,True,False,SKIP,7.6064
2026-08-11 11:04,PIRAMALFIN.NS,2114.7,True,False,True,True,False,False,SKIP,63.1508
2026-08-11 11:04,PPLPHARMA.NS,214.19,True,True,False,True,False,False,SKIP,7.4142
2026-08-11 11:04,POLYMED.NS,1863.9,True,False,False,True,True,False,SKIP,63.4377
2026-08-11 11:04,POLYCAB.NS,9125.0,False,False,True,True,False,False,SKIP,201.1857
2026-08-11 11:04,POONAWALLA.NS,487.2,True,False,True,False,False,False,SKIP,15.19
2026-08-11 11:04,PFC.NS,381.0,False,False,False,False,True,True,SKIP,10.0405
2026-08-11 11:04,POWERGRID.NS,267.95,False,False,False,False,False,True,SKIP,5.283
2026-08-11 11:04,PREMIERENE.NS,1050.0,True,False,True,True,False,False,SKIP,30.0915
2026-08-11 11:04,PRESTIGE.NS,1585.9,True,False,True,False,True,True,SKIP,53.7144
2026-08-11 11:04,PFOCUS.NS,281.55,True,True,True,False,False,False,SKIP,13.5609
2026-08-11 11:04,PNB.NS,114.03,True,False,True,True,False,False,SKIP,1.9491
2026-08-11 11:04,RRKABEL.NS,2812.8,True,True,False,True,False,False,SKIP,100.7127
2026-08-11 11:04,RBLBANK.NS,389.7,True,False,True,True,False,False,SKIP,8.8716
2026-08-11 11:04,RECLTD.NS,344.7,False,False,False,False,True,True,SKIP,8.4266
2026-08-11 11:04,RHIM.NS,415.55,True,False,True,True,True,False,SKIP,14.8163
2026-08-11 11:04,RITES.NS,226.67,True,False,True,True,False,False,SKIP,6.7319
2026-08-11 11:04,RADICO.NS,4545.0,True,True,False,True,False,False,SKIP,106.7206
2026-08-11 11:04,RVNL.NS,230.0,False,False,True,True,True,False,SKIP,5.2653
2026-08-11 11:04,RAILTEL.NS,287.3,False,False,True,True,False,False,SKIP,6.986
2026-08-11 11:04,RAINBOW.NS,1504.1,True,False,True,False,False,False,SKIP,42.269
2026-08-11 11:04,RKFORGE.NS,751.35,True,True,False,True,False,False,SKIP,25.0271
2026-08-11 11:04,REDINGTON.NS,354.55,True,True,False,True,False,False,SKIP,14.3558
2026-08-11 11:04,RELIANCE.NS,1323.9,True,False,True,True,False,False,SKIP,22.3494
2026-08-11 11:04,RPOWER.NS,23.62,False,False,True,True,False,True,SKIP,0.7432
2026-08-11 11:04,SBFC.NS,93.84,True,False,True,True,True,False,SKIP,2.117
2026-08-11 11:04,SBICARD.NS,650.05,True,False,True,False,False,False,SKIP,14.7691
2026-08-11 11:04,SBILIFE.NS,1837.6,False,False,True,False,True,False,SKIP,37.5033
2026-08-11 11:04,SJVN.NS,67.24,False,False,False,True,False,True,SKIP,1.2331
2026-08-11 11:04,SRF.NS,2570.0,False,False,False,False,False,True,SKIP,61.2531
2026-08-11 11:04,SAGILITY.NS,43.02,True,False,True,False,False,False,SKIP,1.4441
2026-08-11 11:04,SAILIFE.NS,1444.4,True,False,False,True,True,False,SKIP,47.7954
2026-08-11 11:04,SAMMAANCAP.NS,163.4,False,False,True,True,False,False,SKIP,4.6786
2026-08-11 11:04,MOTHERSON.NS,169.26,True,False,False,True,False,False,SKIP,5.022
2026-08-11 11:04,SAPPHIRE.NS,236.02,True,False,False,True,True,False,SKIP,10.7395
2026-08-11 11:04,SARDAEN.NS,495.85,False,False,True,False,False,True,SKIP,12.9874
2026-08-11 11:04,SAREGAMA.NS,529.1,True,False,True,False,False,False,SKIP,24.0627
2026-08-11 11:04,SCHAEFFLER.NS,4151.3,True,False,True,False,True,False,SKIP,104.9573
2026-08-11 11:04,SCHNEIDER.NS,1403.3,True,False,True,True,False,False,SKIP,57.9888
2026-08-11 11:04,SCI.NS,293.95,True,False,True,True,False,False,SKIP,10.1135
2026-08-11 11:04,SHREECEM.NS,25510.0,False,False,True,False,False,True,SKIP,607.7948
2026-08-11 11:04,SHRIRAMFIN.NS,1129.9,True,False,True,True,False,False,SKIP,29.731
2026-08-11 11:04,SHYAMMETL.NS,984.8,False,False,True,False,True,True,SKIP,27.7877
2026-08-11 11:04,ENRIN.NS,3563.8,True,False,True,True,False,False,SKIP,138.5283
2026-08-11 11:04,SIEMENS.NS,4011.0,True,False,False,True,True,False,SKIP,109.3827
2026-08-11 11:04,SIGNATURE.NS,814.9,True,False,True,True,False,False,SKIP,26.0094
2026-08-11 11:04,SOBHA.NS,1342.1,False,False,False,False,False,True,SKIP,39.7165
2026-08-11 11:04,SOLARINDS.NS,18770.0,True,False,True,True,False,False,SKIP,479.2587
2026-08-11 11:04,SONACOMS.NS,800.0,True,True,False,True,False,False,SKIP,23.9159
2026-08-11 11:04,SONATSOFTW.NS,333.9,True,False,True,True,False,False,SKIP,16.2508
2026-08-11 11:04,STARHEALTH.NS,584.7,True,False,True,False,False,False,SKIP,17.7319
2026-08-11 11:04,SBIN.NS,1066.0,True,False,True,True,False,False,SKIP,21.9452
2026-08-11 11:04,SAIL.NS,173.0,True,False,True,True,False,False,SKIP,5.4746
2026-08-11 11:04,SUMICHEM.NS,558.1,True,False,True,True,False,False,SKIP,20.3079
2026-08-11 11:04,SUNPHARMA.NS,1942.0,True,False,True,False,False,True,SKIP,32.8504
2026-08-11 11:04,SUNTV.NS,483.7,False,False,False,False,False,True,SKIP,10.9851
2026-08-11 11:04,SUNDARMFIN.NS,4447.4,False,False,True,False,False,True,SKIP,130.6044
2026-08-11 11:04,SUPREMEIND.NS,3435.0,False,False,True,True,False,False,SKIP,91.9153
2026-08-11 11:04,SPLPETRO.NS,685.25,False,False,False,False,False,True,SKIP,22.0464
2026-08-11 11:04,SUZLON.NS,47.5,False,False,False,False,False,False,SKIP,1.3673
2026-08-11 11:04,SWANCORP.NS,311.25,False,False,True,True,True,False,SKIP,6.9638
2026-08-11 11:04,SWIGGY.NS,280.5,True,False,True,False,False,False,SKIP,11.7319
2026-08-11 11:04,SYNGENE.NS,407.25,False,False,True,True,False,False,SKIP,12.7938
2026-08-11 11:04,SYRMA.NS,1494.8,True,False,True,True,False,False,SKIP,56.9617
2026-08-11 11:04,TBOTEK.NS,1639.7,True,False,True,True,False,False,SKIP,58.6051
2026-08-11 11:04,TVSMOTOR.NS,4400.0,True,True,False,True,False,False,SKIP,96.0461
2026-08-11 11:04,TATACAP.NS,367.2,True,False,True,True,False,False,SKIP,10.6735
2026-08-11 11:04,TATACHEM.NS,668.75,False,False,False,True,False,True,SKIP,15.0664
2026-08-11 11:04,TATACOMM.NS,1746.1,False,True,True,True,False,False,SKIP,53.286
2026-08-11 11:04,TCS.NS,2445.7,True,False,True,True,False,False,SKIP,64.1931
2026-08-11 11:04,TATACONSUM.NS,1078.0,False,False,True,True,True,True,SKIP,23.966
2026-08-11 11:04,TATAELXSI.NS,3795.0,False,False,True,True,False,False,SKIP,95.1521
2026-08-11 11:04,TATAINVEST.NS,688.75,True,False,True,True,False,False,SKIP,16.3185
2026-08-11 11:04,TMCV.NS,450.05,True,False,True,True,False,False,SKIP,12.566
2026-08-11 11:04,TMPV.NS,347.6,True,False,True,True,False,False,SKIP,7.1144
2026-08-11 11:04,TATAPOWER.NS,380.0,False,False,True,True,False,False,SKIP,6.0582
2026-08-11 11:04,TATASTEEL.NS,188.25,False,False,True,True,False,False,SKIP,3.7841
2026-08-11 11:04,TATATECH.NS,865.2,True,False,False,True,False,False,SKIP,30.5654
2026-08-11 11:04,TTML.NS,38.81,False,False,False,True,False,True,SKIP,1.1329
2026-08-11 11:04,TECHM.NS,1643.0,True,False,True,False,False,False,SKIP,40.4586
2026-08-11 11:04,TECHNOE.NS,1058.05,True,False,True,True,False,False,SKIP,30.194
2026-08-11 11:04,TEGA.NS,1647.1,True,False,True,True,False,False,SKIP,52.0592
2026-08-11 11:04,TEJASNET.NS,533.6,True,False,True,True,True,False,SKIP,20.148
2026-08-11 11:04,TENNIND.NS,550.6,False,False,True,True,False,False,SKIP,18.4848
2026-08-11 11:04,NIACL.NS,179.37,True,False,True,True,False,False,SKIP,6.3327
2026-08-11 11:04,RAMCOCEM.NS,934.05,True,False,True,True,False,False,SKIP,26.578
2026-08-11 11:04,THERMAX.NS,4025.7,False,True,False,False,False,False,SKIP,180.5891
2026-08-11 11:04,TIMKEN.NS,3211.6,False,False,True,True,False,False,SKIP,91.6258
2026-08-11 11:04,TITAGARH.NS,844.8,True,False,True,True,False,False,SKIP,22.7002
2026-08-11 11:04,TITAN.NS,5128.0,True,True,False,True,True,False,SKIP,96.2492
2026-08-11 11:04,TORNTPHARM.NS,4886.0,True,False,True,False,False,False,SKIP,128.2939
2026-08-11 11:04,TORNTPOWER.NS,1330.4,False,False,False,False,False,True,SKIP,33.5905
2026-08-11 11:04,TARIL.NS,297.1,False,False,False,True,False,True,SKIP,9.6021
2026-08-11 11:04,TRAVELFOOD.NS,1389.0,True,False,True,True,False,False,SKIP,49.2001
2026-08-11 11:04,TRENT.NS,3000.0,True,False,True,True,False,False,SKIP,77.0425
2026-08-11 11:04,TRIDENT.NS,24.83,False,False,True,False,False,True,SKIP,0.502
2026-08-11 11:04,TRITURBINE.NS,600.35,False,False,True,True,True,True,SKIP,22.4141
2026-08-11 11:04,TIINDIA.NS,2780.0,False,False,True,True,False,False,SKIP,82.3416
2026-08-11 11:04,UCOBANK.NS,26.12,False,False,True,False,False,False,SKIP,0.5204
2026-08-11 11:04,UNOMINDA.NS,1275.0,True,False,False,True,False,False,SKIP,30.807
2026-08-11 11:04,UPL.NS,568.0,False,False,False,False,False,True,SKIP,13.8635
2026-08-11 11:04,UTIAMC.NS,905.8,False,False,True,False,False,False,SKIP,19.5083
2026-08-11 11:04,ULTRACEMCO.NS,11780.0,True,False,True,False,False,False,SKIP,209.3479
2026-08-11 11:04,UNIONBANK.NS,182.5,True,False,True,True,False,False,SKIP,4.8198
2026-08-11 11:04,UBL.NS,1400.0,True,False,True,False,False,False,SKIP,33.496
2026-08-11 11:04,UNITDSPR.NS,1548.7,True,True,False,True,False,False,SKIP,29.596
2026-08-11 11:04,URBANCO.NS,139.75,True,True,True,True,False,False,SKIP,5.3685
2026-08-11 11:04,USHAMART.NS,509.9,True,False,True,True,False,False,SKIP,13.5676
2026-08-11 11:04,VTL.NS,596.0,False,False,True,False,False,False,SKIP,19.7729
2026-08-11 11:04,VBL.NS,437.0,False,True,False,True,False,False,SKIP,11.8919
2026-08-11 11:04,VEDL.NS,275.0,False,False,True,True,False,False,SKIP,7.8497
2026-08-11 11:04,VIJAYA.NS,1428.2,True,False,True,True,False,False,SKIP,52.7547
2026-08-11 11:04,VMM.NS,110.25,False,False,True,True,False,False,SKIP,2.8334
2026-08-11 11:04,IDEA.NS,12.89,False,False,False,False,True,True,SKIP,0.3479
2026-08-11 11:04,VOLTAS.NS,1280.0,False,False,True,False,False,True,SKIP,33.8141
2026-08-11 11:04,WAAREEENER.NS,2704.0,False,True,True,True,False,False,SKIP,64.248
2026-08-11 11:04,WELCORP.NS,1836.9,True,True,False,True,False,False,SKIP,54.1503
2026-08-11 11:04,WELSPUNLIV.NS,159.66,True,False,True,False,False,False,SKIP,5.7934
2026-08-11 11:04,WHIRLPOOL.NS,795.05,False,False,True,True,False,False,SKIP,24.4959
2026-08-11 11:04,WIPRO.NS,184.6,True,False,True,True,False,False,SKIP,3.8021
2026-08-11 11:04,WOCKPHARMA.NS,1909.4,True,False,True,True,True,False,SKIP,72.8246
2026-08-11 11:04,YESBANK.NS,22.75,False,False,True,False,False,True,SKIP,0.379
2026-08-11 11:04,ZFCVINDIA.NS,2615.0,True,True,True,True,False,False,SKIP,81.3638
2026-08-11 11:04,ZEEL.NS,91.56,False,False,False,False,False,True,SKIP,5.039
2026-08-11 11:04,ZENTEC.NS,1819.8,True,False,True,True,True,False,SKIP,64.2165
2026-08-11 11:04,ZENSARTECH.NS,500.6,True,False,True,False,False,True,SKIP,19.4457
2026-08-11 11:04,ZYDUSLIFE.NS,1191.0,True,False,True,True,True,False,SKIP,27.3999
2026-08-11 11:04,ZYDUSWELL.NS,506.1,False,False,False,False,False,True,SKIP,21.7531
2026-08-11 11:04,ECLERX.NS,1795.6,True,False,True,False,False,False,SKIP,92.4058
2026-08-12 11:09,360ONE.NS,1161.0,True,False,True,True,False,False,SKIP,31.8768
2026-08-12 11:09,3MINDIA.NS,35935.0,True,False,True,False,False,False,SKIP,798.324
2026-08-12 11:09,ABB.NS,7710.0,True,False,True,True,False,False,SKIP,200.0586
2026-08-12 11:09,ACC.NS,1332.8,False,False,True,False,False,True,SKIP,28.502
2026-08-12 11:09,ACMESOLAR.NS,372.6,True,False,True,False,False,False,SKIP,13.614
2026-08-12 11:09,AIAENG.NS,4523.0,False,False,True,False,True,True,SKIP,150.9415
2026-08-12 11:09,APLAPOLLO.NS,1997.1,True,False,True,True,False,False,SKIP,46.5453
2026-08-12 11:09,AUBANK.NS,1091.4,True,False,True,True,False,False,SKIP,27.0554
2026-08-12 11:09,AWL.NS,194.24,True,False,True,True,False,False,SKIP,4.9134
2026-08-12 11:09,AADHARHFC.NS,502.0,False,False,True,False,False,False,SKIP,14.1123
2026-08-12 11:09,AARTIIND.NS,530.9,True,False,True,True,True,False,SKIP,15.943
2026-08-12 11:09,AAVAS.NS,1416.2,False,False,True,False,False,False,SKIP,47.0773
2026-08-12 11:09,ABBOTINDIA.NS,28140.0,True,True,True,False,True,False,SKIP,456.0629
2026-08-12 11:09,ACE.NS,1096.1,True,False,True,True,False,False,SKIP,41.4802
2026-08-12 11:09,ACUTAAS.NS,3153.4,False,False,True,False,False,True,SKIP,132.6471
2026-08-12 11:09,ADANIENSOL.NS,1599.0,True,False,True,False,False,True,SKIP,48.4467
2026-08-12 11:09,ADANIENT.NS,2985.7,True,False,True,False,False,True,SKIP,67.1046
2026-08-12 11:09,ADANIGREEN.NS,1332.3,False,False,False,False,False,True,SKIP,44.4726
2026-08-12 11:09,ADANIPORTS.NS,1665.0,False,False,False,False,False,True,SKIP,35.4392
2026-08-12 11:09,ADANIPOWER.NS,206.99,False,False,False,False,False,True,SKIP,5.2447
2026-08-12 11:09,ATGL.NS,660.35,False,False,True,True,False,True,SKIP,17.366
2026-08-12 11:09,ABCAPITAL.NS,410.95,True,False,True,False,False,False,SKIP,10.9996
2026-08-12 11:09,ABFRL.NS,57.16,False,False,True,True,False,True,SKIP,2.2951
2026-08-12 11:09,ABLBL.NS,90.29,False,False,False,False,False,True,SKIP,2.2729
2026-08-12 11:09,ABREL.NS,1375.4,True,False,True,False,False,True,SKIP,42.47
2026-08-12 11:09,ABSLAMC.NS,1038.6,False,False,True,True,False,False,SKIP,33.6427
2026-08-12 11:09,CPPLUS.NS,3899.1,True,False,True,True,True,False,SKIP,152.4663
2026-08-12 11:09,AEGISLOG.NS,1264.5,True,False,True,False,False,True,SKIP,77.3471
2026-08-12 11:09,AEGISVOPAK.NS,273.55,True,False,True,False,False,True,SKIP,14.2286
2026-08-12 11:09,AFCONS.NS,267.95,False,False,False,False,True,True,SKIP,10.4167
2026-08-12 11:09,AFFLE.NS,1672.9,True,False,True,True,False,False,SKIP,63.0425
2026-08-12 11:09,AJANTPHARM.NS,3541.0,True,False,True,True,False,False,SKIP,92.9235
2026-08-12 11:09,ALKEM.NS,5480.0,False,False,True,False,False,True,SKIP,124.6515
2026-08-12 11:09,ABDL.NS,614.15,True,False,True,False,True,False,SKIP,23.6884
2026-08-12 11:09,ARE&M.NS,969.4,True,False,True,True,True,False,SKIP,32.6366
2026-08-12 11:09,AMBER.NS,6985.0,False,False,False,False,True,True,SKIP,213.4157
2026-08-12 11:09,AMBUJACEM.NS,421.0,False,False,True,False,True,True,SKIP,10.2505
2026-08-12 11:09,ANANDRATHI.NS,2189.0,True,False,False,True,True,False,SKIP,49.9541
2026-08-12 11:09,ANANTRAJ.NS,614.65,True,False,True,False,False,False,SKIP,19.8376
2026-08-12 11:09,ANGELONE.NS,291.0,False,False,False,False,False,True,SKIP,8.7996
2026-08-12 11:09,ANTHEM.NS,878.4,True,False,False,True,False,False,SKIP,25.2491
2026-08-12 11:09,ANURAS.NS,1204.4,False,True,False,True,False,True,SKIP,20.02
2026-08-12 11:09,APARINDS.NS,18000.0,True,False,False,True,True,False,SKIP,736.1017
2026-08-12 11:09,APOLLOHOSP.NS,8597.0,False,False,False,False,True,True,SKIP,162.731
2026-08-12 11:09,APOLLOTYRE.NS,445.15,True,False,True,True,False,False,SKIP,10.4035
2026-08-12 11:09,APTUS.NS,254.75,False,False,False,False,True,True,SKIP,8.3477
2026-08-12 11:09,ASAHIINDIA.NS,891.5,True,False,True,True,False,False,SKIP,24.6517
2026-08-12 11:09,ASHOKLEY.NS,176.7,True,False,True,True,False,False,SKIP,4.3403
2026-08-12 11:09,ASIANPAINT.NS,2740.0,True,False,True,False,False,False,SKIP,55.6605
2026-08-12 11:09,ASTERDM.NS,827.95,True,False,True,True,False,False,SKIP,28.1618
2026-08-12 11:09,ASTRAL.NS,1464.0,True,False,True,True,False,False,SKIP,33.1091
2026-08-12 11:09,ATHERENERG.NS,1569.4,True,True,False,True,False,False,SKIP,64.4873
2026-08-12 11:09,ATUL.NS,6896.5,True,False,True,True,False,False,SKIP,181.0482
2026-08-12 11:09,AUROPHARMA.NS,1667.0,True,False,True,True,False,False,SKIP,39.8416
2026-08-12 11:09,AIIL.NS,554.8,True,True,True,True,False,False,SKIP,22.5738
2026-08-12 11:09,DMART.NS,4040.0,False,False,True,True,False,False,SKIP,96.3414
2026-08-12 11:09,AXISBANK.NS,1230.0,False,False,False,True,False,True,SKIP,22.9678
2026-08-12 11:09,BEML.NS,1900.6,True,False,True,True,True,False,SKIP,63.9214
2026-08-12 11:09,BLS.NS,262.88,True,False,True,True,False,False,SKIP,8.1689
2026-08-12 11:09,BSE.NS,3527.0,False,False,True,True,True,False,SKIP,108.8442
2026-08-12 11:09,BAJAJ-AUTO.NS,11700.0,True,True,True,True,False,False,SKIP,233.8984
2026-08-12 11:09,BAJFINANCE.NS,1094.2,True,False,True,False,False,False,SKIP,29.1932
2026-08-12 11:09,BAJAJFINSV.NS,2020.5,True,False,True,False,False,False,SKIP,45.8415
2026-08-12 11:09,BAJAJHLDNG.NS,11579.0,True,False,True,True,False,False,SKIP,241.1776
2026-08-12 11:09,BAJAJHFL.NS,84.76,False,False,True,False,False,True,SKIP,1.4437
2026-08-12 11:09,BALKRISIND.NS,2496.9,True,False,True,True,False,False,SKIP,86.3837
2026-08-12 11:09,BALRAMCHIN.NS,604.7,True,True,True,False,True,True,TAKE,24.0758
2026-08-12 11:09,BANDHANBNK.NS,176.0,False,False,True,True,False,False,SKIP,6.1302
2026-08-12 11:09,BANKBARODA.NS,251.0,False,False,True,True,False,False,SKIP,5.3674
2026-08-12 11:09,BANKINDIA.NS,145.5,True,False,True,True,False,False,SKIP,3.6061
2026-08-12 11:09,MAHABANK.NS,81.87,True,False,True,True,True,False,SKIP,2.1287
2026-08-12 11:09,BATAINDIA.NS,715.15,True,False,True,True,True,False,SKIP,21.9923
2026-08-12 11:09,BAYERCROP.NS,4114.6,False,False,True,False,False,False,SKIP,77.2351
2026-08-12 11:09,BELRISE.NS,261.35,True,False,False,True,True,False,SKIP,7.4333
2026-08-12 11:09,BERGEPAINT.NS,559.8,True,False,True,True,True,False,SKIP,16.68
2026-08-12 11:09,BDL.NS,1340.0,True,False,True,True,True,False,SKIP,32.951
2026-08-12 11:09,BEL.NS,405.7,False,False,True,True,False,False,SKIP,7.0569
2026-08-12 11:09,BHARATFORG.NS,2081.5,False,False,True,False,True,True,SKIP,65.5535
2026-08-12 11:09,BHEL.NS,420.0,True,False,True,False,False,False,SKIP,12.2295
2026-08-12 11:09,BPCL.NS,317.0,True,False,True,False,False,False,SKIP,6.8526
2026-08-12 11:09,BHARTIARTL.NS,1945.0,True,False,True,False,True,False,SKIP,34.3704
2026-08-12 11:09,BHARTIHEXA.NS,1486.0,False,False,False,False,True,True,SKIP,45.618
2026-08-12 11:09,BIKAJI.NS,609.6,False,False,False,False,True,True,SKIP,14.3888
2026-08-12 11:09,GROWW.NS,197.28,True,False,True,False,False,False,SKIP,5.6103
2026-08-12 11:09,BIOCON.NS,427.4,True,False,True,False,False,True,SKIP,10.1224
2026-08-12 11:09,BSOFT.NS,313.3,True,False,True,True,False,False,SKIP,11.2908
2026-08-12 11:09,BLUEDART.NS,5093.0,True,False,True,False,False,False,SKIP,152.1979
2026-08-12 11:09,BLUEJET.NS,587.1,True,True,True,False,False,False,SKIP,22.9671
2026-08-12 11:09,BLUESTARCO.NS,1490.0,False,False,False,False,False,True,SKIP,54.203
2026-08-12 11:09,BBTC.NS,1490.9,False,False,True,True,False,False,SKIP,29.1402
2026-08-12 11:09,BOSCHLTD.NS,46480.0,True,False,False,True,True,False,SKIP,1115.1204
2026-08-12 11:09,FIRSTCRY.NS,214.47,False,False,True,True,False,False,SKIP,4.8219
2026-08-12 11:09,BRIGADE.NS,592.95,True,False,True,True,False,False,SKIP,19.3133
2026-08-12 11:09,BRITANNIA.NS,5645.5,True,False,True,True,False,False,SKIP,108.1395
2026-08-12 11:09,MAPMYINDIA.NS,996.2,False,False,True,False,False,True,SKIP,56.8631
2026-08-12 11:09,CCL.NS,1135.5,False,False,True,False,False,True,SKIP,31.7481
2026-08-12 11:09,CESC.NS,162.43,False,False,True,True,False,True,SKIP,3.378
2026-08-12 11:09,CGPOWER.NS,888.0,True,False,True,True,False,False,SKIP,25.5047
2026-08-12 11:09,CIEINDIA.NS,411.7,False,False,False,False,False,True,SKIP,12.2263
2026-08-12 11:09,CRISIL.NS,4507.1,True,False,True,True,False,False,SKIP,124.9342
2026-08-12 11:09,CANFINHOME.NS,821.95,False,False,True,True,False,False,SKIP,20.1422
2026-08-12 11:09,CANBK.NS,132.0,True,False,True,True,False,False,SKIP,2.901
2026-08-12 11:09,CANHLIFE.NS,147.6,True,True,True,False,False,False,SKIP,5.3134
2026-08-12 11:09,CAPLIPOINT.NS,2472.4,True,False,True,False,True,True,SKIP,92.4584
2026-08-12 11:09,CGCL.NS,228.75,True,True,True,False,False,False,SKIP,9.5722
2026-08-12 11:09,CARBORUNIV.NS,1154.2,True,False,True,True,True,False,SKIP,42.4505
2026-08-12 11:09,CARTRADE.NS,2714.6,True,True,True,False,False,True,SKIP,118.3701
2026-08-12 11:09,CASTROLIND.NS,188.38,True,True,False,True,True,False,SKIP,2.4307
2026-08-12 11:09,CEATLTD.NS,3723.1,True,False,True,True,False,False,SKIP,107.0708
2026-08-12 11:09,CEMPRO.NS,1261.7,False,True,False,False,False,False,SKIP,67.1415
2026-08-12 11:09,CENTRALBK.NS,31.28,False,False,True,True,False,False,SKIP,0.5738
2026-08-12 11:09,CDSL.NS,1339.0,True,False,True,False,False,False,SKIP,28.0492
2026-08-12 11:09,CHALET.NS,822.2,True,False,True,False,False,False,SKIP,25.0645
2026-08-12 11:09,CHAMBLFERT.NS,442.3,False,False,True,True,False,False,SKIP,9.2281
2026-08-12 11:09,CHENNPETRO.NS,1379.5,True,False,True,True,False,False,SKIP,68.7572
2026-08-12 11:09,CHOICEIN.NS,814.5,True,False,True,False,False,False,SKIP,17.9466
2026-08-12 11:09,CHOLAHLDNG.NS,1550.7,False,False,True,True,False,False,SKIP,57.662
2026-08-12 11:09,CHOLAFIN.NS,1917.6,True,False,True,True,False,False,SKIP,54.5439
2026-08-12 11:09,CIPLA.NS,1463.0,True,False,True,True,False,False,SKIP,26.1937
2026-08-12 11:09,CUB.NS,215.85,True,False,True,False,False,False,SKIP,7.7988
2026-08-12 11:09,CLEAN.NS,804.9,True,False,True,True,False,False,SKIP,24.8652
2026-08-12 11:09,COALINDIA.NS,409.3,False,False,False,True,False,False,SKIP,6.1548
2026-08-12 11:09,COCHINSHIP.NS,1506.0,True,False,True,True,False,False,SKIP,33.879
2026-08-12 11:09,COFORGE.NS,1801.5,True,False,False,True,False,False,SKIP,52.0192
2026-08-12 11:09,COHANCE.NS,444.35,True,False,True,True,False,False,SKIP,18.3896
2026-08-12 11:09,COLPAL.NS,2005.0,False,False,True,False,False,True,SKIP,44.6009
2026-08-12 11:09,CAMS.NS,777.4,True,False,True,False,False,False,SKIP,20.1453
2026-08-12 11:09,CONCORDBIO.NS,1444.7,True,False,True,True,False,False,SKIP,49.9398
2026-08-12 11:09,CONCOR.NS,512.05,True,False,True,False,False,False,SKIP,12.6378
2026-08-12 11:09,COROMANDEL.NS,2073.3,True,False,True,False,False,False,SKIP,50.6779
2026-08-12 11:09,CRAFTSMAN.NS,10511.0,True,True,True,True,False,False,SKIP,327.044
2026-08-12 11:09,CREDITACC.NS,1545.4,True,False,True,False,False,False,SKIP,46.3733
2026-08-12 11:09,CROMPTON.NS,247.85,False,False,True,False,False,True,SKIP,7.8609
2026-08-12 11:09,CUMMINSIND.NS,5365.0,False,False,True,False,False,False,SKIP,135.1155
2026-08-12 11:09,CYIENT.NS,840.5,False,False,True,True,False,False,SKIP,22.8967
2026-08-12 11:09,DCMSHRIRAM.NS,993.7,False,False,False,False,False,True,SKIP,31.0578
2026-08-12 11:09,DLF.NS,661.75,True,False,True,False,False,False,SKIP,17.9793
2026-08-12 11:09,DOMS.NS,2242.0,False,False,True,False,False,False,SKIP,53.6543
2026-08-12 11:09,DABUR.NS,411.25,False,False,False,False,False,True,SKIP,8.1163
2026-08-12 11:09,DALBHARAT.NS,1841.4,True,False,True,False,False,False,SKIP,43.7889
2026-08-12 11:09,DATAPATTNS.NS,4491.0,True,False,True,True,False,False,SKIP,189.0053
2026-08-12 11:09,DEEPAKFERT.NS,1455.7,False,False,False,False,False,True,SKIP,56.8542
2026-08-12 11:09,DEEPAKNTR.NS,1718.4,True,False,True,True,False,False,SKIP,57.1632
2026-08-12 11:09,DELHIVERY.NS,470.25,False,False,True,False,True,False,SKIP,14.7924
2026-08-12 11:09,DEVYANI.NS,140.21,True,True,False,True,False,False,SKIP,5.5101
2026-08-12 11:09,DIVISLAB.NS,8600.0,True,True,False,True,False,False,SKIP,193.5845
2026-08-12 11:09,DIXON.NS,13800.0,True,False,True,False,False,True,SKIP,393.2888
2026-08-12 11:09,LALPATHLAB.NS,1953.3,True,True,False,True,False,False,SKIP,57.1897
2026-08-12 11:09,DRREDDY.NS,1200.0,False,False,True,True,False,False,SKIP,26.3549
2026-08-12 11:09,EIDPARRY.NS,772.5,True,False,True,False,True,False,SKIP,22.8182
2026-08-12 11:09,EIHOTEL.NS,298.5,False,False,False,False,False,True,SKIP,8.6441
2026-08-12 11:09,EICHERMOT.NS,8049.0,True,False,True,True,False,False,SKIP,149.4166
2026-08-12 11:09,ELECON.NS,441.45,False,False,True,True,False,False,SKIP,15.97
2026-08-12 11:09,ELGIEQUIP.NS,575.55,False,False,True,False,True,True,SKIP,15.8197
2026-08-12 11:09,EMAMILTD.NS,397.25,False,False,True,False,False,True,SKIP,10.7366
2026-08-12 11:09,EMCURE.NS,2009.6,True,False,True,True,True,False,SKIP,54.5993
2026-08-12 11:09,EMMVEE.NS,317.2,False,False,True,False,False,True,SKIP,12.223
2026-08-12 11:09,ENDURANCE.NS,3019.7,True,False,False,True,False,False,SKIP,79.5912
2026-08-12 11:09,ENGINERSIN.NS,239.2,True,False,True,True,False,False,SKIP,7.339
2026-08-12 11:09,ERIS.NS,1351.7,False,False,False,False,False,True,SKIP,37.8362
2026-08-12 11:09,ESCORTS.NS,3126.0,True,True,True,True,False,False,SKIP,62.1282
2026-08-12 11:09,ETERNAL.NS,314.05,True,True,True,True,False,False,SKIP,8.86
2026-08-12 11:09,EXIDEIND.NS,490.65,True,True,False,True,False,False,SKIP,15.6855
2026-08-12 11:09,NYKAA.NS,328.05,True,True,True,False,False,False,SKIP,8.1584
2026-08-12 11:09,FEDERALBNK.NS,356.85,True,True,True,False,False,False,SKIP,7.1782
2026-08-12 11:09,FACT.NS,819.55,False,False,True,True,False,False,SKIP,18.9121
2026-08-12 11:09,FINCABLES.NS,1280.05,True,False,False,True,True,False,SKIP,52.2643
2026-08-12 11:09,FSL.NS,274.5,True,False,True,False,False,False,SKIP,14.9642
2026-08-12 11:09,FIVESTAR.NS,554.4,True,False,True,False,False,False,SKIP,16.5206
2026-08-12 11:09,FORCEMOT.NS,19269.0,True,False,True,True,True,False,SKIP,580.0313
2026-08-12 11:09,FORTIS.NS,900.0,False,False,False,False,True,True,SKIP,25.8938
2026-08-12 11:09,GAIL.NS,177.95,True,False,True,True,False,False,SKIP,4.2151
2026-08-12 11:09,GVT&D.NS,4406.5,False,False,True,True,False,False,SKIP,192.8394
2026-08-12 11:09,GMRAIRPORT.NS,104.55,False,False,False,False,True,True,SKIP,2.4095
2026-08-12 11:09,GABRIEL.NS,1476.8,True,True,True,False,False,False,SKIP,65.5536
2026-08-12 11:09,GALLANTT.NS,590.7,False,False,True,True,False,False,SKIP,28.3842
2026-08-12 11:09,GRSE.NS,2576.4,False,False,True,True,False,False,SKIP,63.5859
2026-08-12 11:09,GICRE.NS,355.85,False,False,True,True,False,True,SKIP,5.4958
2026-08-12 11:09,GILLETTE.NS,7589.5,False,False,True,False,False,True,SKIP,135.2633
2026-08-12 11:09,GLAND.NS,2891.2,True,True,False,True,False,False,SKIP,96.0215
2026-08-12 11:09,GLAXO.NS,2620.2,True,False,True,False,False,False,SKIP,64.8758
2026-08-12 11:09,GLENMARK.NS,2290.0,True,False,True,True,False,False,SKIP,53.1193
2026-08-12 11:09,MEDANTA.NS,1393.5,True,True,True,False,False,False,SKIP,42.7328
2026-08-12 11:09,GODIGIT.NS,262.8,False,False,True,True,False,False,SKIP,10.1418
2026-08-12 11:09,GPIL.NS,228.99,False,False,False,False,False,True,SKIP,7.4893
2026-08-12 11:09,GODFRYPHLP.NS,2199.0,True,False,True,True,False,False,SKIP,72.3464
2026-08-12 11:09,GODREJCP.NS,910.0,False,False,False,False,True,True,SKIP,31.8631
2026-08-12 11:09,GODREJIND.NS,1235.2,False,False,True,False,False,True,SKIP,45.5806
2026-08-12 11:09,GODREJPROP.NS,2015.0,True,False,True,False,False,True,SKIP,65.0979
2026-08-12 11:09,GRANULES.NS,864.8,True,False,True,False,False,False,SKIP,26.295
2026-08-12 11:09,GRAPHITE.NS,726.25,True,True,True,True,False,False,SKIP,25.5736
2026-08-12 11:09,GRASIM.NS,3307.8,True,False,True,True,True,False,SKIP,81.5193
2026-08-12 11:09,GRAVITA.NS,1815.1,True,False,True,True,False,False,SKIP,58.1687
2026-08-12 11:09,GESHIP.NS,1281.9,False,False,False,False,False,True,SKIP,51.0898
2026-08-12 11:09,FLUOROCHEM.NS,4565.8,True,False,True,False,True,False,SKIP,151.8398
2026-08-12 11:09,GMDCLTD.NS,603.2,True,False,True,True,True,False,SKIP,18.3533
2026-08-12 11:09,HEG.NS,674.35,True,True,True,True,False,False,SKIP,22.9776
2026-08-12 11:09,HBLENGINE.NS,691.5,False,False,False,False,False,True,SKIP,21.1488
2026-08-12 11:09,HCLTECH.NS,1365.4,True,False,True,False,False,False,SKIP,33.5481
2026-08-12 11:09,HDBFS.NS,688.75,False,False,True,False,False,False,SKIP,16.4814
2026-08-12 11:09,HDFCAMC.NS,2490.0,False,False,False,False,False,True,SKIP,59.3825
2026-08-12 11:09,HDFCBANK.NS,729.0,False,False,False,False,False,True,SKIP,11.6667
2026-08-12 11:09,HDFCLIFE.NS,537.0,False,False,False,False,False,True,SKIP,10.6109
2026-08-12 11:09,HFCL.NS,221.52,True,False,True,True,False,False,SKIP,10.5153
2026-08-12 11:09,HAVELLS.NS,1265.0,True,False,True,True,False,False,SKIP,23.5021
2026-08-12 11:09,HEROMOTOCO.NS,5895.0,True,True,False,True,True,False,SKIP,132.5177
2026-08-12 11:09,HEXT.NS,566.95,True,False,True,False,False,False,SKIP,23.2707
2026-08-12 11:09,HSCL.NS,762.4,True,False,True,False,False,False,SKIP,27.2158
2026-08-12 11:09,HINDALCO.NS,1078.5,True,False,False,True,True,False,SKIP,24.354
2026-08-12 11:09,HAL.NS,4995.0,True,False,False,True,True,False,SKIP,109.331
2026-08-12 11:09,HINDCOPPER.NS,547.7,True,False,True,True,True,False,SKIP,18.48
2026-08-12 11:09,HINDPETRO.NS,390.0,False,False,True,False,True,False,SKIP,8.8908
2026-08-12 11:09,HINDUNILVR.NS,2063.0,False,False,True,False,False,False,SKIP,39.5231
2026-08-12 11:09,HINDZINC.NS,584.6,True,False,True,True,True,False,SKIP,15.5935
2026-08-12 11:09,POWERINDIA.NS,35800.0,True,False,True,True,True,False,SKIP,1310.5478
2026-08-12 11:09,HOMEFIRST.NS,1181.2,True,False,True,False,False,True,SKIP,34.4297
2026-08-12 11:09,HONASA.NS,467.4,True,False,True,True,True,False,SKIP,14.5861
2026-08-12 11:09,HONAUT.NS,37620.0,True,False,True,False,False,True,SKIP,882.2841
2026-08-12 11:09,HUDCO.NS,192.73,False,False,False,False,False,True,SKIP,5.1052
2026-08-12 11:09,HYUNDAI.NS,2240.0,True,True,False,True,False,False,SKIP,52.3359
2026-08-12 11:09,ICICIBANK.NS,1431.7,True,False,True,False,False,False,SKIP,23.9857
2026-08-12 11:09,ICICIGI.NS,1635.0,False,False,True,True,False,False,SKIP,48.4604
2026-08-12 11:09,ICICIAMC.NS,3074.6,False,False,True,True,False,True,SKIP,65.1604
2026-08-12 11:09,ICICIPRULI.NS,506.4,False,False,True,False,False,False,SKIP,11.9005
2026-08-12 11:09,IDBI.NS,82.46,False,False,True,False,False,True,SKIP,1.9794
2026-08-12 11:09,IDFCFIRSTB.NS,85.8,True,True,True,False,False,False,SKIP,1.7033
2026-08-12 11:09,IFCI.NS,73.51,True,False,True,True,False,False,SKIP,2.607
2026-08-12 11:09,IIFL.NS,625.75,True,True,True,True,False,False,SKIP,17.7155
2026-08-12 11:09,IRB.NS,19.33,False,False,False,False,False,True,SKIP,0.3728
2026-08-12 11:09,IRCON.NS,126.18,False,False,False,True,True,True,SKIP,2.8892
2026-08-12 11:09,ITCHOTELS.NS,168.32,True,False,True,True,False,False,SKIP,4.3962
2026-08-12 11:09,ITC.NS,276.15,False,False,False,False,False,True,SKIP,4.5184
2026-08-12 11:09,ITI.NS,283.5,False,False,True,True,False,False,SKIP,7.689
2026-08-12 11:09,INDGN.NS,565.4,True,False,True,True,False,False,SKIP,19.443
2026-08-12 11:09,INDIACEM.NS,385.5,False,False,True,False,False,False,SKIP,10.5466
2026-08-12 11:09,INDIAMART.NS,1784.6,False,False,True,True,False,False,SKIP,45.4023
2026-08-12 11:09,INDIANB.NS,897.0,True,False,True,True,False,False,SKIP,21.5125
2026-08-12 11:09,IEX.NS,125.95,True,False,True,False,False,False,SKIP,3.1779
2026-08-12 11:09,INDHOTEL.NS,724.0,True,False,True,False,False,True,SKIP,13.9096
2026-08-12 11:09,IOC.NS,140.6,False,False,True,False,False,False,SKIP,2.6958
2026-08-12 11:09,IOB.NS,33.84,False,False,True,False,False,True,SKIP,0.6957
2026-08-12 11:09,IRCTC.NS,513.55,True,False,True,True,False,False,SKIP,9.3381
2026-08-12 11:09,IRFC.NS,88.26,False,False,True,True,False,False,SKIP,1.3935
2026-08-12 11:09,IREDA.NS,117.8,False,False,False,False,False,True,SKIP,2.422
2026-08-12 11:09,IGL.NS,154.54,False,False,True,True,False,False,SKIP,2.9683
2026-08-12 11:09,INDUSTOWER.NS,383.4,False,False,True,True,True,False,SKIP,9.7011
2026-08-12 11:09,INDUSINDBK.NS,1017.5,True,False,True,False,False,False,SKIP,22.4656
2026-08-12 11:09,NAUKRI.NS,1339.0,True,True,False,True,False,False,SKIP,41.633
2026-08-12 11:09,INFY.NS,1176.1,True,False,True,True,False,False,SKIP,30.145
2026-08-12 11:09,INOXWIND.NS,74.0,False,False,False,True,False,True,SKIP,2.4113
2026-08-12 11:09,INTELLECT.NS,703.25,False,False,True,False,False,True,SKIP,25.8761
2026-08-12 11:09,INDIGO.NS,5333.0,True,False,True,False,False,False,SKIP,125.4163
2026-08-12 11:09,IGIL.NS,343.25,False,False,True,True,False,False,SKIP,12.3758
2026-08-12 11:09,IKS.NS,1785.6,True,False,True,False,False,False,SKIP,60.8946
2026-08-12 11:09,IPCALAB.NS,1766.6,True,False,True,False,False,False,SKIP,56.8296
2026-08-12 11:09,JKCEMENT.NS,5393.5,False,False,True,False,False,False,SKIP,137.7277
2026-08-12 11:09,JBMA.NS,627.35,False,False,False,False,True,True,SKIP,17.4167
2026-08-12 11:09,JKTYRE.NS,386.5,False,False,True,False,False,True,SKIP,11.8698
2026-08-12 11:09,JMFINANCIL.NS,129.67,True,False,True,True,False,False,SKIP,4.0028
2026-08-12 11:09,JSWCEMENT.NS,130.55,False,False,True,False,False,True,SKIP,3.1287
2026-08-12 11:09,JSWDULUX.NS,3099.4,True,False,True,True,True,False,SKIP,98.3311
2026-08-12 11:09,JSWENERGY.NS,558.75,True,False,True,True,False,False,SKIP,13.3056
2026-08-12 11:09,JSWINFRA.NS,346.6,True,False,True,True,True,False,SKIP,10.9841
2026-08-12 11:09,JSWSTEEL.NS,1269.1,True,False,True,True,False,False,SKIP,25.7249
2026-08-12 11:09,JAINREC.NS,303.0,False,False,False,False,False,True,SKIP,14.621
2026-08-12 11:09,JPPOWER.NS,17.73,False,False,True,True,False,False,SKIP,0.5576
2026-08-12 11:09,J&KBANK.NS,157.48,False,False,True,False,False,False,SKIP,6.9485
2026-08-12 11:09,JINDALSAW.NS,269.55,True,False,True,True,False,False,SKIP,8.8771
2026-08-12 11:09,JSL.NS,737.9,True,False,True,False,False,False,SKIP,17.3109
2026-08-12 11:09,JINDALSTEL.NS,1112.0,True,False,True,True,False,False,SKIP,25.0843
2026-08-12 11:09,JIOFIN.NS,256.05,True,False,True,True,False,False,SKIP,6.0401
2026-08-12 11:09,JUBLFOOD.NS,484.7,True,False,True,True,False,False,SKIP,13.8218
2026-08-12 11:09,JUBLINGREA.NS,716.2,True,False,True,False,False,True,SKIP,26.061
2026-08-12 11:09,JUBLPHARMA.NS,890.6,False,False,False,False,True,True,SKIP,35.3845
2026-08-12 11:09,JWL.NS,259.05,False,False,True,True,False,False,SKIP,7.3359
2026-08-12 11:09,JYOTICNC.NS,818.85,True,True,True,False,False,False,SKIP,33.8311
2026-08-12 11:09,KPRMILL.NS,1088.7,True,False,True,True,False,False,SKIP,38.2845
2026-08-12 11:09,KEI.NS,5754.0,True,False,False,True,False,False,SKIP,150.4854
2026-08-12 11:09,KPITTECH.NS,609.2,False,False,True,True,False,False,SKIP,21.6813
2026-08-12 11:09,KAJARIACER.NS,1252.2,True,False,True,False,True,False,SKIP,33.2218
2026-08-12 11:09,KPIL.NS,1396.8,True,False,True,True,True,False,SKIP,42.4043
2026-08-12 11:09,KALYANKJIL.NS,596.7,True,False,True,False,False,False,SKIP,25.645
2026-08-12 11:09,KARURVYSYA.NS,338.8,True,False,True,False,False,False,SKIP,9.1257
2026-08-12 11:09,KAYNES.NS,3828.0,True,False,True,True,False,False,SKIP,146.2386
2026-08-12 11:10,KEC.NS,441.8,False,False,False,False,True,True,SKIP,13.2009
2026-08-12 11:10,KFINTECH.NS,922.0,True,False,True,False,False,False,SKIP,25.6467
2026-08-12 11:10,KIRLOSENG.NS,2053.4,False,False,False,False,False,True,SKIP,106.6453
2026-08-12 11:10,KOTAKBANK.NS,390.5,True,False,True,True,False,False,SKIP,7.2525
2026-08-12 11:10,KIMS.NS,803.95,True,False,True,True,False,False,SKIP,20.7134
2026-08-12 11:10,LTF.NS,317.2,True,False,True,False,False,False,SKIP,8.8989
2026-08-12 11:10,LTTS.NS,3578.9,True,False,True,True,False,False,SKIP,110.6697
2026-08-12 11:10,LGEINDIA.NS,1578.8,True,False,True,True,False,False,SKIP,33.9513
2026-08-12 11:10,LICHSGFIN.NS,508.0,False,False,False,False,False,True,SKIP,10.3683
2026-08-12 11:10,LTFOODS.NS,426.7,True,False,True,True,False,False,SKIP,11.3836
2026-08-12 11:10,LTM.NS,4762.1,True,False,True,True,False,False,SKIP,141.9693
2026-08-12 11:10,LT.NS,4020.0,True,False,True,True,True,False,SKIP,62.0278
2026-08-12 11:10,LATENTVIEW.NS,290.05,False,False,True,False,False,True,SKIP,10.1495
2026-08-12 11:10,LAURUSLABS.NS,1850.0,True,True,False,True,False,False,SKIP,38.8344
2026-08-12 11:10,THELEELA.NS,499.75,True,False,True,True,False,False,SKIP,18.4195
2026-08-12 11:10,LEMONTREE.NS,109.16,False,False,True,False,False,True,SKIP,2.7522
2026-08-12 11:10,LENSKART.NS,586.45,True,True,True,True,True,False,TAKE,14.5014
2026-08-12 11:10,LICI.NS,417.0,True,False,True,False,True,False,SKIP,10.3462
2026-08-12 11:10,LINDEINDIA.NS,6777.5,False,False,True,True,True,True,SKIP,195.9885
2026-08-12 11:10,LLOYDSME.NS,1893.6,True,True,True,False,True,False,SKIP,67.9854
2026-08-12 11:10,LODHA.NS,1209.0,True,True,True,False,False,False,SKIP,41.4346
2026-08-12 11:10,LUPIN.NS,2281.0,False,False,False,False,False,True,SKIP,56.5009
2026-08-12 11:10,MMTC.NS,64.43,False,False,True,True,True,False,SKIP,1.8436
2026-08-12 11:10,MRF.NS,130785.0,False,False,True,False,False,True,SKIP,2161.0174
2026-08-12 11:10,MGL.NS,1118.5,True,False,True,True,False,False,SKIP,30.0125
2026-08-12 11:10,M&MFIN.NS,395.85,True,True,True,True,False,False,SKIP,15.7311
2026-08-12 11:10,M&M.NS,3403.6,True,False,True,True,False,False,SKIP,76.9455
2026-08-12 11:10,MANAPPURAM.NS,352.6,True,False,True,False,True,False,SKIP,11.7595
2026-08-12 11:10,MRPL.NS,175.38,True,False,True,True,False,False,SKIP,7.88
2026-08-12 11:10,MANKIND.NS,2433.1,False,False,True,False,True,True,SKIP,60.2503
2026-08-12 11:10,MARICO.NS,855.0,True,False,True,False,False,False,SKIP,17.2586
2026-08-12 11:10,MARUTI.NS,13875.0,True,False,True,True,False,False,SKIP,263.3115
2026-08-12 11:10,MFSL.NS,1516.0,False,False,True,True,False,False,SKIP,38.7336
2026-08-12 11:10,MAXHEALTH.NS,1007.5,False,False,False,False,True,True,SKIP,27.0542
2026-08-12 11:10,MAZDOCK.NS,2552.0,True,False,True,True,False,False,SKIP,63.7912
2026-08-12 11:10,MEESHO.NS,191.89,True,False,True,True,False,False,SKIP,6.5328
2026-08-12 11:10,MINDACORP.NS,736.3,True,False,True,True,True,False,SKIP,22.6314
2026-08-12 11:10,MSUMI.NS,41.04,True,False,True,False,False,False,SKIP,1.1161
2026-08-12 11:10,MOTILALOFS.NS,901.0,True,False,True,True,False,False,SKIP,25.4563
2026-08-12 11:10,MPHASIS.NS,2537.6,True,False,True,True,False,False,SKIP,78.0376
2026-08-12 11:10,MCX.NS,2970.1,True,False,True,True,True,False,SKIP,93.2144
2026-08-12 11:10,MUTHOOTFIN.NS,2876.3,False,False,False,False,False,False,SKIP,89.3417
2026-08-12 11:10,NATCOPHARM.NS,915.3,False,False,True,False,False,True,SKIP,22.6543
2026-08-12 11:10,NBCC.NS,92.17,False,False,False,True,True,True,SKIP,2.1692
2026-08-12 11:10,NCC.NS,143.41,False,False,True,True,False,False,SKIP,3.5663
2026-08-12 11:10,NHPC.NS,76.85,False,False,True,False,False,True,SKIP,1.6258
2026-08-12 11:10,NLCINDIA.NS,276.75,False,False,False,False,True,True,SKIP,9.2501
2026-08-12 11:10,NMDC.NS,85.9,True,False,True,True,False,False,SKIP,1.6903
2026-08-12 11:10,NSLNISP.NS,44.0,True,False,True,True,False,False,SKIP,1.0376
2026-08-12 11:10,NTPCGREEN.NS,92.46,False,False,True,True,False,False,SKIP,1.9365
2026-08-12 11:10,NTPC.NS,339.45,False,False,True,False,False,True,SKIP,6.0678
2026-08-12 11:10,NH.NS,1831.3,False,False,False,False,False,True,SKIP,48.8552
2026-08-12 11:10,NATIONALUM.NS,420.0,True,False,False,True,True,False,SKIP,11.9329
2026-08-12 11:10,NAVA.NS,589.2,True,False,True,True,True,False,SKIP,17.3291
2026-08-12 11:10,NAVINFLUOR.NS,8356.5,True,False,True,True,False,False,SKIP,276.3097
2026-08-12 11:10,NESTLEIND.NS,1507.0,True,False,True,False,False,False,SKIP,34.8233
2026-08-12 11:10,NETWEB.NS,4837.4,True,False,True,True,False,False,SKIP,189.5844
2026-08-12 11:10,NEULANDLAB.NS,22510.0,True,True,True,True,False,False,SKIP,849.9823
2026-08-12 11:10,NEWGEN.NS,535.2,True,False,True,False,False,False,SKIP,26.3804
2026-08-12 11:10,NAM-INDIA.NS,1182.3,True,False,True,True,False,False,SKIP,31.8157
2026-08-12 11:10,NIVABUPA.NS,84.09,False,False,True,False,False,True,SKIP,2.0316
2026-08-12 11:10,NUVAMA.NS,1696.7,False,False,True,False,False,False,SKIP,71.1828
2026-08-12 11:10,NUVOCO.NS,333.9,False,False,True,False,False,True,SKIP,11.9352
2026-08-12 11:10,OBEROIRLTY.NS,1799.9,True,False,True,False,False,True,SKIP,43.621
2026-08-12 11:10,ONGC.NS,239.05,False,False,True,False,False,True,SKIP,4.3062
2026-08-12 11:10,OIL.NS,472.0,True,False,True,True,False,False,SKIP,12.7776
2026-08-12 11:10,OLAELEC.NS,39.86,True,False,True,True,False,False,SKIP,1.6144
2026-08-12 11:10,OLECTRA.NS,1383.6,True,False,True,True,False,False,SKIP,36.8383
2026-08-12 11:10,PAYTM.NS,1610.0,True,True,False,True,False,False,SKIP,52.1
2026-08-12 11:10,ONESOURCE.NS,1539.2,False,False,False,False,False,True,SKIP,66.8694
2026-08-12 11:10,OFSS.NS,11679.0,True,False,True,True,False,False,SKIP,377.5723
2026-08-12 11:10,POLICYBZR.NS,1739.0,True,False,True,True,False,False,SKIP,53.1714
2026-08-12 11:10,PCBL.NS,316.45,True,False,True,False,False,False,SKIP,13.257
2026-08-12 11:10,PGEL.NS,614.65,True,False,True,False,False,False,SKIP,21.2903
2026-08-12 11:10,PIIND.NS,2483.0,False,False,False,False,True,True,SKIP,72.6999
2026-08-12 11:10,PNBHOUSING.NS,1157.6,True,False,True,True,False,False,SKIP,35.153
2026-08-12 11:10,PTCIL.NS,18895.0,True,False,True,True,False,False,SKIP,492.6538
2026-08-12 11:10,PVRINOX.NS,1189.5,True,True,False,True,False,False,SKIP,37.3471
2026-08-12 11:10,PAGEIND.NS,38295.0,False,False,False,False,False,True,SKIP,931.6424
2026-08-12 11:10,PARADEEP.NS,147.18,True,False,True,True,False,False,SKIP,5.4093
2026-08-12 11:10,PATANJALI.NS,352.6,False,True,False,True,False,False,SKIP,10.7777
2026-08-12 11:10,PERSISTENT.NS,5474.0,True,False,True,True,False,False,SKIP,157.7349
2026-08-12 11:10,PETRONET.NS,279.85,True,False,True,True,False,False,SKIP,5.8295
2026-08-12 11:10,PFIZER.NS,5017.6,True,False,False,True,True,False,SKIP,105.4642
2026-08-12 11:10,PHOENIXLTD.NS,1905.0,False,False,True,False,False,True,SKIP,49.7721
2026-08-12 11:10,PWL.NS,123.9,False,False,True,False,False,True,SKIP,5.6646
2026-08-12 11:10,PIDILITIND.NS,1701.5,True,False,True,True,True,False,SKIP,32.7904
2026-08-12 11:10,PINELABS.NS,169.93,True,False,True,True,False,False,SKIP,7.5302
2026-08-12 11:10,PIRAMALFIN.NS,2073.3,True,False,True,False,False,False,SKIP,62.8949
2026-08-12 11:10,PPLPHARMA.NS,210.24,True,True,False,True,False,False,SKIP,7.4532
2026-08-12 11:10,POLYMED.NS,1869.4,True,False,False,True,True,False,SKIP,64.9503
2026-08-12 11:10,POLYCAB.NS,9289.0,True,False,True,True,False,False,SKIP,204.8702
2026-08-12 11:10,POONAWALLA.NS,484.1,True,False,True,False,False,False,SKIP,14.83
2026-08-12 11:10,PFC.NS,376.5,False,False,False,False,True,True,SKIP,9.7769
2026-08-12 11:10,POWERGRID.NS,269.45,False,False,False,False,False,True,SKIP,5.1699
2026-08-12 11:10,PREMIERENE.NS,1026.1,False,False,True,True,False,False,SKIP,31.5619
2026-08-12 11:10,PRESTIGE.NS,1590.7,True,False,True,False,False,True,SKIP,53.8701
2026-08-12 11:10,PFOCUS.NS,268.0,False,True,True,False,False,True,SKIP,13.9583
2026-08-12 11:10,PNB.NS,118.98,True,False,False,True,True,False,SKIP,2.2227
2026-08-12 11:10,RRKABEL.NS,2789.6,True,True,False,True,False,False,SKIP,100.8001
2026-08-12 11:10,RBLBANK.NS,389.8,True,False,True,True,False,False,SKIP,8.6674
2026-08-12 11:10,RECLTD.NS,346.0,False,False,False,False,True,True,SKIP,8.4104
2026-08-12 11:10,RHIM.NS,385.9,False,False,True,False,True,True,SKIP,16.4986
2026-08-12 11:10,RITES.NS,223.55,True,False,True,True,False,False,SKIP,6.6764
2026-08-12 11:10,RADICO.NS,4533.0,True,True,False,True,False,False,SKIP,105.2866
2026-08-12 11:10,RVNL.NS,230.0,False,False,True,True,True,False,SKIP,5.3192
2026-08-12 11:10,RAILTEL.NS,285.8,False,False,False,True,False,True,SKIP,6.7513
2026-08-12 11:10,RAINBOW.NS,1482.0,True,False,True,False,False,False,SKIP,40.7474
2026-08-12 11:10,RKFORGE.NS,743.3,True,True,False,True,False,False,SKIP,24.6751
2026-08-12 11:10,REDINGTON.NS,339.4,True,True,True,True,False,False,SKIP,14.6304
2026-08-12 11:10,RELIANCE.NS,1329.0,True,False,True,True,False,False,SKIP,22.1673
2026-08-12 11:10,RPOWER.NS,23.38,False,False,False,True,False,True,SKIP,0.7259
2026-08-12 11:10,SBFC.NS,94.01,True,False,True,True,True,False,SKIP,2.1084
2026-08-12 11:10,SBICARD.NS,656.6,True,False,True,False,False,False,SKIP,14.5856
2026-08-12 11:10,SBILIFE.NS,1830.0,False,False,True,False,False,True,SKIP,37.1704
2026-08-12 11:10,SJVN.NS,67.11,False,False,False,True,False,True,SKIP,1.1815
2026-08-12 11:10,SRF.NS,2585.0,False,False,False,False,False,True,SKIP,62.0536
2026-08-12 11:10,SAGILITY.NS,43.31,True,False,True,False,False,False,SKIP,1.3988
2026-08-12 11:10,SAILIFE.NS,1463.6,True,False,False,True,False,False,SKIP,46.6003
2026-08-12 11:10,SAMMAANCAP.NS,160.79,False,False,True,True,False,False,SKIP,4.7829
2026-08-12 11:10,MOTHERSON.NS,169.5,True,False,False,True,False,False,SKIP,4.8926
2026-08-12 11:10,SAPPHIRE.NS,231.74,True,False,False,True,False,False,SKIP,10.8431
2026-08-12 11:10,SARDAEN.NS,489.45,False,False,False,False,False,True,SKIP,13.1267
2026-08-12 11:10,SAREGAMA.NS,516.05,True,False,True,False,False,False,SKIP,23.6865
2026-08-12 11:10,SCHAEFFLER.NS,4125.8,True,False,True,True,False,False,SKIP,104.7349
2026-08-12 11:10,SCHNEIDER.NS,1431.9,True,False,True,True,True,False,SKIP,58.579
2026-08-12 11:10,SCI.NS,298.8,True,False,True,True,False,False,SKIP,9.934
2026-08-12 11:10,SHREECEM.NS,25570.0,False,False,True,False,False,True,SKIP,571.1517
2026-08-12 11:10,SHRIRAMFIN.NS,1117.2,True,False,True,True,False,False,SKIP,28.9288
2026-08-12 11:10,SHYAMMETL.NS,986.6,True,False,True,False,False,True,SKIP,26.6243
2026-08-12 11:10,ENRIN.NS,3562.1,True,False,True,True,False,False,SKIP,139.6629
2026-08-12 11:10,SIEMENS.NS,4019.0,True,False,False,True,True,False,SKIP,108.4482
2026-08-12 11:10,SIGNATURE.NS,807.95,True,False,True,True,False,False,SKIP,26.1558
2026-08-12 11:10,SOBHA.NS,1333.7,False,False,False,False,False,True,SKIP,38.8796
2026-08-12 11:10,SOLARINDS.NS,18730.0,True,False,True,True,False,False,SKIP,474.3445
2026-08-12 11:10,SONACOMS.NS,804.5,True,True,False,True,False,False,SKIP,22.9434
2026-08-12 11:10,SONATSOFTW.NS,323.45,True,False,True,True,False,False,SKIP,16.0751
2026-08-12 11:10,STARHEALTH.NS,583.25,True,False,True,False,False,False,SKIP,16.9689
2026-08-12 11:10,SBIN.NS,1082.0,True,False,True,True,True,False,SKIP,21.7705
2026-08-12 11:10,SAIL.NS,174.0,True,False,True,True,False,False,SKIP,5.4221
2026-08-12 11:10,SUMICHEM.NS,547.35,True,False,True,True,False,False,SKIP,20.425
2026-08-12 11:10,SUNPHARMA.NS,1944.0,True,False,True,False,False,True,SKIP,31.8539
2026-08-12 11:10,SUNTV.NS,478.2,False,False,False,False,False,True,SKIP,11.0371
2026-08-12 11:10,SUNDARMFIN.NS,4473.4,False,False,True,False,False,True,SKIP,131.4455
2026-08-12 11:10,SUPREMEIND.NS,3459.9,True,False,True,True,False,False,SKIP,92.9606
2026-08-12 11:10,SPLPETRO.NS,725.65,True,False,True,False,True,False,SKIP,24.4675
2026-08-12 11:10,SUZLON.NS,47.35,False,False,False,False,False,False,SKIP,1.3125
2026-08-12 11:10,SWANCORP.NS,307.7,False,False,True,True,True,True,SKIP,7.0898
2026-08-12 11:10,SWIGGY.NS,279.35,True,False,True,False,False,False,SKIP,11.3225
2026-08-12 11:10,SYNGENE.NS,408.65,False,False,True,True,False,False,SKIP,12.4514
2026-08-12 11:10,SYRMA.NS,1473.3,True,False,True,True,False,False,SKIP,56.3858
2026-08-12 11:10,TBOTEK.NS,1596.6,True,False,True,True,False,False,SKIP,59.1835
2026-08-12 11:10,TVSMOTOR.NS,4375.0,True,True,True,True,False,False,SKIP,97.1119
2026-08-12 11:10,TATACAP.NS,367.05,True,False,True,True,False,False,SKIP,10.3183
2026-08-12 11:10,TATACHEM.NS,673.15,False,False,True,True,True,True,SKIP,17.7196
2026-08-12 11:10,TATACOMM.NS,1736.2,False,True,False,True,False,False,SKIP,52.6655
2026-08-12 11:10,TCS.NS,2349.7,True,False,True,False,True,False,SKIP,70.0151
2026-08-12 11:10,TATACONSUM.NS,1061.9,False,False,True,False,False,True,SKIP,23.947
2026-08-12 11:10,TATAELXSI.NS,3711.9,False,False,True,True,False,False,SKIP,96.5627
2026-08-12 11:10,TATAINVEST.NS,680.65,True,False,True,True,True,False,SKIP,17.8315
2026-08-12 11:10,TMCV.NS,457.05,True,False,True,True,False,False,SKIP,12.4684
2026-08-12 11:10,TMPV.NS,343.0,False,False,True,True,True,False,SKIP,7.8241
2026-08-12 11:10,TATAPOWER.NS,379.45,False,False,True,True,True,False,SKIP,6.0469
2026-08-12 11:10,TATASTEEL.NS,186.2,False,False,True,True,True,False,SKIP,3.8909
2026-08-12 11:10,TATATECH.NS,842.1,True,False,True,True,False,False,SKIP,30.7071
2026-08-12 11:10,TTML.NS,38.17,False,False,False,False,False,True,SKIP,1.1099
2026-08-12 11:10,TECHM.NS,1625.0,True,False,True,False,False,False,SKIP,40.0616
2026-08-12 11:10,TECHNOE.NS,983.05,False,False,True,True,True,True,SKIP,34.461
2026-08-12 11:10,TEGA.NS,1628.1,False,False,True,True,False,False,SKIP,52.5145
2026-08-12 11:10,TEJASNET.NS,527.25,False,False,True,True,False,False,SKIP,20.0017
2026-08-12 11:10,TENNIND.NS,540.65,False,False,True,True,True,True,SKIP,19.2623
2026-08-12 11:10,NIACL.NS,181.09,True,False,True,True,False,False,SKIP,6.479
2026-08-12 11:10,RAMCOCEM.NS,918.55,False,False,True,False,False,True,SKIP,27.0753
2026-08-12 11:10,THERMAX.NS,4083.3,False,True,False,False,False,False,SKIP,175.3756
2026-08-12 11:10,TIMKEN.NS,3235.0,False,False,True,True,False,False,SKIP,90.847
2026-08-12 11:10,TITAGARH.NS,833.55,False,False,True,True,False,False,SKIP,23.2365
2026-08-12 11:10,TITAN.NS,5099.0,True,True,False,True,False,False,SKIP,99.0885
2026-08-12 11:10,TORNTPHARM.NS,4893.0,True,False,True,False,False,False,SKIP,124.0586
2026-08-12 11:10,TORNTPOWER.NS,1319.0,False,False,False,False,False,True,SKIP,32.8365
2026-08-12 11:10,TARIL.NS,292.45,False,False,False,True,False,True,SKIP,9.4662
2026-08-12 11:10,TRAVELFOOD.NS,1390.1,True,False,True,True,False,False,SKIP,47.4123
2026-08-12 11:10,TRENT.NS,2987.0,True,False,True,True,False,False,SKIP,76.4722
2026-08-12 11:10,TRIDENT.NS,24.66,False,False,True,False,False,True,SKIP,0.4876
2026-08-12 11:10,TRITURBINE.NS,586.75,False,False,False,False,False,True,SKIP,22.6356
2026-08-12 11:10,TIINDIA.NS,2839.0,False,False,True,True,True,False,SKIP,83.0887
2026-08-12 11:10,UCOBANK.NS,26.17,False,False,True,False,False,False,SKIP,0.5445
2026-08-12 11:10,UNOMINDA.NS,1232.4,True,False,True,True,False,False,SKIP,31.9136
2026-08-12 11:10,UPL.NS,570.5,False,False,False,False,False,True,SKIP,13.6232
2026-08-12 11:10,UTIAMC.NS,917.1,False,False,True,False,False,False,SKIP,19.689
2026-08-12 11:10,ULTRACEMCO.NS,11891.0,True,False,True,False,False,False,SKIP,213.8915
2026-08-12 11:10,UNIONBANK.NS,187.0,True,False,True,True,True,False,SKIP,4.9971
2026-08-12 11:10,UBL.NS,1388.3,True,False,True,False,False,False,SKIP,31.561
2026-08-12 11:10,UNITDSPR.NS,1535.0,True,True,True,True,False,False,SKIP,30.1243
2026-08-12 11:10,URBANCO.NS,139.05,True,True,True,True,False,False,SKIP,5.2629
2026-08-12 11:10,USHAMART.NS,502.9,True,False,True,False,False,False,SKIP,13.394
2026-08-12 11:10,VTL.NS,591.9,False,False,True,False,False,True,SKIP,19.2534
2026-08-12 11:10,VBL.NS,440.5,False,True,False,True,False,False,SKIP,11.5068
2026-08-12 11:10,VEDL.NS,275.8,False,False,True,True,False,False,SKIP,7.8604
2026-08-12 11:10,VIJAYA.NS,1510.6,True,False,False,True,True,False,SKIP,56.9347
2026-08-12 11:10,VMM.NS,108.0,False,False,True,True,False,True,SKIP,3.0275
2026-08-12 11:10,IDEA.NS,13.5,True,False,True,True,True,False,SKIP,0.3845
2026-08-12 11:10,VOLTAS.NS,1290.0,False,False,True,False,True,True,SKIP,33.106
2026-08-12 11:10,WAAREEENER.NS,2668.0,False,True,False,True,False,False,SKIP,63.816
2026-08-12 11:10,WELCORP.NS,1867.6,True,True,False,True,False,False,SKIP,52.861
2026-08-12 11:10,WELSPUNLIV.NS,165.23,True,False,True,False,True,False,SKIP,5.8467
2026-08-12 11:10,WHIRLPOOL.NS,790.15,False,False,True,True,False,False,SKIP,24.0248
2026-08-12 11:10,WIPRO.NS,183.94,True,False,True,True,False,False,SKIP,3.7512
2026-08-12 11:10,WOCKPHARMA.NS,1847.4,False,False,True,False,False,True,SKIP,72.98
2026-08-12 11:10,YESBANK.NS,22.98,False,False,True,True,False,False,SKIP,0.3776
2026-08-12 11:10,ZFCVINDIA.NS,2613.4,True,True,True,True,False,False,SKIP,78.3664
2026-08-12 11:10,ZEEL.NS,97.52,False,False,True,False,True,False,SKIP,5.1721
2026-08-12 11:10,ZENTEC.NS,1824.3,True,False,True,True,False,False,SKIP,63.3798
2026-08-12 11:10,ZENSARTECH.NS,494.45,True,False,True,False,False,True,SKIP,19.108
2026-08-12 11:10,ZYDUSLIFE.NS,1205.0,True,False,False,True,True,False,SKIP,29.4914
2026-08-12 11:10,ZYDUSWELL.NS,507.55,False,False,False,False,False,True,SKIP,20.8608
2026-08-12 11:10,ECLERX.NS,1810.2,True,False,True,False,False,False,SKIP,89.1972
2026-08-12 17:11,360ONE.NS,1161.0,True,False,True,True,False,False,SKIP,31.8768
2026-08-12 17:11,3MINDIA.NS,35935.0,True,False,True,False,False,False,SKIP,798.324
2026-08-12 17:11,ABB.NS,7710.0,True,False,True,True,False,False,SKIP,200.0586
2026-08-12 17:11,ACC.NS,1332.8,False,False,True,False,False,True,SKIP,28.502
2026-08-12 17:11,ACMESOLAR.NS,372.6,True,False,True,False,False,False,SKIP,13.614
2026-08-12 17:11,AIAENG.NS,4523.0,False,False,True,False,True,True,SKIP,150.9415
2026-08-12 17:11,APLAPOLLO.NS,1997.1,True,False,True,True,False,False,SKIP,46.5453
2026-08-12 17:11,AUBANK.NS,1091.4,True,False,True,True,False,False,SKIP,27.0554
2026-08-12 17:11,AWL.NS,194.24,True,False,True,True,False,False,SKIP,4.9134
2026-08-12 17:11,AADHARHFC.NS,502.0,False,False,True,False,False,False,SKIP,14.1123
2026-08-12 17:11,AARTIIND.NS,530.9,True,False,True,True,True,False,SKIP,15.943
2026-08-12 17:11,AAVAS.NS,1416.2,False,False,True,False,False,False,SKIP,47.0773
2026-08-12 17:11,ABBOTINDIA.NS,28140.0,True,True,True,False,True,False,SKIP,456.0629
2026-08-12 17:11,ACE.NS,1096.1,True,False,True,True,False,False,SKIP,41.4802
2026-08-12 17:11,ACUTAAS.NS,3153.4,False,False,True,False,False,True,SKIP,132.6471
2026-08-12 17:11,ADANIENSOL.NS,1599.0,True,False,True,False,False,True,SKIP,48.4467
2026-08-12 17:11,ADANIENT.NS,2985.7,True,False,True,False,False,True,SKIP,67.1046
2026-08-12 17:11,ADANIGREEN.NS,1332.3,False,False,False,False,False,True,SKIP,44.4726
2026-08-12 17:11,ADANIPORTS.NS,1665.0,False,False,False,False,False,True,SKIP,35.4392
2026-08-12 17:11,ADANIPOWER.NS,206.99,False,False,False,False,False,True,SKIP,5.2447
2026-08-12 17:11,ATGL.NS,660.35,False,False,True,True,False,True,SKIP,17.366
2026-08-12 17:11,ABCAPITAL.NS,410.95,True,False,True,False,False,False,SKIP,10.9996
2026-08-12 17:11,ABFRL.NS,57.16,False,False,True,True,False,True,SKIP,2.2951
2026-08-12 17:11,ABLBL.NS,90.29,False,False,False,False,False,True,SKIP,2.2729
2026-08-12 17:11,ABREL.NS,1375.4,True,False,True,False,False,True,SKIP,42.47
2026-08-12 17:11,ABSLAMC.NS,1038.6,False,False,True,True,False,False,SKIP,33.6427
2026-08-12 17:11,CPPLUS.NS,3899.1,True,False,True,True,True,False,SKIP,152.4663
2026-08-12 17:11,AEGISLOG.NS,1264.5,True,False,True,False,False,True,SKIP,77.3471
2026-08-12 17:11,AEGISVOPAK.NS,273.55,True,False,True,False,False,True,SKIP,14.2286
2026-08-12 17:11,AFCONS.NS,267.95,False,False,False,False,True,True,SKIP,10.4167
2026-08-12 17:11,AFFLE.NS,1672.9,True,False,True,True,False,False,SKIP,63.0425
2026-08-12 17:11,AJANTPHARM.NS,3541.0,True,False,True,True,False,False,SKIP,92.9235
2026-08-12 17:11,ALKEM.NS,5480.0,False,False,True,False,False,True,SKIP,124.6515
2026-08-12 17:11,ABDL.NS,614.15,True,False,True,False,True,False,SKIP,23.6884
2026-08-12 17:11,ARE&M.NS,969.4,True,False,True,True,True,False,SKIP,32.6366
2026-08-12 17:11,AMBER.NS,6985.0,False,False,False,False,True,True,SKIP,213.4157
2026-08-12 17:11,AMBUJACEM.NS,421.0,False,False,True,False,True,True,SKIP,10.2505
2026-08-12 17:11,ANANDRATHI.NS,2189.0,True,False,False,True,True,False,SKIP,49.9541
2026-08-12 17:11,ANANTRAJ.NS,614.65,True,False,True,False,False,False,SKIP,19.8376
2026-08-12 17:11,ANGELONE.NS,291.0,False,False,False,False,False,True,SKIP,8.7996
2026-08-12 17:11,ANTHEM.NS,878.4,True,False,False,True,False,False,SKIP,25.2491
2026-08-12 17:11,ANURAS.NS,1204.4,False,True,False,True,False,True,SKIP,20.02
2026-08-12 17:11,APARINDS.NS,18000.0,True,False,False,True,True,False,SKIP,736.1017
2026-08-12 17:11,APOLLOHOSP.NS,8597.0,False,False,False,False,True,True,SKIP,162.731
2026-08-12 17:11,APOLLOTYRE.NS,445.15,True,False,True,True,False,False,SKIP,10.4035
2026-08-12 17:11,APTUS.NS,254.75,False,False,False,False,True,True,SKIP,8.3477
2026-08-12 17:11,ASAHIINDIA.NS,891.5,True,False,True,True,False,False,SKIP,24.6517
2026-08-12 17:11,ASHOKLEY.NS,176.7,True,False,True,True,False,False,SKIP,4.3403
2026-08-12 17:11,ASIANPAINT.NS,2740.0,True,False,True,False,False,False,SKIP,55.6605
2026-08-12 17:11,ASTERDM.NS,827.95,True,False,True,True,False,False,SKIP,28.1618
2026-08-12 17:11,ASTRAL.NS,1464.0,True,False,True,True,False,False,SKIP,33.1091
2026-08-12 17:11,ATHERENERG.NS,1569.4,True,True,False,True,False,False,SKIP,64.4873
2026-08-12 17:11,ATUL.NS,6896.5,True,False,True,True,False,False,SKIP,181.0482
2026-08-12 17:11,AUROPHARMA.NS,1667.0,True,False,True,True,False,False,SKIP,39.8416
2026-08-12 17:11,AIIL.NS,554.8,True,True,True,True,False,False,SKIP,22.5738
2026-08-12 17:11,DMART.NS,4040.0,False,False,True,True,False,False,SKIP,96.3414
2026-08-12 17:11,AXISBANK.NS,1230.0,False,False,False,True,False,True,SKIP,22.9678
2026-08-12 17:11,BEML.NS,1900.6,True,False,True,True,True,False,SKIP,63.9214
2026-08-12 17:11,BLS.NS,262.88,True,False,True,True,False,False,SKIP,8.1689
2026-08-12 17:11,BSE.NS,3527.0,False,False,True,True,True,False,SKIP,108.8442
2026-08-12 17:11,BAJAJ-AUTO.NS,11700.0,True,True,True,True,False,False,SKIP,233.8984
2026-08-12 17:11,BAJFINANCE.NS,1094.2,True,False,True,False,False,False,SKIP,29.1932
2026-08-12 17:11,BAJAJFINSV.NS,2020.5,True,False,True,False,False,False,SKIP,45.8415
2026-08-12 17:11,BAJAJHLDNG.NS,11579.0,True,False,True,True,False,False,SKIP,241.1776
2026-08-12 17:11,BAJAJHFL.NS,84.76,False,False,True,False,False,True,SKIP,1.4437
2026-08-12 17:11,BALKRISIND.NS,2496.9,True,False,True,True,False,False,SKIP,86.3837
2026-08-12 17:11,BALRAMCHIN.NS,604.7,True,True,True,False,True,True,TAKE,24.0758
2026-08-12 17:11,BANDHANBNK.NS,176.0,False,False,True,True,False,False,SKIP,6.1302
2026-08-12 17:11,BANKBARODA.NS,251.0,False,False,True,True,False,False,SKIP,5.3674
2026-08-12 17:11,BANKINDIA.NS,145.5,True,False,True,True,False,False,SKIP,3.6061
2026-08-12 17:11,MAHABANK.NS,81.87,True,False,True,True,True,False,SKIP,2.1287
2026-08-12 17:11,BATAINDIA.NS,715.15,True,False,True,True,True,False,SKIP,21.9923
2026-08-12 17:11,BAYERCROP.NS,4114.6,False,False,True,False,False,False,SKIP,77.2351
2026-08-12 17:11,BELRISE.NS,261.35,True,False,False,True,True,False,SKIP,7.4333
2026-08-12 17:11,BERGEPAINT.NS,559.8,True,False,True,True,True,False,SKIP,16.68
2026-08-12 17:11,BDL.NS,1340.0,True,False,True,True,True,False,SKIP,32.951
2026-08-12 17:11,BEL.NS,405.7,False,False,True,True,False,False,SKIP,7.0569
2026-08-12 17:11,BHARATFORG.NS,2081.5,False,False,True,False,True,True,SKIP,65.5535
2026-08-12 17:11,BHEL.NS,420.0,True,False,True,False,False,False,SKIP,12.2295
2026-08-12 17:11,BPCL.NS,317.0,True,False,True,False,False,False,SKIP,6.8526
2026-08-12 17:11,BHARTIARTL.NS,1945.0,True,False,True,False,True,False,SKIP,34.3704
2026-08-12 17:11,BHARTIHEXA.NS,1486.0,False,False,False,False,True,True,SKIP,45.618
2026-08-12 17:11,BIKAJI.NS,609.6,False,False,False,False,True,True,SKIP,14.3888
2026-08-12 17:11,GROWW.NS,197.28,True,False,True,False,False,False,SKIP,5.6103
2026-08-12 17:11,BIOCON.NS,427.4,True,False,True,False,False,True,SKIP,10.1224
2026-08-12 17:11,BSOFT.NS,313.3,True,False,True,True,False,False,SKIP,11.2908
2026-08-12 17:11,BLUEDART.NS,5093.0,True,False,True,False,False,False,SKIP,152.1979
2026-08-12 17:11,BLUEJET.NS,587.1,True,True,True,False,False,False,SKIP,22.9671
2026-08-12 17:11,BLUESTARCO.NS,1490.0,False,False,False,False,False,True,SKIP,54.203
2026-08-12 17:11,BBTC.NS,1490.9,False,False,True,True,False,False,SKIP,29.1402
2026-08-12 17:11,BOSCHLTD.NS,46480.0,True,False,False,True,True,False,SKIP,1115.1204
2026-08-12 17:11,FIRSTCRY.NS,214.47,False,False,True,True,False,False,SKIP,4.8219
2026-08-12 17:11,BRIGADE.NS,592.95,True,False,True,True,False,False,SKIP,19.3133
2026-08-12 17:11,BRITANNIA.NS,5645.5,True,False,True,True,False,False,SKIP,108.1395
2026-08-12 17:11,MAPMYINDIA.NS,996.2,False,False,True,False,False,True,SKIP,56.8631
2026-08-12 17:11,CCL.NS,1135.5,False,False,True,False,False,True,SKIP,31.7481
2026-08-12 17:11,CESC.NS,162.43,False,False,True,True,False,True,SKIP,3.378
2026-08-12 17:11,CGPOWER.NS,888.0,True,False,True,True,False,False,SKIP,25.5047
2026-08-12 17:11,CIEINDIA.NS,411.7,False,False,False,False,False,True,SKIP,12.2263
2026-08-12 17:11,CRISIL.NS,4507.1,True,False,True,True,False,False,SKIP,124.9342
2026-08-12 17:11,CANFINHOME.NS,821.95,False,False,True,True,False,False,SKIP,20.1422
2026-08-12 17:11,CANBK.NS,132.0,True,False,True,True,False,False,SKIP,2.901
2026-08-12 17:11,CANHLIFE.NS,147.6,True,True,True,False,False,False,SKIP,5.3134
2026-08-12 17:11,CAPLIPOINT.NS,2472.4,True,False,True,False,True,True,SKIP,92.4584
2026-08-12 17:11,CGCL.NS,228.75,True,True,True,False,False,False,SKIP,9.5722
2026-08-12 17:11,CARBORUNIV.NS,1154.2,True,False,True,True,True,False,SKIP,42.4505
2026-08-12 17:11,CARTRADE.NS,2714.6,True,True,True,False,False,True,SKIP,118.3701
2026-08-12 17:11,CASTROLIND.NS,188.38,True,True,False,True,True,False,SKIP,2.4307
2026-08-12 17:11,CEATLTD.NS,3723.1,True,False,True,True,False,False,SKIP,107.0708
2026-08-12 17:11,CEMPRO.NS,1261.7,False,True,False,False,False,False,SKIP,67.1415
2026-08-12 17:11,CENTRALBK.NS,31.28,False,False,True,True,False,False,SKIP,0.5738
2026-08-12 17:11,CDSL.NS,1339.0,True,False,True,False,False,False,SKIP,28.0492
2026-08-12 17:11,CHALET.NS,822.2,True,False,True,False,False,False,SKIP,25.0645
2026-08-12 17:11,CHAMBLFERT.NS,442.3,False,False,True,True,False,False,SKIP,9.2281
2026-08-12 17:11,CHENNPETRO.NS,1379.5,True,False,True,True,False,False,SKIP,68.7572
2026-08-12 17:11,CHOICEIN.NS,814.5,True,False,True,False,False,False,SKIP,17.9466
2026-08-12 17:11,CHOLAHLDNG.NS,1550.7,False,False,True,True,False,False,SKIP,57.662
2026-08-12 17:11,CHOLAFIN.NS,1917.6,True,False,True,True,False,False,SKIP,54.5439
2026-08-12 17:11,CIPLA.NS,1463.0,True,False,True,True,False,False,SKIP,26.1937
2026-08-12 17:11,CUB.NS,215.85,True,False,True,False,False,False,SKIP,7.7988
2026-08-12 17:11,CLEAN.NS,804.9,True,False,True,True,False,False,SKIP,24.8652
2026-08-12 17:11,COALINDIA.NS,409.3,False,False,False,True,False,False,SKIP,6.1548
2026-08-12 17:11,COCHINSHIP.NS,1506.0,True,False,True,True,False,False,SKIP,33.879
2026-08-12 17:11,COFORGE.NS,1801.5,True,False,False,True,False,False,SKIP,52.0192
2026-08-12 17:11,COHANCE.NS,444.35,True,False,True,True,False,False,SKIP,18.3896
2026-08-12 17:11,COLPAL.NS,2005.0,False,False,True,False,False,True,SKIP,44.6009
2026-08-12 17:11,CAMS.NS,777.4,True,False,True,False,False,False,SKIP,20.1453
2026-08-12 17:11,CONCORDBIO.NS,1444.7,True,False,True,True,False,False,SKIP,49.9398
2026-08-12 17:11,CONCOR.NS,512.05,True,False,True,False,False,False,SKIP,12.6378
2026-08-12 17:11,COROMANDEL.NS,2073.3,True,False,True,False,False,False,SKIP,50.6779
2026-08-12 17:11,CRAFTSMAN.NS,10511.0,True,True,True,True,False,False,SKIP,327.044
2026-08-12 17:11,CREDITACC.NS,1545.4,True,False,True,False,False,False,SKIP,46.3733
2026-08-12 17:11,CROMPTON.NS,247.85,False,False,True,False,False,True,SKIP,7.8609
2026-08-12 17:11,CUMMINSIND.NS,5365.0,False,False,True,False,False,False,SKIP,135.1155
2026-08-12 17:11,CYIENT.NS,840.5,False,False,True,True,False,False,SKIP,22.8967
2026-08-12 17:11,DCMSHRIRAM.NS,993.7,False,False,False,False,False,True,SKIP,31.0578
2026-08-12 17:11,DLF.NS,661.75,True,False,True,False,False,False,SKIP,17.9793
2026-08-12 17:11,DOMS.NS,2242.0,False,False,True,False,False,False,SKIP,53.6543
2026-08-12 17:11,DABUR.NS,411.25,False,False,False,False,False,True,SKIP,8.1163
2026-08-12 17:11,DALBHARAT.NS,1841.4,True,False,True,False,False,False,SKIP,43.7889
2026-08-12 17:11,DATAPATTNS.NS,4491.0,True,False,True,True,False,False,SKIP,189.0053
2026-08-12 17:11,DEEPAKFERT.NS,1455.7,False,False,False,False,False,True,SKIP,56.8542
2026-08-12 17:11,DEEPAKNTR.NS,1718.4,True,False,True,True,False,False,SKIP,57.1632
2026-08-12 17:11,DELHIVERY.NS,470.25,False,False,True,False,True,False,SKIP,14.7924
2026-08-12 17:11,DEVYANI.NS,140.21,True,True,False,True,False,False,SKIP,5.5101
2026-08-12 17:11,DIVISLAB.NS,8600.0,True,True,False,True,False,False,SKIP,193.5845
2026-08-12 17:11,DIXON.NS,13800.0,True,False,True,False,False,True,SKIP,393.2888
2026-08-12 17:12,LALPATHLAB.NS,1953.3,True,True,False,True,False,False,SKIP,57.1897
2026-08-12 17:12,DRREDDY.NS,1200.0,False,False,True,True,False,False,SKIP,26.3549
2026-08-12 17:12,EIDPARRY.NS,772.5,True,False,True,False,True,False,SKIP,22.8182
2026-08-12 17:12,EIHOTEL.NS,298.5,False,False,False,False,False,True,SKIP,8.6441
2026-08-12 17:12,EICHERMOT.NS,8049.0,True,False,True,True,False,False,SKIP,149.4166
2026-08-12 17:12,ELECON.NS,441.45,False,False,True,True,False,False,SKIP,15.97
2026-08-12 17:12,ELGIEQUIP.NS,575.55,False,False,True,False,True,True,SKIP,15.8197
2026-08-12 17:12,EMAMILTD.NS,397.25,False,False,True,False,False,True,SKIP,10.7366
2026-08-12 17:12,EMCURE.NS,2009.6,True,False,True,True,True,False,SKIP,54.5993
2026-08-12 17:12,EMMVEE.NS,317.2,False,False,True,False,False,True,SKIP,12.223
2026-08-12 17:12,ENDURANCE.NS,3019.7,True,False,False,True,False,False,SKIP,79.5912
2026-08-12 17:12,ENGINERSIN.NS,239.2,True,False,True,True,False,False,SKIP,7.339
2026-08-12 17:12,ERIS.NS,1351.7,False,False,False,False,False,True,SKIP,37.8362
2026-08-12 17:12,ESCORTS.NS,3126.0,True,True,True,True,False,False,SKIP,62.1282
2026-08-12 17:12,ETERNAL.NS,314.05,True,True,True,True,False,False,SKIP,8.86
2026-08-12 17:12,EXIDEIND.NS,490.65,True,True,False,True,False,False,SKIP,15.6855
2026-08-12 17:12,NYKAA.NS,328.05,True,True,True,False,False,False,SKIP,8.1584
2026-08-12 17:12,FEDERALBNK.NS,356.85,True,True,True,False,False,False,SKIP,7.1782
2026-08-12 17:12,FACT.NS,819.55,False,False,True,True,False,False,SKIP,18.9121
2026-08-12 17:12,FINCABLES.NS,1280.05,True,False,False,True,True,False,SKIP,52.2643
2026-08-12 17:12,FSL.NS,274.5,True,False,True,False,False,False,SKIP,14.9642
2026-08-12 17:12,FIVESTAR.NS,554.4,True,False,True,False,False,False,SKIP,16.5206
2026-08-12 17:12,FORCEMOT.NS,19269.0,True,False,True,True,True,False,SKIP,580.0313
2026-08-12 17:12,FORTIS.NS,900.0,False,False,False,False,True,True,SKIP,25.8938
2026-08-12 17:12,GAIL.NS,177.95,True,False,True,True,False,False,SKIP,4.2151
2026-08-12 17:12,GVT&D.NS,4406.5,False,False,True,True,False,False,SKIP,192.8394
2026-08-12 17:12,GMRAIRPORT.NS,104.55,False,False,False,False,True,True,SKIP,2.4095
2026-08-12 17:12,GABRIEL.NS,1476.8,True,True,True,False,False,False,SKIP,65.5536
2026-08-12 17:12,GALLANTT.NS,590.7,False,False,True,True,False,False,SKIP,28.3842
2026-08-12 17:12,GRSE.NS,2576.4,False,False,True,True,False,False,SKIP,63.5859
2026-08-12 17:12,GICRE.NS,355.85,False,False,True,True,False,True,SKIP,5.4958
2026-08-12 17:12,GILLETTE.NS,7589.5,False,False,True,False,False,True,SKIP,135.2633
2026-08-12 17:12,GLAND.NS,2891.2,True,True,False,True,False,False,SKIP,96.0215
2026-08-12 17:12,GLAXO.NS,2620.2,True,False,True,False,False,False,SKIP,64.8758
2026-08-12 17:12,GLENMARK.NS,2290.0,True,False,True,True,False,False,SKIP,53.1193
2026-08-12 17:12,MEDANTA.NS,1393.5,True,True,True,False,False,False,SKIP,42.7328
2026-08-12 17:12,GODIGIT.NS,262.8,False,False,True,True,False,False,SKIP,10.1418
2026-08-12 17:12,GPIL.NS,228.99,False,False,False,False,False,True,SKIP,7.4893
2026-08-12 17:12,GODFRYPHLP.NS,2199.0,True,False,True,True,False,False,SKIP,72.3464
2026-08-12 17:12,GODREJCP.NS,910.0,False,False,False,False,True,True,SKIP,31.8631
2026-08-12 17:12,GODREJIND.NS,1235.2,False,False,True,False,False,True,SKIP,45.5806
2026-08-12 17:12,GODREJPROP.NS,2015.0,True,False,True,False,False,True,SKIP,65.0979
2026-08-12 17:12,GRANULES.NS,864.8,True,False,True,False,False,False,SKIP,26.295
2026-08-12 17:12,GRAPHITE.NS,726.25,True,True,True,True,False,False,SKIP,25.5736
2026-08-12 17:12,GRASIM.NS,3307.8,True,False,True,True,True,False,SKIP,81.5193
2026-08-12 17:12,GRAVITA.NS,1815.1,True,False,True,True,False,False,SKIP,58.1687
2026-08-12 17:12,GESHIP.NS,1281.9,False,False,False,False,False,True,SKIP,51.0898
2026-08-12 17:12,FLUOROCHEM.NS,4565.8,True,False,True,False,True,False,SKIP,151.8398
2026-08-12 17:12,GMDCLTD.NS,603.2,True,False,True,True,True,False,SKIP,18.3533
2026-08-12 17:12,HEG.NS,674.35,True,True,True,True,False,False,SKIP,22.9776
2026-08-12 17:12,HBLENGINE.NS,691.5,False,False,False,False,False,True,SKIP,21.1488
2026-08-12 17:12,HCLTECH.NS,1365.4,True,False,True,False,False,False,SKIP,33.5481
2026-08-12 17:12,HDBFS.NS,688.75,False,False,True,False,False,False,SKIP,16.4814
2026-08-12 17:12,HDFCAMC.NS,2490.0,False,False,False,False,False,True,SKIP,59.3825
2026-08-12 17:12,HDFCBANK.NS,729.0,False,False,False,False,False,True,SKIP,11.6667
2026-08-12 17:12,HDFCLIFE.NS,537.0,False,False,False,False,False,True,SKIP,10.6109
2026-08-12 17:12,HFCL.NS,221.52,True,False,True,True,False,False,SKIP,10.5153
2026-08-12 17:12,HAVELLS.NS,1265.0,True,False,True,True,False,False,SKIP,23.5021
2026-08-12 17:12,HEROMOTOCO.NS,5895.0,True,True,False,True,True,False,SKIP,132.5177
2026-08-12 17:12,HEXT.NS,566.95,True,False,True,False,False,False,SKIP,23.2707
2026-08-12 17:12,HSCL.NS,762.4,True,False,True,False,False,False,SKIP,27.2158
2026-08-12 17:12,HINDALCO.NS,1078.5,True,False,False,True,True,False,SKIP,24.354
2026-08-12 17:12,HAL.NS,4995.0,True,False,False,True,True,False,SKIP,109.331
2026-08-12 17:12,HINDCOPPER.NS,547.7,True,False,True,True,True,False,SKIP,18.48
2026-08-12 17:12,HINDPETRO.NS,390.0,False,False,True,False,True,False,SKIP,8.8908
2026-08-12 17:12,HINDUNILVR.NS,2063.0,False,False,True,False,False,False,SKIP,39.5231
2026-08-12 17:12,HINDZINC.NS,584.6,True,False,True,True,True,False,SKIP,15.5935
2026-08-12 17:12,POWERINDIA.NS,35800.0,True,False,True,True,True,False,SKIP,1310.5478
2026-08-12 17:12,HOMEFIRST.NS,1181.2,True,False,True,False,False,True,SKIP,34.4297
2026-08-12 17:12,HONASA.NS,467.4,True,False,True,True,True,False,SKIP,14.5861
2026-08-12 17:12,HONAUT.NS,37620.0,True,False,True,False,False,True,SKIP,882.2841
2026-08-12 17:12,HUDCO.NS,192.73,False,False,False,False,False,True,SKIP,5.1052
2026-08-12 17:12,HYUNDAI.NS,2240.0,True,True,False,True,False,False,SKIP,52.3359
2026-08-12 17:12,ICICIBANK.NS,1431.7,True,False,True,False,False,False,SKIP,23.9857
2026-08-12 17:12,ICICIGI.NS,1635.0,False,False,True,True,False,False,SKIP,48.4604
2026-08-12 17:12,ICICIAMC.NS,3074.6,False,False,True,True,False,True,SKIP,65.1604
2026-08-12 17:12,ICICIPRULI.NS,506.4,False,False,True,False,False,False,SKIP,11.9005
2026-08-12 17:12,IDBI.NS,82.46,False,False,True,False,False,True,SKIP,1.9794
2026-08-12 17:12,IDFCFIRSTB.NS,85.8,True,True,True,False,False,False,SKIP,1.7033
2026-08-12 17:12,IFCI.NS,73.51,True,False,True,True,False,False,SKIP,2.607
2026-08-12 17:12,IIFL.NS,625.75,True,True,True,True,False,False,SKIP,17.7155
2026-08-12 17:12,IRB.NS,19.33,False,False,False,False,False,True,SKIP,0.3728
2026-08-12 17:12,IRCON.NS,126.18,False,False,False,True,True,True,SKIP,2.8892
2026-08-12 17:12,ITCHOTELS.NS,168.32,True,False,True,True,False,False,SKIP,4.3962
2026-08-12 17:12,ITC.NS,276.15,False,False,False,False,False,True,SKIP,4.5184
2026-08-12 17:12,ITI.NS,283.5,False,False,True,True,False,False,SKIP,7.689
2026-08-12 17:12,INDGN.NS,565.4,True,False,True,True,False,False,SKIP,19.443
2026-08-12 17:12,INDIACEM.NS,385.5,False,False,True,False,False,False,SKIP,10.5466
2026-08-12 17:12,INDIAMART.NS,1784.6,False,False,True,True,False,False,SKIP,45.4023
2026-08-12 17:12,INDIANB.NS,897.0,True,False,True,True,False,False,SKIP,21.5125
2026-08-12 17:12,IEX.NS,125.95,True,False,True,False,False,False,SKIP,3.1779
2026-08-12 17:12,INDHOTEL.NS,724.0,True,False,True,False,False,True,SKIP,13.9096
2026-08-12 17:12,IOC.NS,140.6,False,False,True,False,False,False,SKIP,2.6958
2026-08-12 17:12,IOB.NS,33.84,False,False,True,False,False,True,SKIP,0.6957
2026-08-12 17:12,IRCTC.NS,513.55,True,False,True,True,False,False,SKIP,9.3381
2026-08-12 17:12,IRFC.NS,88.26,False,False,True,True,False,False,SKIP,1.3935
2026-08-12 17:12,IREDA.NS,117.8,False,False,False,False,False,True,SKIP,2.422
2026-08-12 17:12,IGL.NS,154.54,False,False,True,True,False,False,SKIP,2.9683
2026-08-12 17:12,INDUSTOWER.NS,383.4,False,False,True,True,True,False,SKIP,9.7011
2026-08-12 17:12,INDUSINDBK.NS,1017.5,True,False,True,False,False,False,SKIP,22.4656
2026-08-12 17:12,NAUKRI.NS,1339.0,True,True,False,True,False,False,SKIP,41.633
2026-08-12 17:12,INFY.NS,1176.1,True,False,True,True,False,False,SKIP,30.145
2026-08-12 17:12,INOXWIND.NS,74.0,False,False,False,True,False,True,SKIP,2.4113
2026-08-12 17:12,INTELLECT.NS,703.25,False,False,True,False,False,True,SKIP,25.8761
2026-08-12 17:12,INDIGO.NS,5333.0,True,False,True,False,False,False,SKIP,125.4163
2026-08-12 17:12,IGIL.NS,343.25,False,False,True,True,False,False,SKIP,12.3758
2026-08-12 17:12,IKS.NS,1785.6,True,False,True,False,False,False,SKIP,60.8946
2026-08-12 17:12,IPCALAB.NS,1766.6,True,False,True,False,False,False,SKIP,56.8296
2026-08-12 17:12,JKCEMENT.NS,5393.5,False,False,True,False,False,False,SKIP,137.7277
2026-08-12 17:12,JBMA.NS,627.35,False,False,False,False,True,True,SKIP,17.4167
2026-08-12 17:12,JKTYRE.NS,386.5,False,False,True,False,False,True,SKIP,11.8698
2026-08-12 17:12,JMFINANCIL.NS,129.67,True,False,True,True,False,False,SKIP,4.0028
2026-08-12 17:12,JSWCEMENT.NS,130.55,False,False,True,False,False,True,SKIP,3.1287
2026-08-12 17:12,JSWDULUX.NS,3099.4,True,False,True,True,True,False,SKIP,98.3311
2026-08-12 17:12,JSWENERGY.NS,558.75,True,False,True,True,False,False,SKIP,13.3056
2026-08-12 17:12,JSWINFRA.NS,346.6,True,False,True,True,True,False,SKIP,10.9841
2026-08-12 17:12,JSWSTEEL.NS,1269.1,True,False,True,True,False,False,SKIP,25.7249
2026-08-12 17:12,JAINREC.NS,303.0,False,False,False,False,False,True,SKIP,14.621
2026-08-12 17:12,JPPOWER.NS,17.73,False,False,True,True,False,False,SKIP,0.5576
2026-08-12 17:12,J&KBANK.NS,157.48,False,False,True,False,False,False,SKIP,6.9485
2026-08-12 17:12,JINDALSAW.NS,269.55,True,False,True,True,False,False,SKIP,8.8771
2026-08-12 17:12,JSL.NS,737.9,True,False,True,False,False,False,SKIP,17.3109
2026-08-12 17:12,JINDALSTEL.NS,1112.0,True,False,True,True,False,False,SKIP,25.0843
2026-08-12 17:12,JIOFIN.NS,256.05,True,False,True,True,False,False,SKIP,6.0401
2026-08-12 17:12,JUBLFOOD.NS,484.7,True,False,True,True,False,False,SKIP,13.8218
2026-08-12 17:12,JUBLINGREA.NS,716.2,True,False,True,False,False,True,SKIP,26.061
2026-08-12 17:12,JUBLPHARMA.NS,890.6,False,False,False,False,True,True,SKIP,35.3845
2026-08-12 17:12,JWL.NS,259.05,False,False,True,True,False,False,SKIP,7.3359
2026-08-12 17:12,JYOTICNC.NS,818.85,True,True,True,False,False,False,SKIP,33.8311
2026-08-12 17:12,KPRMILL.NS,1088.7,True,False,True,True,False,False,SKIP,38.2845
2026-08-12 17:12,KEI.NS,5754.0,True,False,False,True,False,False,SKIP,150.4854
2026-08-12 17:12,KPITTECH.NS,609.2,False,False,True,True,False,False,SKIP,21.6813
2026-08-12 17:12,KAJARIACER.NS,1252.2,True,False,True,False,True,False,SKIP,33.2218
2026-08-12 17:12,KPIL.NS,1396.8,True,False,True,True,True,False,SKIP,42.4043
2026-08-12 17:12,KALYANKJIL.NS,596.7,True,False,True,False,False,False,SKIP,25.645
2026-08-12 17:12,KARURVYSYA.NS,338.8,True,False,True,False,False,False,SKIP,9.1257
2026-08-12 17:12,KAYNES.NS,3828.0,True,False,True,True,False,False,SKIP,146.2386
2026-08-12 17:12,KEC.NS,441.8,False,False,False,False,True,True,SKIP,13.2009
2026-08-12 17:12,KFINTECH.NS,922.0,True,False,True,False,False,False,SKIP,25.6467
2026-08-12 17:12,KIRLOSENG.NS,2053.4,False,False,False,False,False,True,SKIP,106.6453
2026-08-12 17:12,KOTAKBANK.NS,390.5,True,False,True,True,False,False,SKIP,7.2525
2026-08-12 17:12,KIMS.NS,803.95,True,False,True,True,False,False,SKIP,20.7134
2026-08-12 17:12,LTF.NS,317.2,True,False,True,False,False,False,SKIP,8.8989
2026-08-12 17:12,LTTS.NS,3578.9,True,False,True,True,False,False,SKIP,110.6697
2026-08-12 17:12,LGEINDIA.NS,1578.8,True,False,True,True,False,False,SKIP,33.9513
2026-08-12 17:12,LICHSGFIN.NS,508.0,False,False,False,False,False,True,SKIP,10.3683
2026-08-12 17:12,LTFOODS.NS,426.7,True,False,True,True,False,False,SKIP,11.3836
2026-08-12 17:12,LTM.NS,4762.1,True,False,True,True,False,False,SKIP,141.9693
2026-08-12 17:12,LT.NS,4020.0,True,False,True,True,True,False,SKIP,62.0278
2026-08-12 17:12,LATENTVIEW.NS,290.05,False,False,True,False,False,True,SKIP,10.1495
2026-08-12 17:12,LAURUSLABS.NS,1850.0,True,True,False,True,False,False,SKIP,38.8344
2026-08-12 17:12,THELEELA.NS,499.75,True,False,True,True,False,False,SKIP,18.4195
2026-08-12 17:12,LEMONTREE.NS,109.16,False,False,True,False,False,True,SKIP,2.7522
2026-08-12 17:12,LENSKART.NS,586.45,True,True,True,True,True,False,TAKE,14.5014
2026-08-12 17:12,LICI.NS,417.0,True,False,True,False,True,False,SKIP,10.3462
2026-08-12 17:12,LINDEINDIA.NS,6777.5,False,False,True,True,True,True,SKIP,195.9885
2026-08-12 17:12,LLOYDSME.NS,1893.6,True,True,True,False,True,False,SKIP,67.9854
2026-08-12 17:12,LODHA.NS,1209.0,True,True,True,False,False,False,SKIP,41.4346
2026-08-12 17:12,LUPIN.NS,2281.0,False,False,False,False,False,True,SKIP,56.5009
2026-08-12 17:12,MMTC.NS,64.43,False,False,True,True,True,False,SKIP,1.8436
2026-08-12 17:12,MRF.NS,130785.0,False,False,True,False,False,True,SKIP,2161.0174
2026-08-12 17:12,MGL.NS,1118.5,True,False,True,True,False,False,SKIP,30.0125
2026-08-12 17:12,M&MFIN.NS,395.85,True,True,True,True,False,False,SKIP,15.7311
2026-08-12 17:12,M&M.NS,3403.6,True,False,True,True,False,False,SKIP,76.9455
2026-08-12 17:12,MANAPPURAM.NS,352.6,True,False,True,False,True,False,SKIP,11.7595
2026-08-12 17:12,MRPL.NS,175.38,True,False,True,True,False,False,SKIP,7.88
2026-08-12 17:12,MANKIND.NS,2433.1,False,False,True,False,True,True,SKIP,60.2503
2026-08-12 17:12,MARICO.NS,855.0,True,False,True,False,False,False,SKIP,17.2586
2026-08-12 17:12,MARUTI.NS,13875.0,True,False,True,True,False,False,SKIP,263.3115
2026-08-12 17:12,MFSL.NS,1516.0,False,False,True,True,False,False,SKIP,38.7336
2026-08-12 17:12,MAXHEALTH.NS,1007.5,False,False,False,False,True,True,SKIP,27.0542
2026-08-12 17:12,MAZDOCK.NS,2552.0,True,False,True,True,False,False,SKIP,63.7912
2026-08-12 17:12,MEESHO.NS,191.89,True,False,True,True,False,False,SKIP,6.5328
2026-08-12 17:12,MINDACORP.NS,736.3,True,False,True,True,True,False,SKIP,22.6314
2026-08-12 17:12,MSUMI.NS,41.04,True,False,True,False,False,False,SKIP,1.1161
2026-08-12 17:12,MOTILALOFS.NS,901.0,True,False,True,True,False,False,SKIP,25.4563
2026-08-12 17:12,MPHASIS.NS,2537.6,True,False,True,True,False,False,SKIP,78.0376
2026-08-12 17:12,MCX.NS,2970.1,True,False,True,True,True,False,SKIP,93.2144
2026-08-12 17:12,MUTHOOTFIN.NS,2876.3,False,False,False,False,False,False,SKIP,89.3417
2026-08-12 17:12,NATCOPHARM.NS,915.3,False,False,True,False,False,True,SKIP,22.6543
2026-08-12 17:12,NBCC.NS,92.17,False,False,False,True,True,True,SKIP,2.1692
2026-08-12 17:12,NCC.NS,143.41,False,False,True,True,False,False,SKIP,3.5663
2026-08-12 17:12,NHPC.NS,76.85,False,False,True,False,False,True,SKIP,1.6258
2026-08-12 17:12,NLCINDIA.NS,276.75,False,False,False,False,True,True,SKIP,9.2501
2026-08-12 17:12,NMDC.NS,85.9,True,False,True,True,False,False,SKIP,1.6903
2026-08-12 17:12,NSLNISP.NS,44.0,True,False,True,True,False,False,SKIP,1.0376
2026-08-12 17:12,NTPCGREEN.NS,92.46,False,False,True,True,False,False,SKIP,1.9365
2026-08-12 17:12,NTPC.NS,339.45,False,False,True,False,False,True,SKIP,6.0678
2026-08-12 17:12,NH.NS,1831.3,False,False,False,False,False,True,SKIP,48.8552
2026-08-12 17:12,NATIONALUM.NS,420.0,True,False,False,True,True,False,SKIP,11.9329
2026-08-12 17:12,NAVA.NS,589.2,True,False,True,True,True,False,SKIP,17.3291
2026-08-12 17:12,NAVINFLUOR.NS,8356.5,True,False,True,True,False,False,SKIP,276.3097
2026-08-12 17:12,NESTLEIND.NS,1507.0,True,False,True,False,False,False,SKIP,34.8233
2026-08-12 17:12,NETWEB.NS,4837.4,True,False,True,True,False,False,SKIP,189.5844
2026-08-12 17:12,NEULANDLAB.NS,22510.0,True,True,True,True,False,False,SKIP,849.9823
2026-08-12 17:12,NEWGEN.NS,535.2,True,False,True,False,False,False,SKIP,26.3804
2026-08-12 17:12,NAM-INDIA.NS,1182.3,True,False,True,True,False,False,SKIP,31.8157
2026-08-12 17:12,NIVABUPA.NS,84.09,False,False,True,False,False,True,SKIP,2.0316
2026-08-12 17:12,NUVAMA.NS,1696.7,False,False,True,False,False,False,SKIP,71.1828
2026-08-12 17:12,NUVOCO.NS,333.9,False,False,True,False,False,True,SKIP,11.9352
2026-08-12 17:12,OBEROIRLTY.NS,1799.9,True,False,True,False,False,True,SKIP,43.621
2026-08-12 17:12,ONGC.NS,239.05,False,False,True,False,False,True,SKIP,4.3062
2026-08-12 17:12,OIL.NS,472.0,True,False,True,True,False,False,SKIP,12.7776
2026-08-12 17:12,OLAELEC.NS,39.86,True,False,True,True,False,False,SKIP,1.6144
2026-08-12 17:12,OLECTRA.NS,1383.6,True,False,True,True,False,False,SKIP,36.8383
2026-08-12 17:12,PAYTM.NS,1610.0,True,True,False,True,False,False,SKIP,52.1
2026-08-12 17:12,ONESOURCE.NS,1539.2,False,False,False,False,False,True,SKIP,66.8694
2026-08-12 17:12,OFSS.NS,11679.0,True,False,True,True,False,False,SKIP,377.5723
2026-08-12 17:12,POLICYBZR.NS,1739.0,True,False,True,True,False,False,SKIP,53.1714
2026-08-12 17:12,PCBL.NS,316.45,True,False,True,False,False,False,SKIP,13.257
2026-08-12 17:12,PGEL.NS,614.65,True,False,True,False,False,False,SKIP,21.2903
2026-08-12 17:12,PIIND.NS,2483.0,False,False,False,False,True,True,SKIP,72.6999
2026-08-12 17:12,PNBHOUSING.NS,1157.6,True,False,True,True,False,False,SKIP,35.153
2026-08-12 17:12,PTCIL.NS,18895.0,True,False,True,True,False,False,SKIP,492.6538
2026-08-12 17:12,PVRINOX.NS,1189.5,True,True,False,True,False,False,SKIP,37.3471
2026-08-12 17:12,PAGEIND.NS,38295.0,False,False,False,False,False,True,SKIP,931.6424
2026-08-12 17:12,PARADEEP.NS,147.18,True,False,True,True,False,False,SKIP,5.4093
2026-08-12 17:12,PATANJALI.NS,352.6,False,True,False,True,False,False,SKIP,10.7777
2026-08-12 17:12,PERSISTENT.NS,5474.0,True,False,True,True,False,False,SKIP,157.7349
2026-08-12 17:12,PETRONET.NS,279.85,True,False,True,True,False,False,SKIP,5.8295
2026-08-12 17:12,PFIZER.NS,5017.6,True,False,False,True,True,False,SKIP,105.4642
2026-08-12 17:12,PHOENIXLTD.NS,1905.0,False,False,True,False,False,True,SKIP,49.7721
2026-08-12 17:12,PWL.NS,123.9,False,False,True,False,False,True,SKIP,5.6646
2026-08-12 17:12,PIDILITIND.NS,1701.5,True,False,True,True,True,False,SKIP,32.7904
2026-08-12 17:12,PINELABS.NS,169.93,True,False,True,True,False,False,SKIP,7.5302
2026-08-12 17:12,PIRAMALFIN.NS,2073.3,True,False,True,False,False,False,SKIP,62.8949
2026-08-12 17:12,PPLPHARMA.NS,210.24,True,True,False,True,False,False,SKIP,7.4532
2026-08-12 17:12,POLYMED.NS,1869.4,True,False,False,True,True,False,SKIP,64.9503
2026-08-12 17:12,POLYCAB.NS,9289.0,True,False,True,True,False,False,SKIP,204.8702
2026-08-12 17:12,POONAWALLA.NS,484.1,True,False,True,False,False,False,SKIP,14.83
2026-08-12 17:12,PFC.NS,376.5,False,False,False,False,True,True,SKIP,9.7769
2026-08-12 17:12,POWERGRID.NS,269.45,False,False,False,False,False,True,SKIP,5.1699
2026-08-12 17:12,PREMIERENE.NS,1026.1,False,False,True,True,False,False,SKIP,31.5619
2026-08-12 17:12,PRESTIGE.NS,1590.7,True,False,True,False,False,True,SKIP,53.8701
2026-08-12 17:12,PFOCUS.NS,268.0,False,True,True,False,False,True,SKIP,13.9583
2026-08-12 17:12,PNB.NS,118.98,True,False,False,True,True,False,SKIP,2.2227
2026-08-12 17:12,RRKABEL.NS,2789.6,True,True,False,True,False,False,SKIP,100.8001
2026-08-12 17:12,RBLBANK.NS,389.8,True,False,True,True,False,False,SKIP,8.6674
2026-08-12 17:12,RECLTD.NS,346.0,False,False,False,False,True,True,SKIP,8.4104
2026-08-12 17:12,RHIM.NS,385.9,False,False,True,False,True,True,SKIP,16.4986
2026-08-12 17:12,RITES.NS,223.55,True,False,True,True,False,False,SKIP,6.6764
2026-08-12 17:12,RADICO.NS,4533.0,True,True,False,True,False,False,SKIP,105.2866
2026-08-12 17:12,RVNL.NS,230.0,False,False,True,True,True,False,SKIP,5.3192
2026-08-12 17:12,RAILTEL.NS,285.8,False,False,False,True,False,True,SKIP,6.7513
2026-08-12 17:12,RAINBOW.NS,1482.0,True,False,True,False,False,False,SKIP,40.7474
2026-08-12 17:12,RKFORGE.NS,743.3,True,True,False,True,False,False,SKIP,24.6751
2026-08-12 17:12,REDINGTON.NS,339.4,True,True,True,True,False,False,SKIP,14.6304
2026-08-12 17:12,RELIANCE.NS,1329.0,True,False,True,True,False,False,SKIP,22.1673
2026-08-12 17:12,RPOWER.NS,23.38,False,False,False,True,False,True,SKIP,0.7259
2026-08-12 17:12,SBFC.NS,94.01,True,False,True,True,True,False,SKIP,2.1084
2026-08-12 17:12,SBICARD.NS,656.6,True,False,True,False,False,False,SKIP,14.5856
2026-08-12 17:12,SBILIFE.NS,1830.0,False,False,True,False,False,True,SKIP,37.1704
2026-08-12 17:12,SJVN.NS,67.11,False,False,False,True,False,True,SKIP,1.1815
2026-08-12 17:12,SRF.NS,2585.0,False,False,False,False,False,True,SKIP,62.0536
2026-08-12 17:12,SAGILITY.NS,43.31,True,False,True,False,False,False,SKIP,1.3988
2026-08-12 17:12,SAILIFE.NS,1463.6,True,False,False,True,False,False,SKIP,46.6003
2026-08-12 17:12,SAMMAANCAP.NS,160.79,False,False,True,True,False,False,SKIP,4.7829
2026-08-12 17:12,MOTHERSON.NS,169.5,True,False,False,True,False,False,SKIP,4.8926
2026-08-12 17:12,SAPPHIRE.NS,231.74,True,False,False,True,False,False,SKIP,10.8431
2026-08-12 17:12,SARDAEN.NS,489.45,False,False,False,False,False,True,SKIP,13.1267
2026-08-12 17:12,SAREGAMA.NS,516.05,True,False,True,False,False,False,SKIP,23.6865
2026-08-12 17:12,SCHAEFFLER.NS,4125.8,True,False,True,True,False,False,SKIP,104.7349
2026-08-12 17:12,SCHNEIDER.NS,1431.9,True,False,True,True,True,False,SKIP,58.579
2026-08-12 17:12,SCI.NS,298.8,True,False,True,True,False,False,SKIP,9.934
2026-08-12 17:12,SHREECEM.NS,25570.0,False,False,True,False,False,True,SKIP,571.1517
2026-08-12 17:12,SHRIRAMFIN.NS,1117.2,True,False,True,True,False,False,SKIP,28.9288
2026-08-12 17:12,SHYAMMETL.NS,986.6,True,False,True,False,False,True,SKIP,26.6243
2026-08-12 17:12,ENRIN.NS,3562.1,True,False,True,True,False,False,SKIP,139.6629
2026-08-12 17:12,SIEMENS.NS,4019.0,True,False,False,True,True,False,SKIP,108.4482
2026-08-12 17:12,SIGNATURE.NS,807.95,True,False,True,True,False,False,SKIP,26.1558
2026-08-12 17:12,SOBHA.NS,1333.7,False,False,False,False,False,True,SKIP,38.8796
2026-08-12 17:12,SOLARINDS.NS,18730.0,True,False,True,True,False,False,SKIP,474.3445
2026-08-12 17:12,SONACOMS.NS,804.5,True,True,False,True,False,False,SKIP,22.9434
2026-08-12 17:12,SONATSOFTW.NS,323.45,True,False,True,True,False,False,SKIP,16.0751
2026-08-12 17:12,STARHEALTH.NS,583.25,True,False,True,False,False,False,SKIP,16.9689
2026-08-12 17:12,SBIN.NS,1082.0,True,False,True,True,True,False,SKIP,21.7705
2026-08-12 17:12,SAIL.NS,174.0,True,False,True,True,False,False,SKIP,5.4221
2026-08-12 17:12,SUMICHEM.NS,547.35,True,False,True,True,False,False,SKIP,20.425
2026-08-12 17:12,SUNPHARMA.NS,1944.0,True,False,True,False,False,True,SKIP,31.8539
2026-08-12 17:12,SUNTV.NS,478.2,False,False,False,False,False,True,SKIP,11.0371
2026-08-12 17:12,SUNDARMFIN.NS,4473.4,False,False,True,False,False,True,SKIP,131.4455
2026-08-12 17:12,SUPREMEIND.NS,3459.9,True,False,True,True,False,False,SKIP,92.9606
2026-08-12 17:12,SPLPETRO.NS,725.65,True,False,True,False,True,False,SKIP,24.4675
2026-08-12 17:12,SUZLON.NS,47.35,False,False,False,False,False,False,SKIP,1.3125
2026-08-12 17:12,SWANCORP.NS,307.7,False,False,True,True,True,True,SKIP,7.0898
2026-08-12 17:12,SWIGGY.NS,279.35,True,False,True,False,False,False,SKIP,11.3225
2026-08-12 17:12,SYNGENE.NS,408.65,False,False,True,True,False,False,SKIP,12.4514
2026-08-12 17:12,SYRMA.NS,1473.3,True,False,True,True,False,False,SKIP,56.3858
2026-08-12 17:12,TBOTEK.NS,1596.6,True,False,True,True,False,False,SKIP,59.1835
2026-08-12 17:12,TVSMOTOR.NS,4375.0,True,True,True,True,False,False,SKIP,97.1119
2026-08-12 17:12,TATACAP.NS,367.05,True,False,True,True,False,False,SKIP,10.3183
2026-08-12 17:12,TATACHEM.NS,673.15,False,False,True,True,True,True,SKIP,17.7196
2026-08-12 17:12,TATACOMM.NS,1736.2,False,True,False,True,False,False,SKIP,52.6655
2026-08-12 17:12,TCS.NS,2349.7,True,False,True,False,True,False,SKIP,70.0151
2026-08-12 17:12,TATACONSUM.NS,1061.9,False,False,True,False,False,True,SKIP,23.947
2026-08-12 17:12,TATAELXSI.NS,3711.9,False,False,True,True,False,False,SKIP,96.5627
2026-08-12 17:12,TATAINVEST.NS,680.65,True,False,True,True,True,False,SKIP,17.8315
2026-08-12 17:12,TMCV.NS,457.05,True,False,True,True,False,False,SKIP,12.4684
2026-08-12 17:12,TMPV.NS,343.0,False,False,True,True,True,False,SKIP,7.8241
2026-08-12 17:12,TATAPOWER.NS,379.45,False,False,True,True,True,False,SKIP,6.0469
2026-08-12 17:12,TATASTEEL.NS,186.2,False,False,True,True,True,False,SKIP,3.8909
2026-08-12 17:12,TATATECH.NS,842.1,True,False,True,True,False,False,SKIP,30.7071
2026-08-12 17:12,TTML.NS,38.17,False,False,False,False,False,True,SKIP,1.1099
2026-08-12 17:13,TECHM.NS,1625.0,True,False,True,False,False,False,SKIP,40.0616
2026-08-12 17:13,TECHNOE.NS,983.05,False,False,True,True,True,True,SKIP,34.461
2026-08-12 17:13,TEGA.NS,1628.1,False,False,True,True,False,False,SKIP,52.5145
2026-08-12 17:13,TEJASNET.NS,527.25,False,False,True,True,False,False,SKIP,20.0017
2026-08-12 17:13,TENNIND.NS,540.65,False,False,True,True,True,True,SKIP,19.2623
2026-08-12 17:13,NIACL.NS,181.09,True,False,True,True,False,False,SKIP,6.479
2026-08-12 17:13,RAMCOCEM.NS,918.55,False,False,True,False,False,True,SKIP,27.0753
2026-08-12 17:13,THERMAX.NS,4083.3,False,True,False,False,False,False,SKIP,175.3756
2026-08-12 17:13,TIMKEN.NS,3235.0,False,False,True,True,False,False,SKIP,90.847
2026-08-12 17:13,TITAGARH.NS,833.55,False,False,True,True,False,False,SKIP,23.2365
2026-08-12 17:13,TITAN.NS,5099.0,True,True,False,True,False,False,SKIP,99.0885
2026-08-12 17:13,TORNTPHARM.NS,4893.0,True,False,True,False,False,False,SKIP,124.0586
2026-08-12 17:13,TORNTPOWER.NS,1319.0,False,False,False,False,False,True,SKIP,32.8365
2026-08-12 17:13,TARIL.NS,292.45,False,False,False,True,False,True,SKIP,9.4662
2026-08-12 17:13,TRAVELFOOD.NS,1390.1,True,False,True,True,False,False,SKIP,47.4123
2026-08-12 17:13,TRENT.NS,2987.0,True,False,True,True,False,False,SKIP,76.4722
2026-08-12 17:13,TRIDENT.NS,24.66,False,False,True,False,False,True,SKIP,0.4876
2026-08-12 17:13,TRITURBINE.NS,586.75,False,False,False,False,False,True,SKIP,22.6356
2026-08-12 17:13,TIINDIA.NS,2839.0,False,False,True,True,True,False,SKIP,83.0887
2026-08-12 17:13,UCOBANK.NS,26.17,False,False,True,False,False,False,SKIP,0.5445
2026-08-12 17:13,UNOMINDA.NS,1232.4,True,False,True,True,False,False,SKIP,31.9136
2026-08-12 17:13,UPL.NS,570.5,False,False,False,False,False,True,SKIP,13.6232
2026-08-12 17:13,UTIAMC.NS,917.1,False,False,True,False,False,False,SKIP,19.689
2026-08-12 17:13,ULTRACEMCO.NS,11891.0,True,False,True,False,False,False,SKIP,213.8915
2026-08-12 17:13,UNIONBANK.NS,187.0,True,False,True,True,True,False,SKIP,4.9971
2026-08-12 17:13,UBL.NS,1388.3,True,False,True,False,False,False,SKIP,31.561
2026-08-12 17:13,UNITDSPR.NS,1535.0,True,True,True,True,False,False,SKIP,30.1243
2026-08-12 17:13,URBANCO.NS,139.05,True,True,True,True,False,False,SKIP,5.2629
2026-08-12 17:13,USHAMART.NS,502.9,True,False,True,False,False,False,SKIP,13.394
2026-08-12 17:13,VTL.NS,591.9,False,False,True,False,False,True,SKIP,19.2534
2026-08-12 17:13,VBL.NS,440.5,False,True,False,True,False,False,SKIP,11.5068
2026-08-12 17:13,VEDL.NS,275.8,False,False,True,True,False,False,SKIP,7.8604
2026-08-12 17:13,VIJAYA.NS,1510.6,True,False,False,True,True,False,SKIP,56.9347
2026-08-12 17:13,VMM.NS,108.0,False,False,True,True,False,True,SKIP,3.0275
2026-08-12 17:13,IDEA.NS,13.5,True,False,True,True,True,False,SKIP,0.3845
2026-08-12 17:13,VOLTAS.NS,1290.0,False,False,True,False,True,True,SKIP,33.106
2026-08-12 17:13,WAAREEENER.NS,2668.0,False,True,False,True,False,False,SKIP,63.816
2026-08-12 17:13,WELCORP.NS,1867.6,True,True,False,True,False,False,SKIP,52.861
2026-08-12 17:13,WELSPUNLIV.NS,165.23,True,False,True,False,True,False,SKIP,5.8467
2026-08-12 17:13,WHIRLPOOL.NS,790.15,False,False,True,True,False,False,SKIP,24.0248
2026-08-12 17:13,WIPRO.NS,183.94,True,False,True,True,False,False,SKIP,3.7512
2026-08-12 17:13,WOCKPHARMA.NS,1847.4,False,False,True,False,False,True,SKIP,72.98
2026-08-12 17:13,YESBANK.NS,22.98,False,False,True,True,False,False,SKIP,0.3776
2026-08-12 17:13,ZFCVINDIA.NS,2613.4,True,True,True,True,False,False,SKIP,78.3664
2026-08-12 17:13,ZEEL.NS,97.52,False,False,True,False,True,False,SKIP,5.1721
2026-08-12 17:13,ZENTEC.NS,1824.3,True,False,True,True,False,False,SKIP,63.3798
2026-08-12 17:13,ZENSARTECH.NS,494.45,True,False,True,False,False,True,SKIP,19.108
2026-08-12 17:13,ZYDUSLIFE.NS,1205.0,True,False,False,True,True,False,SKIP,29.4914
2026-08-12 17:13,ZYDUSWELL.NS,507.55,False,False,False,False,False,True,SKIP,20.8608
2026-08-12 17:13,ECLERX.NS,1810.2,True,False,True,False,False,False,SKIP,89.1972
2026-08-12 22:53,360ONE.NS,,False,False,True,True,False,False,SKIP,32.175
2026-08-12 22:53,3MINDIA.NS,,False,False,True,False,False,False,SKIP,811.272
2026-08-12 22:53,ABB.NS,,False,False,True,True,False,False,SKIP,203.4862
2026-08-12 22:53,ACC.NS,,False,False,True,False,False,False,SKIP,28.7713
2026-08-12 22:53,ACMESOLAR.NS,,False,False,True,False,False,False,SKIP,14.0843
2026-08-12 22:53,AIAENG.NS,,False,False,True,True,True,False,SKIP,136.8447
2026-08-12 22:53,APLAPOLLO.NS,,False,False,True,True,False,False,SKIP,48.0104
2026-08-12 22:53,AUBANK.NS,,False,False,True,True,False,False,SKIP,26.875
2026-08-12 22:53,AWL.NS,,False,False,True,True,False,False,SKIP,5.0067
2026-08-12 22:53,AADHARHFC.NS,,False,False,True,False,False,False,SKIP,14.4363
2026-08-12 22:53,AARTIIND.NS,,False,False,True,True,True,False,SKIP,14.804
2026-08-12 22:53,AAVAS.NS,,False,False,True,False,False,False,SKIP,47.2217
2026-08-12 22:53,ABBOTINDIA.NS,,False,True,True,False,True,False,SKIP,453.0678
2026-08-12 22:53,ACE.NS,,False,False,True,True,False,False,SKIP,41.494
2026-08-12 22:53,ACUTAAS.NS,,False,False,True,False,False,False,SKIP,131.4046
2026-08-12 22:53,ADANIENSOL.NS,,False,False,True,False,False,False,SKIP,47.5965
2026-08-12 22:53,ADANIENT.NS,,False,False,True,False,False,False,SKIP,66.3434
2026-08-12 22:53,ADANIGREEN.NS,,False,False,False,False,False,False,SKIP,43.5859
2026-08-12 22:53,ADANIPORTS.NS,,False,False,False,False,False,False,SKIP,35.6807
2026-08-12 22:53,ADANIPOWER.NS,,False,False,True,True,False,False,SKIP,5.2889
2026-08-12 22:53,ATGL.NS,,False,False,True,True,False,False,SKIP,17.6672
2026-08-12 22:53,ABCAPITAL.NS,,False,False,True,False,False,False,SKIP,11.2381
2026-08-12 22:53,ABFRL.NS,,False,False,True,True,False,False,SKIP,2.3117
2026-08-12 22:53,ABLBL.NS,,False,False,False,False,False,False,SKIP,2.2577
2026-08-12 22:53,ABREL.NS,,False,False,True,False,False,False,SKIP,42.0215
2026-08-12 22:53,ABSLAMC.NS,,False,False,True,True,False,False,SKIP,33.8383
2026-08-12 22:53,CPPLUS.NS,,False,False,True,True,True,False,SKIP,149.2022
2026-08-12 22:53,AEGISLOG.NS,,False,False,True,False,False,False,SKIP,78.2738
2026-08-12 22:53,AEGISVOPAK.NS,,False,False,True,False,False,False,SKIP,14.727
2026-08-12 22:53,AFCONS.NS,,False,False,False,False,True,False,SKIP,10.0141
2026-08-12 22:53,AFFLE.NS,,False,False,True,True,False,False,SKIP,65.3458
2026-08-12 22:53,AJANTPHARM.NS,,False,True,True,True,False,False,SKIP,94.6868
2026-08-12 22:53,ALKEM.NS,,False,False,True,False,False,False,SKIP,124.7786
2026-08-12 22:53,ABDL.NS,,False,False,True,False,True,False,SKIP,23.9836
2026-08-12 22:53,ARE&M.NS,,False,False,True,True,True,False,SKIP,30.9086
2026-08-12 22:53,AMBER.NS,,False,False,False,False,True,False,SKIP,217.9092
2026-08-12 22:53,AMBUJACEM.NS,,False,False,True,False,True,False,SKIP,10.3736
2026-08-12 22:53,ANANDRATHI.NS,,False,False,False,True,True,False,SKIP,48.8737
2026-08-12 22:53,ANANTRAJ.NS,,False,False,True,False,False,False,SKIP,19.8212
2026-08-12 22:53,ANGELONE.NS,,False,False,False,False,False,False,SKIP,9.0034
2026-08-12 22:53,ANTHEM.NS,,False,False,False,True,False,False,SKIP,25.4721
2026-08-12 22:53,ANURAS.NS,,False,True,False,True,False,False,SKIP,20.16
2026-08-12 22:53,APARINDS.NS,,False,False,False,True,True,False,SKIP,660.6479
2026-08-12 22:53,APOLLOHOSP.NS,,False,False,True,False,True,False,SKIP,154.6333
2026-08-12 22:53,APOLLOTYRE.NS,,False,False,True,True,False,False,SKIP,10.673
2026-08-12 22:53,APTUS.NS,,False,False,False,False,True,False,SKIP,8.5975
2026-08-12 22:53,ASAHIINDIA.NS,,False,False,True,True,False,False,SKIP,24.4095
2026-08-12 22:53,ASHOKLEY.NS,,False,False,True,True,False,False,SKIP,4.4472
2026-08-12 22:53,ASIANPAINT.NS,,False,False,True,True,False,False,SKIP,56.0806
2026-08-12 22:53,ASTERDM.NS,,False,False,True,True,False,False,SKIP,27.3551
2026-08-12 22:53,ASTRAL.NS,,False,False,True,True,False,False,SKIP,32.6483
2026-08-12 22:53,ATHERENERG.NS,,False,True,False,True,False,False,SKIP,64.1478
2026-08-12 22:53,ATUL.NS,,False,False,True,True,False,False,SKIP,183.0519
2026-08-12 22:53,AUROPHARMA.NS,,False,False,True,True,False,False,SKIP,41.7756
2026-08-12 22:53,AIIL.NS,,False,True,True,True,False,False,SKIP,22.2872
2026-08-12 22:53,DMART.NS,,False,False,True,True,False,False,SKIP,99.9908
2026-08-12 22:53,AXISBANK.NS,,False,False,False,True,False,False,SKIP,23.3499
2026-08-12 22:53,BEML.NS,,False,False,True,True,True,False,SKIP,63.9615
2026-08-12 22:53,BLS.NS,,False,False,True,True,False,False,SKIP,8.4135
2026-08-12 22:53,BSE.NS,,False,False,True,True,True,False,SKIP,109.1476
2026-08-12 22:53,BAJAJ-AUTO.NS,,False,True,True,True,False,False,SKIP,241.0444
2026-08-12 22:53,BAJFINANCE.NS,,False,False,True,False,False,False,SKIP,30.3081
2026-08-12 22:53,BAJAJFINSV.NS,,False,False,True,True,False,False,SKIP,47.3755
2026-08-12 22:53,BAJAJHLDNG.NS,,False,False,True,True,False,False,SKIP,246.1143
2026-08-12 22:54,BAJAJHFL.NS,,False,False,True,False,False,False,SKIP,1.4778
2026-08-12 22:54,BALKRISIND.NS,,False,False,False,True,False,False,SKIP,89.1824
2026-08-12 22:54,BALRAMCHIN.NS,,False,True,True,True,True,False,SKIP,23.2162
2026-08-12 22:54,BANDHANBNK.NS,,False,False,False,True,False,False,SKIP,6.2772
2026-08-12 22:54,BANKBARODA.NS,,False,False,True,True,False,False,SKIP,5.3265
2026-08-12 22:54,BANKINDIA.NS,,False,False,True,True,False,False,SKIP,3.5589
2026-08-12 22:54,MAHABANK.NS,,False,False,True,True,True,False,SKIP,2.0432
2026-08-12 22:54,BATAINDIA.NS,,False,False,True,True,True,False,SKIP,19.0763
2026-08-12 22:54,BAYERCROP.NS,,False,False,True,False,False,False,SKIP,77.2225
2026-08-12 22:54,BELRISE.NS,,False,False,True,True,True,False,SKIP,6.8828
2026-08-12 22:54,BERGEPAINT.NS,,False,False,True,True,True,False,SKIP,15.6592
2026-08-12 22:54,BDL.NS,,False,False,True,True,True,False,SKIP,32.9934
2026-08-12 22:54,BEL.NS,,False,False,True,True,False,False,SKIP,7.0651
2026-08-12 22:54,BHARATFORG.NS,,False,False,False,False,True,False,SKIP,67.6268
2026-08-12 22:54,BHEL.NS,,False,False,True,False,False,False,SKIP,11.8471
2026-08-12 22:54,BPCL.NS,,False,False,True,False,False,False,SKIP,6.8413
2026-08-12 22:54,BHARTIARTL.NS,,False,False,True,False,True,False,SKIP,33.6528
2026-08-12 22:54,BHARTIHEXA.NS,,False,False,True,False,True,False,SKIP,46.2348
2026-08-12 22:54,BIKAJI.NS,,False,False,False,False,True,False,SKIP,14.3264
2026-08-12 22:54,GROWW.NS,,False,False,True,False,False,False,SKIP,5.6111
2026-08-12 22:54,BIOCON.NS,,False,False,True,False,False,False,SKIP,10.2933
2026-08-12 22:54,BSOFT.NS,,False,False,True,True,False,False,SKIP,11.4093
2026-08-12 22:54,BLUEDART.NS,,False,False,True,True,False,False,SKIP,157.867
2026-08-12 22:54,BLUEJET.NS,,False,True,True,False,False,False,SKIP,23.7761
2026-08-12 22:54,BLUESTARCO.NS,,False,False,False,False,False,False,SKIP,55.5725
2026-08-12 22:54,BBTC.NS,,False,False,True,True,False,False,SKIP,30.0895
2026-08-12 22:54,BOSCHLTD.NS,,False,False,False,True,True,False,SKIP,1070.5143
2026-08-12 22:54,FIRSTCRY.NS,,False,False,True,True,False,False,SKIP,4.9574
2026-08-12 22:54,BRIGADE.NS,,False,False,True,True,False,False,SKIP,19.0912
2026-08-12 22:54,BRITANNIA.NS,,False,False,True,True,False,False,SKIP,109.881
2026-08-12 22:54,MAPMYINDIA.NS,,False,False,True,False,False,False,SKIP,58.6603
2026-08-12 22:54,CCL.NS,,False,False,False,False,False,False,SKIP,32.8057
2026-08-12 22:54,CESC.NS,,False,False,False,True,False,False,SKIP,3.4502
2026-08-12 22:54,CGPOWER.NS,,False,False,True,True,False,False,SKIP,26.2358
2026-08-12 22:54,CIEINDIA.NS,,False,False,False,False,False,False,SKIP,12.2437
2026-08-12 22:54,CRISIL.NS,,False,False,True,True,False,False,SKIP,128.9445
2026-08-12 22:54,CANFINHOME.NS,,False,False,True,False,False,False,SKIP,20.9416
2026-08-12 22:54,CANBK.NS,,False,False,True,True,False,False,SKIP,2.8541
2026-08-12 22:54,CANHLIFE.NS,,False,True,True,False,False,False,SKIP,5.4621
2026-08-12 22:54,CAPLIPOINT.NS,,False,False,True,False,True,False,SKIP,82.6398
2026-08-12 22:54,CGCL.NS,,False,True,True,False,False,False,SKIP,9.4223
2026-08-12 22:54,CARBORUNIV.NS,,False,False,True,True,True,False,SKIP,41.9159
2026-08-12 22:54,CARTRADE.NS,,False,True,True,False,False,False,SKIP,121.0139
2026-08-12 22:54,CASTROLIND.NS,,False,True,False,True,True,False,SKIP,2.2838
2026-08-12 22:54,CEATLTD.NS,,False,False,True,True,False,False,SKIP,110.207
2026-08-12 22:54,CEMPRO.NS,,False,True,False,False,False,False,SKIP,69.8216
2026-08-12 22:54,CENTRALBK.NS,,False,False,True,True,False,False,SKIP,0.5672
2026-08-12 22:54,CDSL.NS,,False,False,True,False,False,False,SKIP,28.6453
2026-08-12 22:54,CHALET.NS,,False,False,True,False,False,False,SKIP,25.8233
2026-08-12 22:54,CHAMBLFERT.NS,,False,False,True,True,False,False,SKIP,9.661
2026-08-12 22:54,CHENNPETRO.NS,,False,False,False,True,False,False,SKIP,68.3616
2026-08-12 22:54,CHOICEIN.NS,,False,False,True,False,False,False,SKIP,17.9925
2026-08-12 22:54,CHOLAHLDNG.NS,,False,False,True,True,False,False,SKIP,45.2283
2026-08-12 22:54,CHOLAFIN.NS,,False,False,True,True,False,False,SKIP,56.4934
2026-08-12 22:54,CIPLA.NS,,False,False,True,True,False,False,SKIP,27.2317
2026-08-12 22:54,CUB.NS,,False,False,True,False,False,False,SKIP,7.9202
2026-08-12 22:54,CLEAN.NS,,False,False,True,True,False,False,SKIP,25.6433
2026-08-12 22:54,COALINDIA.NS,,False,False,False,True,False,False,SKIP,6.2052
2026-08-12 22:54,COCHINSHIP.NS,,False,False,True,True,False,False,SKIP,34.5697
2026-08-12 22:54,COFORGE.NS,,False,False,False,True,False,False,SKIP,53.0438
2026-08-12 22:54,COHANCE.NS,,False,False,True,True,False,False,SKIP,17.8542
2026-08-12 22:54,COLPAL.NS,,False,False,True,False,False,False,SKIP,46.9548
2026-08-12 22:54,CAMS.NS,,False,False,True,True,False,False,SKIP,20.3488
2026-08-12 22:54,CONCORDBIO.NS,,False,False,True,True,False,False,SKIP,51.0429
2026-08-12 22:54,CONCOR.NS,,False,False,True,False,False,False,SKIP,12.5792
2026-08-12 22:54,COROMANDEL.NS,,False,False,True,True,False,False,SKIP,51.9685
2026-08-12 22:54,CRAFTSMAN.NS,,False,True,True,True,False,False,SKIP,319.2012
2026-08-12 22:54,CREDITACC.NS,,False,False,True,False,False,False,SKIP,48.0175
2026-08-12 22:54,CROMPTON.NS,,False,False,False,False,False,False,SKIP,7.9425
2026-08-12 22:54,CUMMINSIND.NS,,False,False,True,False,False,False,SKIP,139.6244
2026-08-12 22:54,CYIENT.NS,,False,False,True,True,False,False,SKIP,22.8426
2026-08-12 22:54,DCMSHRIRAM.NS,,False,False,True,False,False,False,SKIP,31.7545
2026-08-12 22:54,DLF.NS,,False,False,True,False,False,False,SKIP,18.0393
2026-08-12 22:54,DOMS.NS,,False,False,True,False,False,False,SKIP,55.6507
2026-08-12 22:54,DABUR.NS,,False,False,True,False,False,False,SKIP,8.1214
2026-08-12 22:54,DALBHARAT.NS,,False,False,True,False,False,False,SKIP,44.6957
2026-08-12 22:54,DATAPATTNS.NS,,False,False,True,False,False,False,SKIP,191.6595
2026-08-12 22:54,DEEPAKFERT.NS,,False,False,True,False,False,False,SKIP,57.1199
2026-08-12 22:54,DEEPAKNTR.NS,,False,False,True,True,False,False,SKIP,55.8834
2026-08-12 22:54,DELHIVERY.NS,,False,False,True,False,True,False,SKIP,15.2764
2026-08-12 22:54,DEVYANI.NS,,False,True,False,True,False,False,SKIP,5.4886
2026-08-12 22:54,DIVISLAB.NS,,False,True,False,True,False,False,SKIP,192.8987
2026-08-12 22:54,DIXON.NS,,False,False,True,False,False,False,SKIP,391.2341
2026-08-12 22:54,LALPATHLAB.NS,,False,True,False,True,False,False,SKIP,57.8274
2026-08-12 22:54,DRREDDY.NS,,False,False,True,True,False,False,SKIP,27.0899
2026-08-12 22:54,EIDPARRY.NS,,False,False,True,True,True,False,SKIP,22.0465
2026-08-12 22:54,EIHOTEL.NS,,False,False,False,False,False,False,SKIP,8.9398
2026-08-12 22:54,EICHERMOT.NS,,False,False,True,True,False,False,SKIP,152.5256
2026-08-12 22:54,ELECON.NS,,False,False,True,True,False,False,SKIP,16.0369
2026-08-12 22:54,ELGIEQUIP.NS,,False,False,True,True,True,False,SKIP,16.1751
2026-08-12 22:54,EMAMILTD.NS,,False,False,True,False,False,False,SKIP,11.0548
2026-08-12 22:54,EMCURE.NS,,False,False,True,True,True,False,SKIP,55.7454
2026-08-12 22:54,EMMVEE.NS,,False,False,True,False,False,False,SKIP,12.694
2026-08-12 22:54,ENDURANCE.NS,,False,False,False,True,False,False,SKIP,82.2674
2026-08-12 22:54,ENGINERSIN.NS,,False,False,True,True,False,False,SKIP,7.2266
2026-08-12 22:54,ERIS.NS,,False,False,True,False,False,False,SKIP,36.6159
2026-08-12 22:54,ESCORTS.NS,,False,True,True,True,False,False,SKIP,64.3303
2026-08-12 22:54,ETERNAL.NS,,False,True,True,True,False,False,SKIP,9.0531
2026-08-12 22:54,EXIDEIND.NS,,False,True,False,True,False,False,SKIP,15.8997
2026-08-12 22:54,NYKAA.NS,,False,True,True,False,False,False,SKIP,8.2898
2026-08-12 22:54,FEDERALBNK.NS,,False,True,True,False,False,False,SKIP,7.4342
2026-08-12 22:54,FACT.NS,,False,False,True,True,False,False,SKIP,18.9899
2026-08-12 22:54,FINCABLES.NS,,False,False,False,True,True,False,SKIP,43.5038
2026-08-12 22:54,FSL.NS,,False,False,True,False,False,False,SKIP,15.4691
2026-08-12 22:54,FIVESTAR.NS,,False,False,True,False,False,False,SKIP,16.9837
2026-08-12 22:54,FORCEMOT.NS,,False,False,True,True,True,False,SKIP,542.4184
2026-08-12 22:54,FORTIS.NS,,False,False,True,False,True,False,SKIP,23.5087
2026-08-12 22:54,GAIL.NS,,False,False,True,False,False,False,SKIP,4.1816
2026-08-12 22:54,GVT&D.NS,,False,False,True,True,False,False,SKIP,194.2809
2026-08-12 22:54,GMRAIRPORT.NS,,False,False,True,False,True,False,SKIP,2.2764
2026-08-12 22:54,GABRIEL.NS,,False,True,True,False,False,False,SKIP,67.6115
2026-08-12 22:54,GALLANTT.NS,,False,False,True,True,False,False,SKIP,29.5214
2026-08-12 22:54,GRSE.NS,,False,False,True,True,False,False,SKIP,65.6002
2026-08-12 22:54,GICRE.NS,,False,False,True,False,False,False,SKIP,5.4801
2026-08-12 22:54,GILLETTE.NS,,False,False,True,False,False,False,SKIP,139.6297
2026-08-12 22:54,GLAND.NS,,False,True,False,True,False,False,SKIP,96.4924
2026-08-12 22:54,GLAXO.NS,,False,False,True,False,False,False,SKIP,66.374
2026-08-12 22:54,GLENMARK.NS,,False,False,True,True,False,False,SKIP,54.3131
2026-08-12 22:54,MEDANTA.NS,,False,True,True,True,False,False,SKIP,40.8892
2026-08-12 22:54,GODIGIT.NS,,False,False,True,True,False,False,SKIP,10.4181
2026-08-12 22:54,GPIL.NS,,False,False,False,False,False,False,SKIP,7.5547
2026-08-12 22:54,GODFRYPHLP.NS,,False,False,True,True,False,False,SKIP,71.8577
2026-08-12 22:54,GODREJCP.NS,,False,False,False,False,True,False,SKIP,25.2987
2026-08-12 22:54,GODREJIND.NS,,False,False,True,False,False,False,SKIP,42.4791
2026-08-12 22:54,GODREJPROP.NS,,False,False,True,False,False,False,SKIP,65.6439
2026-08-12 22:54,GRANULES.NS,,False,False,True,False,False,False,SKIP,27.1177
2026-08-12 22:54,GRAPHITE.NS,,False,True,True,True,False,False,SKIP,25.9254
2026-08-12 22:54,GRASIM.NS,,False,False,True,True,True,False,SKIP,78.3054
2026-08-12 22:54,GRAVITA.NS,,False,False,True,True,False,False,SKIP,56.2279
2026-08-12 22:54,GESHIP.NS,,False,False,False,False,False,False,SKIP,53.3737
2026-08-12 22:54,FLUOROCHEM.NS,,False,False,True,False,True,False,SKIP,141.5967
2026-08-12 22:54,GMDCLTD.NS,,False,False,True,True,True,False,SKIP,18.4843
2026-08-12 22:54,HEG.NS,,False,True,True,True,False,False,SKIP,23.5605
2026-08-12 22:54,HBLENGINE.NS,,False,False,False,True,False,False,SKIP,21.6525
2026-08-12 22:54,HCLTECH.NS,,False,False,True,True,False,False,SKIP,33.8518
2026-08-12 22:54,HDBFS.NS,,False,False,True,False,False,False,SKIP,16.6569
2026-08-12 22:54,HDFCAMC.NS,,False,False,True,False,False,False,SKIP,61.0503
2026-08-12 22:54,HDFCBANK.NS,,False,False,False,False,False,False,SKIP,11.8987
2026-08-12 22:54,HDFCLIFE.NS,,False,False,False,False,False,False,SKIP,10.9387
2026-08-12 22:54,HFCL.NS,,False,False,True,True,False,False,SKIP,10.6034
2026-08-12 22:54,HAVELLS.NS,,False,False,True,True,False,False,SKIP,23.8331
2026-08-12 22:54,HEROMOTOCO.NS,,False,True,False,True,True,False,SKIP,137.1729
2026-08-12 22:54,HEXT.NS,,False,False,True,False,False,False,SKIP,22.9915
2026-08-12 22:54,HSCL.NS,,False,False,True,False,False,False,SKIP,28.5824
2026-08-12 22:54,HINDALCO.NS,,False,False,True,True,True,False,SKIP,23.2389
2026-08-12 22:54,HAL.NS,,False,False,False,True,True,False,SKIP,98.3873
2026-08-12 22:54,HINDCOPPER.NS,,False,False,True,True,True,False,SKIP,16.8015
2026-08-12 22:54,HINDPETRO.NS,,False,False,True,False,True,False,SKIP,9.0208
2026-08-12 22:54,HINDUNILVR.NS,,False,False,True,False,False,False,SKIP,40.871
2026-08-12 22:54,HINDZINC.NS,,False,False,True,True,True,False,SKIP,15.1545
2026-08-12 22:54,POWERINDIA.NS,,False,False,True,True,True,False,SKIP,1319.4361
2026-08-12 22:54,HOMEFIRST.NS,,False,False,True,False,False,False,SKIP,35.5627
2026-08-12 22:54,HONASA.NS,,False,False,True,True,True,False,SKIP,14.5004
2026-08-12 22:54,HONAUT.NS,,False,False,True,False,False,False,SKIP,898.229
2026-08-12 22:54,HUDCO.NS,,False,False,True,True,False,False,SKIP,5.071
2026-08-12 22:54,HYUNDAI.NS,,False,True,False,True,False,False,SKIP,52.3387
2026-08-12 22:54,ICICIBANK.NS,,False,False,True,False,False,False,SKIP,24.5692
2026-08-12 22:54,ICICIGI.NS,,False,False,True,True,False,False,SKIP,49.9881
2026-08-12 22:54,ICICIAMC.NS,,False,False,False,False,False,False,SKIP,65.3496
2026-08-12 22:54,ICICIPRULI.NS,,False,False,True,False,False,False,SKIP,11.9005
2026-08-12 22:54,IDBI.NS,,False,False,True,False,False,False,SKIP,2.0363
2026-08-12 22:54,IDFCFIRSTB.NS,,False,True,True,False,False,False,SKIP,1.6659
2026-08-12 22:54,IFCI.NS,,False,False,True,True,False,False,SKIP,2.5775
2026-08-12 22:54,IIFL.NS,,False,True,True,True,False,False,SKIP,18.0398
2026-08-12 22:54,IRB.NS,,False,False,False,True,False,False,SKIP,0.3769
2026-08-12 22:54,IRCON.NS,,False,False,True,True,True,False,SKIP,2.8337
2026-08-12 22:54,ITCHOTELS.NS,,False,False,True,True,False,False,SKIP,4.5259
2026-08-12 22:54,ITC.NS,,False,False,True,False,False,False,SKIP,4.5468
2026-08-12 22:54,ITI.NS,,False,False,True,True,False,False,SKIP,7.7305
2026-08-12 22:54,INDGN.NS,,False,False,True,True,False,False,SKIP,19.7925
2026-08-12 22:54,INDIACEM.NS,,False,False,True,False,False,False,SKIP,10.8464
2026-08-12 22:54,INDIAMART.NS,,False,False,True,True,False,False,SKIP,45.364
2026-08-12 22:54,INDIANB.NS,,False,False,True,True,False,False,SKIP,21.2788
2026-08-12 22:54,IEX.NS,,False,False,True,False,False,False,SKIP,3.1693
2026-08-12 22:54,INDHOTEL.NS,,False,False,True,False,False,False,SKIP,14.1373
2026-08-12 22:54,IOC.NS,,False,False,True,True,False,False,SKIP,2.6908
2026-08-12 22:54,IOB.NS,,False,False,True,True,False,False,SKIP,0.6876
2026-08-12 22:54,IRCTC.NS,,False,False,True,True,False,False,SKIP,9.3564
2026-08-12 22:54,IRFC.NS,,False,False,True,True,False,False,SKIP,1.4345
2026-08-12 22:54,IREDA.NS,,False,False,False,True,False,False,SKIP,2.4545
2026-08-12 22:54,IGL.NS,,False,False,True,True,False,False,SKIP,3.0067
2026-08-12 22:54,INDUSTOWER.NS,,False,False,True,False,True,False,SKIP,9.2281
2026-08-12 22:54,INDUSINDBK.NS,,False,False,True,False,False,False,SKIP,22.9475
2026-08-12 22:54,NAUKRI.NS,,False,True,False,True,False,False,SKIP,42.1894
2026-08-12 22:54,INFY.NS,,False,False,True,True,False,False,SKIP,30.3561
2026-08-12 22:54,INOXWIND.NS,,False,False,False,True,False,False,SKIP,2.4975
2026-08-12 22:54,INTELLECT.NS,,False,False,True,False,False,False,SKIP,25.7627
2026-08-12 22:54,INDIGO.NS,,False,False,True,False,False,False,SKIP,126.9868
2026-08-12 22:54,IGIL.NS,,False,False,True,True,False,False,SKIP,12.4008
2026-08-12 22:54,IKS.NS,,False,False,True,False,False,False,SKIP,59.9249
2026-08-12 22:54,IPCALAB.NS,,False,False,True,False,False,False,SKIP,58.0934
2026-08-12 22:54,JKCEMENT.NS,,False,False,True,False,False,False,SKIP,136.8991
2026-08-12 22:54,JBMA.NS,,False,False,False,False,True,False,SKIP,16.6411
2026-08-12 22:54,JKTYRE.NS,,False,False,True,False,False,False,SKIP,12.2098
2026-08-12 22:54,JMFINANCIL.NS,,False,False,True,True,False,False,SKIP,4.0007
2026-08-12 22:54,JSWCEMENT.NS,,False,False,True,False,False,False,SKIP,3.1963
2026-08-12 22:54,JSWDULUX.NS,,False,False,True,True,True,False,SKIP,98.9797
2026-08-12 22:54,JSWENERGY.NS,,False,False,True,True,False,False,SKIP,13.4984
2026-08-12 22:54,JSWINFRA.NS,,False,False,True,True,True,False,SKIP,10.5983
2026-08-12 22:54,JSWSTEEL.NS,,False,False,True,True,False,False,SKIP,26.1114
2026-08-12 22:54,JAINREC.NS,,False,False,False,False,False,False,SKIP,15.0533
2026-08-12 22:54,JPPOWER.NS,,False,False,True,True,False,False,SKIP,0.5782
2026-08-12 22:54,J&KBANK.NS,,False,False,True,False,False,False,SKIP,7.2768
2026-08-12 22:54,JINDALSAW.NS,,False,False,True,True,False,False,SKIP,8.933
2026-08-12 22:54,JSL.NS,,False,False,True,False,False,False,SKIP,16.3578
2026-08-12 22:54,JINDALSTEL.NS,,False,False,True,True,False,False,SKIP,25.5677
2026-08-12 22:54,JIOFIN.NS,,False,False,True,True,False,False,SKIP,5.9624
2026-08-12 22:54,JUBLFOOD.NS,,False,True,True,True,False,False,SKIP,13.9812
2026-08-12 22:54,JUBLINGREA.NS,,False,False,True,False,False,False,SKIP,26.2272
2026-08-12 22:54,JUBLPHARMA.NS,,False,False,True,False,True,False,SKIP,31.4026
2026-08-12 22:54,JWL.NS,,False,False,True,True,False,False,SKIP,7.5233
2026-08-12 22:54,JYOTICNC.NS,,False,True,True,False,False,False,SKIP,34.145
2026-08-12 22:54,KPRMILL.NS,,False,False,True,True,False,False,SKIP,39.768
2026-08-12 22:54,KEI.NS,,False,False,False,True,False,False,SKIP,149.7381
2026-08-12 22:54,KPITTECH.NS,,False,False,True,True,False,False,SKIP,21.8875
2026-08-12 22:54,KAJARIACER.NS,,False,False,True,False,True,False,SKIP,32.1543
2026-08-12 22:54,KPIL.NS,,False,False,True,True,True,False,SKIP,36.4123
2026-08-12 22:54,KALYANKJIL.NS,,False,True,True,False,False,False,SKIP,25.8061
2026-08-12 22:54,KARURVYSYA.NS,,False,False,True,False,False,False,SKIP,9.243
2026-08-12 22:54,KAYNES.NS,,False,False,True,True,False,False,SKIP,145.2184
2026-08-12 22:54,KEC.NS,,False,False,False,True,True,False,SKIP,13.151
2026-08-12 22:54,KFINTECH.NS,,False,False,True,False,False,False,SKIP,25.9311
2026-08-12 22:54,KIRLOSENG.NS,,False,False,True,False,False,False,SKIP,108.595
2026-08-12 22:54,KOTAKBANK.NS,,False,False,True,True,False,False,SKIP,7.2911
2026-08-12 22:54,KIMS.NS,,False,False,True,True,False,False,SKIP,21.1875
2026-08-12 22:54,LTF.NS,,False,False,True,False,False,False,SKIP,9.0104
2026-08-12 22:54,LTTS.NS,,False,False,True,True,False,False,SKIP,111.6135
2026-08-12 22:54,LGEINDIA.NS,,False,False,True,True,False,False,SKIP,34.2245
2026-08-12 22:54,LICHSGFIN.NS,,False,False,False,False,False,False,SKIP,10.5081
2026-08-12 22:54,LTFOODS.NS,,False,False,True,True,False,False,SKIP,11.0978
2026-08-12 22:54,LTM.NS,,False,False,False,True,False,False,SKIP,140.6593
2026-08-12 22:54,LT.NS,,False,False,True,True,True,False,SKIP,62.6376
2026-08-12 22:54,LATENTVIEW.NS,,False,False,True,False,False,False,SKIP,10.2148
2026-08-12 22:54,LAURUSLABS.NS,,False,True,False,True,False,False,SKIP,39.7217
2026-08-12 22:54,THELEELA.NS,,False,False,True,True,False,False,SKIP,17.5825
2026-08-12 22:54,LEMONTREE.NS,,False,False,True,False,False,False,SKIP,2.7631
2026-08-12 22:54,LENSKART.NS,,False,True,False,True,True,False,SKIP,14.69
2026-08-12 22:54,LICI.NS,,False,False,True,False,True,False,SKIP,10.1959
2026-08-12 22:54,LINDEINDIA.NS,,False,False,True,True,True,False,SKIP,190.8722
2026-08-12 22:54,LLOYDSME.NS,,False,True,True,False,True,False,SKIP,64.8535
2026-08-12 22:54,LODHA.NS,,False,True,True,False,False,False,SKIP,42.1142
2026-08-12 22:54,LUPIN.NS,,False,False,False,False,False,False,SKIP,57.901
2026-08-12 22:54,MMTC.NS,,False,False,True,True,True,False,SKIP,1.817
2026-08-12 22:54,MRF.NS,,False,False,True,False,False,False,SKIP,2207.6342
2026-08-12 22:54,MGL.NS,,False,False,True,True,False,False,SKIP,30.475
2026-08-12 22:54,M&MFIN.NS,,False,True,True,True,False,False,SKIP,15.5951
2026-08-12 22:54,M&M.NS,,False,False,True,True,False,False,SKIP,77.6183
2026-08-12 22:54,MANAPPURAM.NS,,False,False,True,False,True,False,SKIP,11.2064
2026-08-12 22:54,MRPL.NS,,False,False,True,True,False,False,SKIP,7.877
2026-08-12 22:54,MANKIND.NS,,False,False,True,False,True,False,SKIP,60.9003
2026-08-12 22:55,MARICO.NS,,False,False,True,False,False,False,SKIP,17.2016
2026-08-12 22:55,MARUTI.NS,,False,False,True,True,False,False,SKIP,268.797
2026-08-12 22:55,MFSL.NS,,False,False,False,True,False,False,SKIP,38.8978
2026-08-12 22:55,MAXHEALTH.NS,,False,False,False,False,True,False,SKIP,26.1737
2026-08-12 22:55,MAZDOCK.NS,,False,False,True,True,False,False,SKIP,62.2367
2026-08-12 22:55,MEESHO.NS,,False,False,True,True,False,False,SKIP,6.7461
2026-08-12 22:55,MINDACORP.NS,,False,False,True,True,True,False,SKIP,22.48
2026-08-12 22:55,MSUMI.NS,,False,False,True,False,False,False,SKIP,1.1527
2026-08-12 22:55,MOTILALOFS.NS,,False,False,True,False,False,False,SKIP,25.2837
2026-08-12 22:55,MPHASIS.NS,,False,False,True,True,False,False,SKIP,78.8021
2026-08-12 22:55,MCX.NS,,False,False,True,True,True,False,SKIP,92.0924
2026-08-12 22:55,MUTHOOTFIN.NS,,False,False,True,False,False,False,SKIP,91.3834
2026-08-12 22:55,NATCOPHARM.NS,,False,False,True,False,False,False,SKIP,23.1547
2026-08-12 22:55,NBCC.NS,,False,False,False,True,True,False,SKIP,2.0868
2026-08-12 22:55,NCC.NS,,False,False,True,True,False,False,SKIP,3.6583
2026-08-12 22:55,NHPC.NS,,False,False,True,False,False,False,SKIP,1.6855
2026-08-12 22:55,NLCINDIA.NS,,False,False,False,True,True,False,SKIP,9.0039
2026-08-12 22:55,NMDC.NS,,False,False,True,True,False,False,SKIP,1.7295
2026-08-12 22:55,NSLNISP.NS,,False,False,True,True,False,False,SKIP,1.0443
2026-08-12 22:55,NTPCGREEN.NS,,False,False,True,True,False,False,SKIP,1.967
2026-08-12 22:55,NTPC.NS,,False,False,False,False,False,False,SKIP,6.073
2026-08-12 22:55,NH.NS,,False,False,False,False,False,False,SKIP,49.5825
2026-08-12 22:55,NATIONALUM.NS,,False,False,True,True,True,False,SKIP,10.22
2026-08-12 22:55,NAVA.NS,,False,False,True,True,True,False,SKIP,16.3737
2026-08-12 22:55,NAVINFLUOR.NS,,False,False,True,True,False,False,SKIP,273.0643
2026-08-12 22:55,NESTLEIND.NS,,False,False,True,True,False,False,SKIP,35.7712
2026-08-12 22:55,NETWEB.NS,,False,False,True,True,False,False,SKIP,192.2524
2026-08-12 22:55,NEULANDLAB.NS,,False,True,False,True,False,False,SKIP,862.9809
2026-08-12 22:55,NEWGEN.NS,,False,False,True,False,False,False,SKIP,26.0904
2026-08-12 22:55,NAM-INDIA.NS,,False,False,True,False,False,False,SKIP,33.0784
2026-08-12 22:55,NIVABUPA.NS,,False,False,True,False,False,False,SKIP,2.0241
2026-08-12 22:55,NUVAMA.NS,,False,False,True,False,False,False,SKIP,72.843
2026-08-12 22:55,NUVOCO.NS,,False,False,True,False,False,False,SKIP,12.2187
2026-08-12 22:55,OBEROIRLTY.NS,,False,False,True,False,False,False,SKIP,44.2533
2026-08-12 22:55,ONGC.NS,,False,False,True,False,False,False,SKIP,4.4313
2026-08-12 22:55,OIL.NS,,False,False,True,True,False,False,SKIP,13.0759
2026-08-12 22:55,OLAELEC.NS,,False,False,True,True,False,False,SKIP,1.6217
2026-08-12 22:55,OLECTRA.NS,,False,False,True,True,False,False,SKIP,37.8489
2026-08-12 22:55,PAYTM.NS,,False,True,False,True,False,False,SKIP,53.6154
2026-08-12 22:55,ONESOURCE.NS,,False,False,True,False,False,False,SKIP,65.8747
2026-08-12 22:55,OFSS.NS,,False,False,True,True,False,False,SKIP,378.3855
2026-08-12 22:55,POLICYBZR.NS,,False,False,True,True,False,False,SKIP,53.5845
2026-08-12 22:55,PCBL.NS,,False,False,True,False,False,False,SKIP,13.4652
2026-08-12 22:55,PGEL.NS,,False,False,True,False,False,False,SKIP,21.655
2026-08-12 22:55,PIIND.NS,,False,False,True,True,True,False,SKIP,57.2922
2026-08-12 22:55,PNBHOUSING.NS,,False,False,True,True,False,False,SKIP,35.8955
2026-08-12 22:55,PTCIL.NS,,False,False,True,True,False,False,SKIP,504.1656
2026-08-12 22:55,PVRINOX.NS,,False,True,True,True,False,False,SKIP,36.8431
2026-08-12 22:55,PAGEIND.NS,,False,False,False,False,False,False,SKIP,932.9226
2026-08-12 22:55,PARADEEP.NS,,False,False,True,True,False,False,SKIP,5.3569
2026-08-12 22:55,PATANJALI.NS,,False,True,False,True,False,False,SKIP,10.726
2026-08-12 22:55,PERSISTENT.NS,,False,False,True,True,False,False,SKIP,158.6375
2026-08-12 22:55,PETRONET.NS,,False,False,True,True,False,False,SKIP,5.901
2026-08-12 22:55,PFIZER.NS,,False,False,True,True,True,False,SKIP,93.7845
2026-08-12 22:55,PHOENIXLTD.NS,,False,False,True,False,False,False,SKIP,50.5238
2026-08-12 22:55,PWL.NS,,False,False,True,False,False,False,SKIP,5.778
2026-08-12 22:55,PIDILITIND.NS,,False,False,True,True,True,False,SKIP,33.582
2026-08-12 22:55,PINELABS.NS,,False,False,True,True,False,False,SKIP,7.6064
2026-08-12 22:55,PIRAMALFIN.NS,,False,False,True,True,False,False,SKIP,63.133
2026-08-12 22:55,PPLPHARMA.NS,,False,True,False,True,False,False,SKIP,7.4142
2026-08-12 22:55,POLYMED.NS,,False,False,True,True,True,False,SKIP,64.7465
2026-08-12 22:55,POLYCAB.NS,,False,False,True,True,False,False,SKIP,205.3602
2026-08-12 22:55,POONAWALLA.NS,,False,False,True,False,False,False,SKIP,15.19
2026-08-12 22:55,PFC.NS,,False,False,False,False,True,False,SKIP,10.0405
2026-08-12 22:55,POWERGRID.NS,,False,False,False,False,False,False,SKIP,5.283
2026-08-12 22:55,PREMIERENE.NS,,False,False,True,True,False,False,SKIP,31.3282
2026-08-12 22:55,PRESTIGE.NS,,False,False,True,False,False,False,SKIP,55.037
2026-08-12 22:55,PFOCUS.NS,,False,True,True,False,False,False,SKIP,13.5012
2026-08-12 22:55,PNB.NS,,False,False,True,True,True,False,SKIP,1.9491
2026-08-12 22:55,RRKABEL.NS,,False,True,False,True,False,False,SKIP,103.1771
2026-08-12 22:55,RBLBANK.NS,,False,False,True,True,False,False,SKIP,8.8918
2026-08-12 22:55,RECLTD.NS,,False,False,False,False,True,False,SKIP,8.4266
2026-08-12 22:55,RHIM.NS,,False,False,True,True,True,False,SKIP,15.0754
2026-08-12 22:55,RITES.NS,,False,False,True,True,False,False,SKIP,6.773
2026-08-12 22:55,RADICO.NS,,False,True,False,True,False,False,SKIP,108.1548
2026-08-12 22:55,RVNL.NS,,False,False,True,True,True,False,SKIP,5.2653
2026-08-12 22:55,RAILTEL.NS,,False,False,True,True,False,False,SKIP,6.986
2026-08-12 22:55,RAINBOW.NS,,False,False,True,False,False,False,SKIP,40.4818
2026-08-12 22:55,RKFORGE.NS,,False,True,False,True,False,False,SKIP,25.0271
2026-08-12 22:55,REDINGTON.NS,,False,True,False,True,False,False,SKIP,14.3558
2026-08-12 22:55,RELIANCE.NS,,False,False,True,True,False,False,SKIP,22.3494
2026-08-12 22:55,RPOWER.NS,,False,False,True,True,False,False,SKIP,0.7432
2026-08-12 22:55,SBFC.NS,,False,False,True,True,True,False,SKIP,2.1721
2026-08-12 22:55,SBICARD.NS,,False,False,True,False,False,False,SKIP,14.7691
2026-08-12 22:55,SBILIFE.NS,,False,False,True,False,False,False,SKIP,38.1604
2026-08-12 22:55,SJVN.NS,,False,False,False,True,False,False,SKIP,1.2331
2026-08-12 22:55,SRF.NS,,False,False,False,False,False,False,SKIP,63.5961
2026-08-12 22:55,SAGILITY.NS,,False,False,True,False,False,False,SKIP,1.4441
2026-08-12 22:55,SAILIFE.NS,,False,False,False,True,False,False,SKIP,47.8234
2026-08-12 22:55,SAMMAANCAP.NS,,False,False,True,True,False,False,SKIP,4.6786
2026-08-12 22:55,MOTHERSON.NS,,False,False,False,True,False,False,SKIP,5.022
2026-08-12 22:55,SAPPHIRE.NS,,False,False,False,True,False,False,SKIP,10.7395
2026-08-12 22:55,SARDAEN.NS,,False,False,True,False,False,False,SKIP,13.2249
2026-08-12 22:55,SAREGAMA.NS,,False,False,True,False,False,False,SKIP,24.3201
2026-08-12 22:55,SCHAEFFLER.NS,,False,False,True,False,False,False,SKIP,106.2991
2026-08-12 22:55,SCHNEIDER.NS,,False,False,True,True,True,False,SKIP,58.4851
2026-08-12 22:55,SCI.NS,,False,False,True,True,False,False,SKIP,10.1135
2026-08-12 22:55,SHREECEM.NS,,False,False,False,False,False,False,SKIP,582.7787
2026-08-12 22:55,SHRIRAMFIN.NS,,False,False,True,True,False,False,SKIP,29.731
2026-08-12 22:55,SHYAMMETL.NS,,False,False,True,False,False,False,SKIP,27.7877
2026-08-12 22:55,ENRIN.NS,,False,False,True,True,False,False,SKIP,140.8677
2026-08-12 22:55,SIEMENS.NS,,False,False,False,True,True,False,SKIP,108.6212
2026-08-12 22:55,SIGNATURE.NS,,False,False,True,True,False,False,SKIP,27.1024
2026-08-12 22:55,SOBHA.NS,,False,False,False,False,False,False,SKIP,39.7165
2026-08-12 22:55,SOLARINDS.NS,,False,False,True,True,False,False,SKIP,490.0633
2026-08-12 22:55,SONACOMS.NS,,False,True,False,True,False,False,SKIP,23.9159
2026-08-12 22:55,SONATSOFTW.NS,,False,False,True,True,False,False,SKIP,16.3386
2026-08-12 22:55,STARHEALTH.NS,,False,False,True,False,False,False,SKIP,17.7319
2026-08-12 22:55,SBIN.NS,,False,False,True,True,True,False,SKIP,21.9452
2026-08-12 22:55,SAIL.NS,,False,False,True,True,False,False,SKIP,5.4746
2026-08-12 22:55,SUMICHEM.NS,,False,False,True,True,False,False,SKIP,20.6731
2026-08-12 22:55,SUNPHARMA.NS,,False,False,True,False,False,False,SKIP,32.8504
2026-08-12 22:55,SUNTV.NS,,False,False,False,False,False,False,SKIP,10.9669
2026-08-12 22:55,SUNDARMFIN.NS,,False,False,True,False,False,False,SKIP,131.8259
2026-08-12 22:55,SUPREMEIND.NS,,False,False,True,True,False,False,SKIP,94.1961
2026-08-12 22:55,SPLPETRO.NS,,False,False,False,False,True,False,SKIP,22.7227
2026-08-12 22:55,SUZLON.NS,,False,False,False,False,False,False,SKIP,1.3673
2026-08-12 22:55,SWANCORP.NS,,False,False,True,True,True,False,SKIP,7.1043
2026-08-12 22:55,SWIGGY.NS,,False,False,True,False,False,False,SKIP,11.7319
2026-08-12 22:55,SYNGENE.NS,,False,False,True,True,False,False,SKIP,12.7938
2026-08-12 22:55,SYRMA.NS,,False,False,True,True,False,False,SKIP,56.9617
2026-08-12 22:55,TBOTEK.NS,,False,False,True,True,False,False,SKIP,59.3514
2026-08-12 22:55,TVSMOTOR.NS,,False,True,False,True,False,False,SKIP,98.3821
2026-08-12 22:55,TATACAP.NS,,False,False,True,True,False,False,SKIP,10.6735
2026-08-12 22:55,TATACHEM.NS,,False,False,False,False,True,False,SKIP,15.5519
2026-08-12 22:55,TATACOMM.NS,,False,True,True,True,False,False,SKIP,53.286
2026-08-12 22:55,TCS.NS,,False,False,True,True,True,False,SKIP,64.1931
2026-08-12 22:55,TATACONSUM.NS,,False,False,True,True,False,False,SKIP,23.966
2026-08-12 22:55,TATAELXSI.NS,,False,False,True,True,False,False,SKIP,95.1521
2026-08-12 22:55,TATAINVEST.NS,,False,False,True,True,True,False,SKIP,16.3185
2026-08-12 22:55,TMCV.NS,,False,False,True,True,False,False,SKIP,12.566
2026-08-12 22:55,TMPV.NS,,False,False,True,True,True,False,SKIP,7.1144
2026-08-12 22:55,TATAPOWER.NS,,False,False,True,True,True,False,SKIP,6.0582
2026-08-12 22:55,TATASTEEL.NS,,False,False,True,True,True,False,SKIP,3.7841
2026-08-12 22:55,TATATECH.NS,,False,False,False,True,False,False,SKIP,30.5654
2026-08-12 22:55,TTML.NS,,False,False,False,True,False,False,SKIP,1.1329
2026-08-12 22:55,TECHM.NS,,False,False,True,False,False,False,SKIP,40.4586
2026-08-12 22:55,TECHNOE.NS,,False,False,True,True,True,False,SKIP,30.7772
2026-08-12 22:55,TEGA.NS,,False,False,True,True,False,False,SKIP,53.331
2026-08-12 22:55,TEJASNET.NS,,False,False,True,True,False,False,SKIP,20.148
2026-08-12 22:55,TENNIND.NS,,False,False,True,True,True,False,SKIP,18.744
2026-08-12 22:55,NIACL.NS,,False,False,True,True,False,False,SKIP,6.3327
2026-08-12 22:55,RAMCOCEM.NS,,False,False,True,True,False,False,SKIP,27.158
2026-08-12 22:55,THERMAX.NS,,False,True,False,False,False,False,SKIP,180.5891
2026-08-12 22:55,TIMKEN.NS,,False,False,True,True,False,False,SKIP,93.7891
2026-08-12 22:55,TITAGARH.NS,,False,False,True,True,False,False,SKIP,23.2585
2026-08-12 22:55,TITAN.NS,,False,True,False,True,False,False,SKIP,96.2492
2026-08-12 22:55,TORNTPHARM.NS,,False,False,True,False,False,False,SKIP,128.2939
2026-08-12 22:55,TORNTPOWER.NS,,False,False,False,False,False,False,SKIP,33.247
2026-08-12 22:55,TARIL.NS,,False,False,False,True,False,False,SKIP,9.6021
2026-08-12 22:55,TRAVELFOOD.NS,,False,False,True,True,False,False,SKIP,49.1363
2026-08-12 22:55,TRENT.NS,,False,False,True,True,False,False,SKIP,78.8085
2026-08-12 22:55,TRIDENT.NS,,False,False,True,False,False,False,SKIP,0.502
2026-08-12 22:55,TRITURBINE.NS,,False,False,True,True,False,False,SKIP,22.8037
2026-08-12 22:55,TIINDIA.NS,,False,False,True,True,True,False,SKIP,82.3416
2026-08-12 22:55,UCOBANK.NS,,False,False,True,False,False,False,SKIP,0.5456
2026-08-12 22:55,UNOMINDA.NS,,False,False,False,True,False,False,SKIP,30.807
2026-08-12 22:55,UPL.NS,,False,False,False,False,False,False,SKIP,13.8635
2026-08-12 22:55,UTIAMC.NS,,False,False,True,False,False,False,SKIP,19.7343
2026-08-12 22:55,ULTRACEMCO.NS,,False,False,True,False,False,False,SKIP,211.8062
2026-08-12 22:55,UNIONBANK.NS,,False,False,True,True,True,False,SKIP,4.9369
2026-08-12 22:55,UBL.NS,,False,False,True,False,False,False,SKIP,32.3349
2026-08-12 22:55,UNITDSPR.NS,,False,True,False,True,False,False,SKIP,30.0877
2026-08-12 22:55,URBANCO.NS,,False,True,True,True,False,False,SKIP,5.3685
2026-08-12 22:55,USHAMART.NS,,False,False,True,True,False,False,SKIP,13.1166
2026-08-12 22:55,VTL.NS,,False,False,True,False,False,False,SKIP,19.7729
2026-08-12 22:55,VBL.NS,,False,True,False,True,False,False,SKIP,11.8919
2026-08-12 22:55,VEDL.NS,,False,False,True,True,False,False,SKIP,7.8497
2026-08-12 22:55,VIJAYA.NS,,False,False,True,True,True,False,SKIP,53.322
2026-08-12 22:55,VMM.NS,,False,False,True,True,False,False,SKIP,2.8334
2026-08-12 22:55,IDEA.NS,,False,False,False,False,True,False,SKIP,0.3479
2026-08-12 22:55,VOLTAS.NS,,False,False,True,False,True,False,SKIP,33.8141
2026-08-12 22:55,WAAREEENER.NS,,False,False,True,True,False,False,SKIP,64.248
2026-08-12 22:55,WELCORP.NS,,False,True,False,True,False,False,SKIP,54.1503
2026-08-12 22:55,WELSPUNLIV.NS,,False,False,True,False,True,False,SKIP,5.7934
2026-08-12 22:55,WHIRLPOOL.NS,,False,False,True,True,False,False,SKIP,24.4959
2026-08-12 22:55,WIPRO.NS,,False,False,True,True,False,False,SKIP,3.8021
2026-08-12 22:55,WOCKPHARMA.NS,,False,False,True,True,False,False,SKIP,72.8246
2026-08-12 22:55,YESBANK.NS,,False,False,True,False,False,False,SKIP,0.379
2026-08-12 22:55,ZFCVINDIA.NS,,False,True,True,True,False,False,SKIP,81.3638
2026-08-12 22:55,ZEEL.NS,,False,False,False,False,True,False,SKIP,4.9092
2026-08-12 22:55,ZENTEC.NS,,False,False,True,True,False,False,SKIP,64.9552
2026-08-12 22:55,ZENSARTECH.NS,,False,False,True,False,False,False,SKIP,19.5625
2026-08-12 22:55,ZYDUSLIFE.NS,,False,False,True,True,True,False,SKIP,27.6061
2026-08-12 22:55,ZYDUSWELL.NS,,False,False,False,False,False,False,SKIP,21.6924
2026-08-12 22:55,ECLERX.NS,,False,False,True,False,False,False,SKIP,92.9355
